genome_id	marker	n_copies	best_score	hit_ids
GCA_000008085.1	Fluc_CrcB	0		
GCA_000008085.1	CLC_F	0		
GCA_000008085.1	FAcD	0		
GCA_000145985.1	Fluc_CrcB	0		
GCA_000145985.1	CLC_F	0		
GCA_000145985.1	FAcD	0		
GCA_000166095.1	Fluc_CrcB	1	136.0	ADP77519.1
GCA_000166095.1	CLC_F	0		
GCA_000166095.1	FAcD	0		
GCA_000200715.1	Fluc_CrcB	0		
GCA_000200715.1	CLC_F	0		
GCA_000200715.1	FAcD	0		
GCA_000204585.1	Fluc_CrcB	1	108.7	EGG41537.1
GCA_000204585.1	CLC_F	0		
GCA_000204585.1	FAcD	0		
GCA_000224475.1	Fluc_CrcB	2	85.3	AEN05871.1;AEN05872.1
GCA_000224475.1	CLC_F	0		
GCA_000224475.1	FAcD	0		
GCA_000230955.3	Fluc_CrcB	2	86.6	AHG04679.1;AHG04680.1
GCA_000230955.3	CLC_F	0		
GCA_000230955.3	FAcD	0		
GCA_000246735.1	Fluc_CrcB	1	108.8	EHR77132.1
GCA_000246735.1	CLC_F	0		
GCA_000246735.1	FAcD	0		
GCA_000247545.1	Fluc_CrcB	0		
GCA_000247545.1	CLC_F	0		
GCA_000247545.1	FAcD	0		
GCA_000270325.1	Fluc_CrcB	0		
GCA_000270325.1	CLC_F	0		
GCA_000270325.1	FAcD	0		
GCA_000306725.1	Fluc_CrcB	1	163.3	AFV24304.1
GCA_000306725.1	CLC_F	1	211.4	AFV23395.1
GCA_000306725.1	FAcD	0		
GCA_000309865.1	Fluc_CrcB	0		
GCA_000309865.1	CLC_F	0		
GCA_000309865.1	FAcD	0		
GCA_000337115.1	Fluc_CrcB	2	101.5	ELZ11763.1;ELZ11764.1
GCA_000337115.1	CLC_F	0		
GCA_000337115.1	FAcD	0		
GCA_000350305.1	Fluc_CrcB	1	102.9	AGI48273.1
GCA_000350305.1	CLC_F	0		
GCA_000350305.1	FAcD	0		
GCA_000387965.1	Fluc_CrcB	0		
GCA_000387965.1	CLC_F	0		
GCA_000387965.1	FAcD	0		
GCA_000402515.1	Fluc_CrcB	0		
GCA_000402515.1	CLC_F	0		
GCA_000402515.1	FAcD	0		
GCA_000495735.1	Fluc_CrcB	0		
GCA_000495735.1	CLC_F	1	198.0	ESQ24181.1
GCA_000495735.1	FAcD	0		
GCA_000496135.1	Fluc_CrcB	0		
GCA_000496135.1	CLC_F	1	228.9	EQB66741.1
GCA_000496135.1	FAcD	0		
GCA_000499765.1	Fluc_CrcB	0		
GCA_000499765.1	CLC_F	0		
GCA_000499765.1	FAcD	0		
GCA_000508305.1	Fluc_CrcB	0		
GCA_000508305.1	CLC_F	0		
GCA_000508305.1	FAcD	0		
GCA_000565255.1	Fluc_CrcB	0		
GCA_000565255.1	CLC_F	0		
GCA_000565255.1	FAcD	0		
GCA_000690595.2	Fluc_CrcB	2	102.5	OAQ53366.1;OAQ53367.1
GCA_000690595.2	CLC_F	0		
GCA_000690595.2	FAcD	0		
GCA_000830275.1	Fluc_CrcB	0		
GCA_000830275.1	CLC_F	0		
GCA_000830275.1	FAcD	0		
GCA_000830295.1	Fluc_CrcB	0		
GCA_000830295.1	CLC_F	0		
GCA_000830295.1	FAcD	0		
GCA_000830315.1	Fluc_CrcB	0		
GCA_000830315.1	CLC_F	0		
GCA_000830315.1	FAcD	0		
GCA_000965745.1	Fluc_CrcB	0		
GCA_000965745.1	CLC_F	0		
GCA_000965745.1	FAcD	0		
GCA_001189275.1	Fluc_CrcB	0		
GCA_001189275.1	CLC_F	1	265.4	AKT34210.1
GCA_001189275.1	FAcD	0		
GCA_001412355.1	Fluc_CrcB	0		
GCA_001412355.1	CLC_F	1	203.5	KQC04364.1
GCA_001412355.1	FAcD	0		
GCA_001437625.1	Fluc_CrcB	1	114.8	KRO30061.1
GCA_001437625.1	CLC_F	0		
GCA_001437625.1	FAcD	0		
GCA_001443365.1	Fluc_CrcB	0		
GCA_001443365.1	CLC_F	0		
GCA_001443365.1	FAcD	0		
GCA_001509375.1	Fluc_CrcB	0		
GCA_001509375.1	CLC_F	2	193.2	KUK44104.1;KUK44676.1
GCA_001509375.1	FAcD	0		
GCA_001515205.2	Fluc_CrcB	0		
GCA_001515205.2	CLC_F	0		
GCA_001515205.2	FAcD	0		
GCA_001516585.1	Fluc_CrcB	0		
GCA_001516585.1	CLC_F	1	229.7	KUO93058.1
GCA_001516585.1	FAcD	0		
GCA_001552015.1	Fluc_CrcB	0		
GCA_001552015.1	CLC_F	0		
GCA_001552015.1	FAcD	0		
GCA_001560915.1	Fluc_CrcB	1	106.6	AMH93983.1
GCA_001560915.1	CLC_F	0		
GCA_001560915.1	FAcD	0		
GCA_001563305.1	Fluc_CrcB	0		
GCA_001563305.1	CLC_F	0		
GCA_001563305.1	FAcD	0		
GCA_001593865.1	Fluc_CrcB	0		
GCA_001593865.1	CLC_F	1	269.1	KYH37039.1
GCA_001593865.1	FAcD	0		
GCA_001593925.1	Fluc_CrcB	0		
GCA_001593925.1	CLC_F	0		
GCA_001593925.1	FAcD	0		
GCA_001593935.1	Fluc_CrcB	0		
GCA_001593935.1	CLC_F	0		
GCA_001593935.1	FAcD	0		
GCA_001714685.2	Fluc_CrcB	2	112.3	OEU41290.1;OEU41291.1
GCA_001714685.2	CLC_F	0		
GCA_001714685.2	FAcD	0		
GCA_001723845.1	Fluc_CrcB	0		
GCA_001723845.1	CLC_F	0		
GCA_001723845.1	FAcD	0		
GCA_001742785.1	Fluc_CrcB	0		
GCA_001742785.1	CLC_F	0		
GCA_001742785.1	FAcD	0		
GCA_001761425.1	Fluc_CrcB	0		
GCA_001761425.1	CLC_F	0		
GCA_001761425.1	FAcD	0		
GCA_001766815.1	Fluc_CrcB	0		
GCA_001766815.1	CLC_F	1	226.7	OFV67865.1
GCA_001766815.1	FAcD	0		
GCA_001766825.1	Fluc_CrcB	0		
GCA_001766825.1	CLC_F	1	236.4	OFV66439.1
GCA_001766825.1	FAcD	0		
GCA_001775995.1	Fluc_CrcB	0		
GCA_001775995.1	CLC_F	0		
GCA_001775995.1	FAcD	0		
GCA_001856825.1	Fluc_CrcB	0		
GCA_001856825.1	CLC_F	1	242.7	EQB66337.1
GCA_001856825.1	FAcD	0		
GCA_001871415.1	Fluc_CrcB	1	113.5	OIO64348.1
GCA_001871415.1	CLC_F	0		
GCA_001871415.1	FAcD	0		
GCA_001871475.1	Fluc_CrcB	0		
GCA_001871475.1	CLC_F	0		
GCA_001871475.1	FAcD	0		
GCA_001871495.1	Fluc_CrcB	0		
GCA_001871495.1	CLC_F	0		
GCA_001871495.1	FAcD	0		
GCA_001871535.1	Fluc_CrcB	0		
GCA_001871535.1	CLC_F	0		
GCA_001871535.1	FAcD	0		
GCA_001871595.1	Fluc_CrcB	0		
GCA_001871595.1	CLC_F	0		
GCA_001871595.1	FAcD	0		
GCA_001873845.1	Fluc_CrcB	0		
GCA_001873845.1	CLC_F	0		
GCA_001873845.1	FAcD	0		
GCA_001914405.1	Fluc_CrcB	0		
GCA_001914405.1	CLC_F	0		
GCA_001914405.1	FAcD	0		
GCA_001940655.1	Fluc_CrcB	0		
GCA_001940655.1	CLC_F	0		
GCA_001940655.1	FAcD	0		
GCA_001940665.2	Fluc_CrcB	1	124.2	WEU40524.1
GCA_001940665.2	CLC_F	1	207.4	WEU40613.1
GCA_001940665.2	FAcD	0		
GCA_002010065.2	Fluc_CrcB	2	88.9	MTMD02000001.1_137;MTMD02000001.1_138
GCA_002010065.2	CLC_F	1	239.7	MTMD02000012.1_14
GCA_002010065.2	FAcD	0		
GCA_002010075.1	Fluc_CrcB	0		
GCA_002010075.1	CLC_F	1	211.8	MTMG01000005.1_6
GCA_002010075.1	FAcD	0		
GCA_002010305.1	Fluc_CrcB	0		
GCA_002010305.1	CLC_F	1	292.9	MTND01000022.1_255
GCA_002010305.1	FAcD	0		
GCA_002011035.2	Fluc_CrcB	0		
GCA_002011035.2	CLC_F	1	227.6	MTLY02000003.1_571
GCA_002011035.2	FAcD	0		
GCA_002011085.2	Fluc_CrcB	0		
GCA_002011085.2	CLC_F	1	209.2	MTMB02000001.1_895
GCA_002011085.2	FAcD	0		
GCA_002011125.2	Fluc_CrcB	0		
GCA_002011125.2	CLC_F	1	238.4	MTMF02000009.1_2019
GCA_002011125.2	FAcD	0		
GCA_002011155.2	Fluc_CrcB	0		
GCA_002011155.2	CLC_F	1	228.9	MTMH02000016.1_138
GCA_002011155.2	FAcD	0		
GCA_002011395.1	Fluc_CrcB	0		
GCA_002011395.1	CLC_F	0		
GCA_002011395.1	FAcD	0		
GCA_002067065.1	Fluc_CrcB	0		
GCA_002067065.1	CLC_F	0		
GCA_002067065.1	FAcD	0		
GCA_002067095.1	Fluc_CrcB	0		
GCA_002067095.1	CLC_F	0		
GCA_002067095.1	FAcD	0		
GCA_002067315.1	Fluc_CrcB	0		
GCA_002067315.1	CLC_F	1	347.2	OPY26751.1
GCA_002067315.1	FAcD	0		
GCA_002067365.1	Fluc_CrcB	0		
GCA_002067365.1	CLC_F	1	265.6	OPY52354.1
GCA_002067365.1	FAcD	0		
GCA_002067705.1	Fluc_CrcB	0		
GCA_002067705.1	CLC_F	1	252.8	OPY48885.1
GCA_002067705.1	FAcD	0		
GCA_002067755.1	Fluc_CrcB	0		
GCA_002067755.1	CLC_F	1	269.0	OPX76076.1
GCA_002067755.1	FAcD	0		
GCA_002067795.1	Fluc_CrcB	0		
GCA_002067795.1	CLC_F	1	198.6	OPX77035.1
GCA_002067795.1	FAcD	0		
GCA_002067865.1	Fluc_CrcB	0		
GCA_002067865.1	CLC_F	0		
GCA_002067865.1	FAcD	0		
GCA_002067895.1	Fluc_CrcB	0		
GCA_002067895.1	CLC_F	0		
GCA_002067895.1	FAcD	0		
GCA_002254415.1	Fluc_CrcB	0		
GCA_002254415.1	CLC_F	0		
GCA_002254415.1	FAcD	0		
GCA_002254545.1	Fluc_CrcB	0		
GCA_002254545.1	CLC_F	0		
GCA_002254545.1	FAcD	0		
GCA_002254595.1	Fluc_CrcB	0		
GCA_002254595.1	CLC_F	1	203.6	OYT61452.1
GCA_002254595.1	FAcD	0		
GCA_002254745.1	Fluc_CrcB	0		
GCA_002254745.1	CLC_F	0		
GCA_002254745.1	FAcD	0		
GCA_002255025.1	Fluc_CrcB	0		
GCA_002255025.1	CLC_F	0		
GCA_002255025.1	FAcD	0		
GCA_002317795.1	Fluc_CrcB	0		
GCA_002317795.1	CLC_F	0		
GCA_002317795.1	FAcD	0		
GCA_002490245.1	Fluc_CrcB	0		
GCA_002490245.1	CLC_F	0		
GCA_002490245.1	FAcD	0		
GCA_002494765.1	Fluc_CrcB	0		
GCA_002494765.1	CLC_F	0		
GCA_002494765.1	FAcD	0		
GCA_002495235.1	Fluc_CrcB	0		
GCA_002495235.1	CLC_F	0		
GCA_002495235.1	FAcD	0		
GCA_002495315.1	Fluc_CrcB	0		
GCA_002495315.1	CLC_F	0		
GCA_002495315.1	FAcD	0		
GCA_002495465.1	Fluc_CrcB	0		
GCA_002495465.1	CLC_F	0		
GCA_002495465.1	FAcD	0		
GCA_002495885.1	Fluc_CrcB	1	122.4	DAHG01000062.1_3
GCA_002495885.1	CLC_F	0		
GCA_002495885.1	FAcD	0		
GCA_002498125.1	Fluc_CrcB	0		
GCA_002498125.1	CLC_F	0		
GCA_002498125.1	FAcD	0		
GCA_002499185.1	Fluc_CrcB	0		
GCA_002499185.1	CLC_F	0		
GCA_002499185.1	FAcD	0		
GCA_002499405.1	Fluc_CrcB	0		
GCA_002499405.1	CLC_F	0		
GCA_002499405.1	FAcD	0		
GCA_002502135.1	Fluc_CrcB	0		
GCA_002502135.1	CLC_F	0		
GCA_002502135.1	FAcD	0		
GCA_002502685.1	Fluc_CrcB	0		
GCA_002502685.1	CLC_F	0		
GCA_002502685.1	FAcD	0		
GCA_002505945.1	Fluc_CrcB	0		
GCA_002505945.1	CLC_F	0		
GCA_002505945.1	FAcD	0		
GCA_002506535.1	Fluc_CrcB	0		
GCA_002506535.1	CLC_F	2	199.0	DAXT01000023.1_34;DAXT01000023.1_35
GCA_002506535.1	FAcD	0		
GCA_002507085.1	Fluc_CrcB	0		
GCA_002507085.1	CLC_F	1	188.6	DAYW01000010.1_111
GCA_002507085.1	FAcD	0		
GCA_002685855.1	Fluc_CrcB	0		
GCA_002685855.1	CLC_F	0		
GCA_002685855.1	FAcD	0		
GCA_002687185.1	Fluc_CrcB	0		
GCA_002687185.1	CLC_F	0		
GCA_002687185.1	FAcD	0		
GCA_002687795.1	Fluc_CrcB	0		
GCA_002687795.1	CLC_F	0		
GCA_002687795.1	FAcD	0		
GCA_002687815.1	Fluc_CrcB	0		
GCA_002687815.1	CLC_F	0		
GCA_002687815.1	FAcD	0		
GCA_002687825.1	Fluc_CrcB	0		
GCA_002687825.1	CLC_F	0		
GCA_002687825.1	FAcD	0		
GCA_002687935.1	Fluc_CrcB	0		
GCA_002687935.1	CLC_F	0		
GCA_002687935.1	FAcD	0		
GCA_002688315.1	Fluc_CrcB	0		
GCA_002688315.1	CLC_F	0		
GCA_002688315.1	FAcD	0		
GCA_002688325.1	Fluc_CrcB	0		
GCA_002688325.1	CLC_F	0		
GCA_002688325.1	FAcD	0		
GCA_002688355.1	Fluc_CrcB	0		
GCA_002688355.1	CLC_F	0		
GCA_002688355.1	FAcD	0		
GCA_002713325.1	Fluc_CrcB	0		
GCA_002713325.1	CLC_F	0		
GCA_002713325.1	FAcD	0		
GCA_002737445.1	Fluc_CrcB	0		
GCA_002737445.1	CLC_F	0		
GCA_002737445.1	FAcD	0		
GCA_002762705.1	Fluc_CrcB	0		
GCA_002762705.1	CLC_F	0		
GCA_002762705.1	FAcD	0		
GCA_002762785.1	Fluc_CrcB	0		
GCA_002762785.1	CLC_F	0		
GCA_002762785.1	FAcD	0		
GCA_002762795.1	Fluc_CrcB	0		
GCA_002762795.1	CLC_F	0		
GCA_002762795.1	FAcD	0		
GCA_002762865.1	Fluc_CrcB	0		
GCA_002762865.1	CLC_F	0		
GCA_002762865.1	FAcD	0		
GCA_002762985.1	Fluc_CrcB	0		
GCA_002762985.1	CLC_F	0		
GCA_002762985.1	FAcD	0		
GCA_002763115.1	Fluc_CrcB	0		
GCA_002763115.1	CLC_F	0		
GCA_002763115.1	FAcD	0		
GCA_002763265.1	Fluc_CrcB	0		
GCA_002763265.1	CLC_F	0		
GCA_002763265.1	FAcD	0		
GCA_002763335.1	Fluc_CrcB	0		
GCA_002763335.1	CLC_F	0		
GCA_002763335.1	FAcD	0		
GCA_002779065.1	Fluc_CrcB	0		
GCA_002779065.1	CLC_F	0		
GCA_002779065.1	FAcD	0		
GCA_002779075.1	Fluc_CrcB	0		
GCA_002779075.1	CLC_F	0		
GCA_002779075.1	FAcD	0		
GCA_002779235.1	Fluc_CrcB	0		
GCA_002779235.1	CLC_F	0		
GCA_002779235.1	FAcD	0		
GCA_002780285.1	Fluc_CrcB	0		
GCA_002780285.1	CLC_F	0		
GCA_002780285.1	FAcD	0		
GCA_002790315.1	Fluc_CrcB	0		
GCA_002790315.1	CLC_F	0		
GCA_002790315.1	FAcD	0		
GCA_002813105.2	Fluc_CrcB	0		
GCA_002813105.2	CLC_F	0		
GCA_002813105.2	FAcD	0		
GCA_002838935.1	Fluc_CrcB	0		
GCA_002838935.1	CLC_F	0		
GCA_002838935.1	FAcD	0		
GCA_002839605.1	Fluc_CrcB	2	96.5	PKL65901.1;PKL65902.1
GCA_002839605.1	CLC_F	0		
GCA_002839605.1	FAcD	0		
GCA_002839645.1	Fluc_CrcB	0		
GCA_002839645.1	CLC_F	0		
GCA_002839645.1	FAcD	0		
GCA_002839675.1	Fluc_CrcB	1	93.7	PKL69303.1
GCA_002839675.1	CLC_F	1	227.1	PKL68481.1
GCA_002839675.1	FAcD	0		
GCA_002839705.1	Fluc_CrcB	0		
GCA_002839705.1	CLC_F	0		
GCA_002839705.1	FAcD	0		
GCA_002844335.1	Fluc_CrcB	2	95.3	AUG48440.1;AUG48441.1
GCA_002844335.1	CLC_F	0		
GCA_002844335.1	FAcD	0		
GCA_002867475.1	Fluc_CrcB	0		
GCA_002867475.1	CLC_F	0		
GCA_002867475.1	FAcD	0		
GCA_002897955.1	Fluc_CrcB	0		
GCA_002897955.1	CLC_F	1	233.8	GBE54881.1
GCA_002897955.1	FAcD	0		
GCA_002898395.1	Fluc_CrcB	0		
GCA_002898395.1	CLC_F	0		
GCA_002898395.1	FAcD	0		
GCA_002923215.1	Fluc_CrcB	0		
GCA_002923215.1	CLC_F	0		
GCA_002923215.1	FAcD	0		
GCA_003009755.1	Fluc_CrcB	1	97.3	PSG97452.1
GCA_003009755.1	CLC_F	0		
GCA_003009755.1	FAcD	0		
GCA_003009795.1	Fluc_CrcB	0		
GCA_003009795.1	CLC_F	0		
GCA_003009795.1	FAcD	0		
GCA_003019535.1	Fluc_CrcB	0		
GCA_003019535.1	CLC_F	2	229.0	PSO01662.1;PSO03227.1
GCA_003019535.1	FAcD	0		
GCA_003021085.1	Fluc_CrcB	2	90.8	PSP77129.1;PSP77130.1
GCA_003021085.1	CLC_F	0		
GCA_003021085.1	FAcD	0		
GCA_003021175.1	Fluc_CrcB	2	99.3	PSP58356.1;PSP58572.1
GCA_003021175.1	CLC_F	0		
GCA_003021175.1	FAcD	0		
GCA_003022865.1	Fluc_CrcB	2	94.4	PSQ38532.1;PSQ38533.1
GCA_003022865.1	CLC_F	0		
GCA_003022865.1	FAcD	0		
GCA_003023195.1	Fluc_CrcB	2	106.4	PSQ19675.1;PSQ19694.1
GCA_003023195.1	CLC_F	0		
GCA_003023195.1	FAcD	0		
GCA_003056285.1	Fluc_CrcB	0		
GCA_003056285.1	CLC_F	1	241.4	PUA31275.1
GCA_003056285.1	FAcD	0		
GCA_003104905.1	Fluc_CrcB	2	100.0	PWB53719.1;PWB53720.1
GCA_003104905.1	CLC_F	0		
GCA_003104905.1	FAcD	0		
GCA_003139855.1	Fluc_CrcB	0		
GCA_003139855.1	CLC_F	1	401.8	PLGY01000041.1_30
GCA_003139855.1	FAcD	0		
GCA_003144275.1	Fluc_CrcB	0		
GCA_003144275.1	CLC_F	0		
GCA_003144275.1	FAcD	0		
GCA_003194445.1	Fluc_CrcB	0		
GCA_003194445.1	CLC_F	2	283.4	PXF59431.1;PXF60701.1
GCA_003194445.1	FAcD	0		
GCA_003230355.1	Fluc_CrcB	0		
GCA_003230355.1	CLC_F	0		
GCA_003230355.1	FAcD	0		
GCA_003331425.1	Fluc_CrcB	1	111.6	RCL32746.1
GCA_003331425.1	CLC_F	0		
GCA_003331425.1	FAcD	0		
GCA_003344655.1	Fluc_CrcB	0		
GCA_003344655.1	CLC_F	0		
GCA_003344655.1	FAcD	0		
GCA_003352285.1	Fluc_CrcB	0		
GCA_003352285.1	CLC_F	0		
GCA_003352285.1	FAcD	0		
GCA_003491285.1	Fluc_CrcB	0		
GCA_003491285.1	CLC_F	0		
GCA_003491285.1	FAcD	0		
GCA_003551125.1	Fluc_CrcB	0		
GCA_003551125.1	CLC_F	0		
GCA_003551125.1	FAcD	0		
GCA_003551675.1	Fluc_CrcB	0		
GCA_003551675.1	CLC_F	2	201.7	PUNG01000033.1_48;PUNG01000076.1_1
GCA_003551675.1	FAcD	0		
GCA_003553825.1	Fluc_CrcB	0		
GCA_003553825.1	CLC_F	0		
GCA_003553825.1	FAcD	0		
GCA_003553905.1	Fluc_CrcB	0		
GCA_003553905.1	CLC_F	0		
GCA_003553905.1	FAcD	0		
GCA_003554845.1	Fluc_CrcB	0		
GCA_003554845.1	CLC_F	0		
GCA_003554845.1	FAcD	0		
GCA_003555395.1	Fluc_CrcB	0		
GCA_003555395.1	CLC_F	0		
GCA_003555395.1	FAcD	0		
GCA_003555465.1	Fluc_CrcB	0		
GCA_003555465.1	CLC_F	0		
GCA_003555465.1	FAcD	0		
GCA_003558235.1	Fluc_CrcB	0		
GCA_003558235.1	CLC_F	0		
GCA_003558235.1	FAcD	0		
GCA_003558335.1	Fluc_CrcB	0		
GCA_003558335.1	CLC_F	1	214.0	PWMA01000032.1_8
GCA_003558335.1	FAcD	0		
GCA_003561665.1	Fluc_CrcB	1	103.8	PWVY01000236.1_2
GCA_003561665.1	CLC_F	0		
GCA_003561665.1	FAcD	0		
GCA_003564925.1	Fluc_CrcB	0		
GCA_003564925.1	CLC_F	0		
GCA_003564925.1	FAcD	0		
GCA_003569705.1	Fluc_CrcB	2	106.2	GBL41463.1;GBL41624.1
GCA_003569705.1	CLC_F	0		
GCA_003569705.1	FAcD	0		
GCA_003584625.1	Fluc_CrcB	0		
GCA_003584625.1	CLC_F	0		
GCA_003584625.1	FAcD	0		
GCA_003599145.1	Fluc_CrcB	0		
GCA_003599145.1	CLC_F	0		
GCA_003599145.1	FAcD	0		
GCA_003601775.1	Fluc_CrcB	0		
GCA_003601775.1	CLC_F	0		
GCA_003601775.1	FAcD	0		
GCA_003648985.1	Fluc_CrcB	0		
GCA_003648985.1	CLC_F	0		
GCA_003648985.1	FAcD	0		
GCA_003649155.1	Fluc_CrcB	0		
GCA_003649155.1	CLC_F	0		
GCA_003649155.1	FAcD	0		
GCA_003649205.1	Fluc_CrcB	0		
GCA_003649205.1	CLC_F	1	246.9	RLE57143.1
GCA_003649205.1	FAcD	0		
GCA_003649235.1	Fluc_CrcB	0		
GCA_003649235.1	CLC_F	2	244.1	RLE61929.1;RLE64066.1
GCA_003649235.1	FAcD	0		
GCA_003649515.1	Fluc_CrcB	0		
GCA_003649515.1	CLC_F	1	226.4	RLF00906.1
GCA_003649515.1	FAcD	0		
GCA_003649665.1	Fluc_CrcB	0		
GCA_003649665.1	CLC_F	1	227.6	RLF16937.1
GCA_003649665.1	FAcD	0		
GCA_003649695.1	Fluc_CrcB	0		
GCA_003649695.1	CLC_F	0		
GCA_003649695.1	FAcD	0		
GCA_003649745.1	Fluc_CrcB	0		
GCA_003649745.1	CLC_F	0		
GCA_003649745.1	FAcD	0		
GCA_003649915.1	Fluc_CrcB	0		
GCA_003649915.1	CLC_F	0		
GCA_003649915.1	FAcD	0		
GCA_003650545.1	Fluc_CrcB	0		
GCA_003650545.1	CLC_F	0		
GCA_003650545.1	FAcD	0		
GCA_003650585.1	Fluc_CrcB	0		
GCA_003650585.1	CLC_F	0		
GCA_003650585.1	FAcD	0		
GCA_003650785.1	Fluc_CrcB	0		
GCA_003650785.1	CLC_F	1	287.7	RLE87496.1
GCA_003650785.1	FAcD	0		
GCA_003650815.1	Fluc_CrcB	0		
GCA_003650815.1	CLC_F	1	258.8	RLE98436.1
GCA_003650815.1	FAcD	0		
GCA_003650925.1	Fluc_CrcB	0		
GCA_003650925.1	CLC_F	3	266.5	RLF22399.1;RLF24901.1;RLF25210.1
GCA_003650925.1	FAcD	0		
GCA_003660555.1	Fluc_CrcB	0		
GCA_003660555.1	CLC_F	1	287.1	RLF89935.1
GCA_003660555.1	FAcD	0		
GCA_003660605.1	Fluc_CrcB	0		
GCA_003660605.1	CLC_F	0		
GCA_003660605.1	FAcD	0		
GCA_003660905.1	Fluc_CrcB	0		
GCA_003660905.1	CLC_F	0		
GCA_003660905.1	FAcD	0		
GCA_003660925.1	Fluc_CrcB	0		
GCA_003660925.1	CLC_F	0		
GCA_003660925.1	FAcD	0		
GCA_003660965.1	Fluc_CrcB	0		
GCA_003660965.1	CLC_F	0		
GCA_003660965.1	FAcD	0		
GCA_003660975.1	Fluc_CrcB	0		
GCA_003660975.1	CLC_F	0		
GCA_003660975.1	FAcD	0		
GCA_003661015.1	Fluc_CrcB	0		
GCA_003661015.1	CLC_F	0		
GCA_003661015.1	FAcD	0		
GCA_003661265.1	Fluc_CrcB	0		
GCA_003661265.1	CLC_F	1	205.4	RLG41687.1
GCA_003661265.1	FAcD	0		
GCA_003661365.1	Fluc_CrcB	0		
GCA_003661365.1	CLC_F	1	201.3	RLG54432.1
GCA_003661365.1	FAcD	0		
GCA_003661385.1	Fluc_CrcB	0		
GCA_003661385.1	CLC_F	2	242.3	RLG50430.1;RLG50431.1
GCA_003661385.1	FAcD	0		
GCA_003661605.2	Fluc_CrcB	0		
GCA_003661605.2	CLC_F	0		
GCA_003661605.2	FAcD	0		
GCA_003661965.1	Fluc_CrcB	0		
GCA_003661965.1	CLC_F	1	222.9	RLG90913.1
GCA_003661965.1	FAcD	0		
GCA_003662485.1	Fluc_CrcB	0		
GCA_003662485.1	CLC_F	1	278.4	RLI25475.1
GCA_003662485.1	FAcD	0		
GCA_003662535.1	Fluc_CrcB	0		
GCA_003662535.1	CLC_F	0		
GCA_003662535.1	FAcD	0		
GCA_003662645.1	Fluc_CrcB	0		
GCA_003662645.1	CLC_F	0		
GCA_003662645.1	FAcD	0		
GCA_003662995.1	Fluc_CrcB	0		
GCA_003662995.1	CLC_F	1	219.0	RLI77464.1
GCA_003662995.1	FAcD	0		
GCA_003663345.1	Fluc_CrcB	0		
GCA_003663345.1	CLC_F	0		
GCA_003663345.1	FAcD	0		
GCA_003663355.1	Fluc_CrcB	0		
GCA_003663355.1	CLC_F	0		
GCA_003663355.1	FAcD	0		
GCA_003663415.1	Fluc_CrcB	0		
GCA_003663415.1	CLC_F	0		
GCA_003663415.1	FAcD	0		
GCA_003663585.1	Fluc_CrcB	0		
GCA_003663585.1	CLC_F	1	187.1	RLF67782.1
GCA_003663585.1	FAcD	0		
GCA_003694805.1	Fluc_CrcB	0		
GCA_003694805.1	CLC_F	0		
GCA_003694805.1	FAcD	0		
GCA_003695045.1	Fluc_CrcB	1	119.1	RMF06840.1
GCA_003695045.1	CLC_F	0		
GCA_003695045.1	FAcD	0		
GCA_003695265.1	Fluc_CrcB	0		
GCA_003695265.1	CLC_F	0		
GCA_003695265.1	FAcD	0		
GCA_003695435.1	Fluc_CrcB	0		
GCA_003695435.1	CLC_F	0		
GCA_003695435.1	FAcD	0		
GCA_003695745.1	Fluc_CrcB	1	113.8	RMF89964.1
GCA_003695745.1	CLC_F	0		
GCA_003695745.1	FAcD	0		
GCA_004028775.1	Fluc_CrcB	0		
GCA_004028775.1	CLC_F	1	205.8	RWX73622.1
GCA_004028775.1	FAcD	0		
GCA_004193545.1	Fluc_CrcB	2	99.3	RZB28655.1;RZB28656.1
GCA_004193545.1	CLC_F	1	267.5	RZB32802.1
GCA_004193545.1	FAcD	0		
GCA_004212075.1	Fluc_CrcB	0		
GCA_004212075.1	CLC_F	0		
GCA_004212075.1	FAcD	0		
GCA_004212085.1	Fluc_CrcB	0		
GCA_004212085.1	CLC_F	0		
GCA_004212085.1	FAcD	0		
GCA_004212095.1	Fluc_CrcB	2	93.2	RZN14300.1;RZN14301.1
GCA_004212095.1	CLC_F	1	275.2	RZN15760.1
GCA_004212095.1	FAcD	0		
GCA_004347865.1	Fluc_CrcB	0		
GCA_004347865.1	CLC_F	0		
GCA_004347865.1	FAcD	0		
GCA_004376295.1	Fluc_CrcB	0		
GCA_004376295.1	CLC_F	0		
GCA_004376295.1	FAcD	0		
GCA_004377185.1	Fluc_CrcB	0		
GCA_004377185.1	CLC_F	0		
GCA_004377185.1	FAcD	0		
GCA_004524535.1	Fluc_CrcB	0		
GCA_004524535.1	CLC_F	0		
GCA_004524535.1	FAcD	0		
GCA_004525545.1	Fluc_CrcB	0		
GCA_004525545.1	CLC_F	1	265.3	TFG56360.1
GCA_004525545.1	FAcD	0		
GCA_005191415.1	Fluc_CrcB	0		
GCA_005191415.1	CLC_F	1	247.8	SUPS01000083.1_6
GCA_005191415.1	FAcD	0		
GCA_005191425.1	Fluc_CrcB	0		
GCA_005191425.1	CLC_F	1	205.6	SUPR01000078.1_13
GCA_005191425.1	FAcD	0		
GCA_005222965.1	Fluc_CrcB	0		
GCA_005222965.1	CLC_F	0		
GCA_005222965.1	FAcD	0		
GCA_005223125.1	Fluc_CrcB	0		
GCA_005223125.1	CLC_F	0		
GCA_005223125.1	FAcD	0		
GCA_005877205.1	Fluc_CrcB	0		
GCA_005877205.1	CLC_F	0		
GCA_005877205.1	FAcD	0		
GCA_005878375.1	Fluc_CrcB	0		
GCA_005878375.1	CLC_F	0		
GCA_005878375.1	FAcD	0		
GCA_005884195.1	Fluc_CrcB	0		
GCA_005884195.1	CLC_F	0		
GCA_005884195.1	FAcD	0		
GCA_005888755.1	Fluc_CrcB	0		
GCA_005888755.1	CLC_F	0		
GCA_005888755.1	FAcD	0		
GCA_005954745.1	Fluc_CrcB	2	101.0	CP040679.1_157;CP040679.1_158
GCA_005954745.1	CLC_F	0		
GCA_005954745.1	FAcD	0		
GCA_006954405.1	Fluc_CrcB	1	89.3	TQS77597.1
GCA_006954405.1	CLC_F	0		
GCA_006954405.1	FAcD	0		
GCA_007116645.1	Fluc_CrcB	0		
GCA_007116645.1	CLC_F	0		
GCA_007116645.1	FAcD	0		
GCA_007117065.1	Fluc_CrcB	0		
GCA_007117065.1	CLC_F	0		
GCA_007117065.1	FAcD	0		
GCA_007117735.1	Fluc_CrcB	0		
GCA_007117735.1	CLC_F	0		
GCA_007117735.1	FAcD	0		
GCA_007118075.1	Fluc_CrcB	2	77.0	SKSH01000191.1_13;SKSH01000191.1_14
GCA_007118075.1	CLC_F	0		
GCA_007118075.1	FAcD	0		
GCA_007118145.1	Fluc_CrcB	2	100.1	SKSD01000001.1_84;SKSD01000001.1_85
GCA_007118145.1	CLC_F	0		
GCA_007118145.1	FAcD	0		
GCA_007118975.1	Fluc_CrcB	0		
GCA_007118975.1	CLC_F	0		
GCA_007118975.1	FAcD	0		
GCA_007122875.1	Fluc_CrcB	2	90.9	SKSS01000080.1_21;SKSS01000080.1_22
GCA_007122875.1	CLC_F	1	226.2	SKSS01000014.1_16
GCA_007122875.1	FAcD	0		
GCA_007123105.1	Fluc_CrcB	2	104.8	SKNY01000035.1_8;SKNY01000035.1_9
GCA_007123105.1	CLC_F	0		
GCA_007123105.1	FAcD	0		
GCA_007131205.1	Fluc_CrcB	0		
GCA_007131205.1	CLC_F	0		
GCA_007131205.1	FAcD	0		
GCA_007280335.1	Fluc_CrcB	0		
GCA_007280335.1	CLC_F	0		
GCA_007280335.1	FAcD	0		
GCA_008080745.1	Fluc_CrcB	2	81.4	TXT55444.1;TXT55445.1
GCA_008080745.1	CLC_F	3	186.2	TXT55109.1;TXT55443.1;TXT55915.1
GCA_008080745.1	FAcD	0		
GCA_009377575.1	Fluc_CrcB	0		
GCA_009377575.1	CLC_F	0		
GCA_009377575.1	FAcD	0		
GCA_009387755.1	Fluc_CrcB	0		
GCA_009387755.1	CLC_F	0		
GCA_009387755.1	FAcD	0		
GCA_009392915.1	Fluc_CrcB	0		
GCA_009392915.1	CLC_F	0		
GCA_009392915.1	FAcD	0		
GCA_009776805.1	Fluc_CrcB	1	117.2	MCL2135474.1
GCA_009776805.1	CLC_F	0		
GCA_009776805.1	FAcD	0		
GCA_009777615.1	Fluc_CrcB	0		
GCA_009777615.1	CLC_F	0		
GCA_009777615.1	FAcD	0		
GCA_009778385.1	Fluc_CrcB	0		
GCA_009778385.1	CLC_F	0		
GCA_009778385.1	FAcD	0		
GCA_009781675.1	Fluc_CrcB	1	59.3	MCL2359310.1
GCA_009781675.1	CLC_F	0		
GCA_009781675.1	FAcD	0		
GCA_009783705.1	Fluc_CrcB	1	94.7	MCL2685236.1
GCA_009783705.1	CLC_F	0		
GCA_009783705.1	FAcD	0		
GCA_009786255.1	Fluc_CrcB	1	119.8	MCL2291538.1
GCA_009786255.1	CLC_F	0		
GCA_009786255.1	FAcD	0		
GCA_009787175.1	Fluc_CrcB	0		
GCA_009787175.1	CLC_F	0		
GCA_009787175.1	FAcD	0		
GCA_009840065.1	Fluc_CrcB	0		
GCA_009840065.1	CLC_F	0		
GCA_009840065.1	FAcD	0		
GCA_009843815.1	Fluc_CrcB	0		
GCA_009843815.1	CLC_F	0		
GCA_009843815.1	FAcD	0		
GCA_009889585.1	Fluc_CrcB	0		
GCA_009889585.1	CLC_F	0		
GCA_009889585.1	FAcD	0		
GCA_009903775.1	Fluc_CrcB	0		
GCA_009903775.1	CLC_F	1	202.2	WYEM01000038.1_4
GCA_009903775.1	FAcD	0		
GCA_009903795.1	Fluc_CrcB	0		
GCA_009903795.1	CLC_F	1	205.5	NAY81504.1
GCA_009903795.1	FAcD	0		
GCA_009911715.1	Fluc_CrcB	1	99.3	QHK17097.1
GCA_009911715.1	CLC_F	0		
GCA_009911715.1	FAcD	0		
GCA_011040545.1	Fluc_CrcB	0		
GCA_011040545.1	CLC_F	0		
GCA_011040545.1	FAcD	0		
GCA_011041895.1	Fluc_CrcB	0		
GCA_011041895.1	CLC_F	0		
GCA_011041895.1	FAcD	0		
GCA_011045925.1	Fluc_CrcB	0		
GCA_011045925.1	CLC_F	0		
GCA_011045925.1	FAcD	0		
GCA_011046235.1	Fluc_CrcB	0		
GCA_011046235.1	CLC_F	1	203.5	HDP96289.1
GCA_011046235.1	FAcD	0		
GCA_011048835.1	Fluc_CrcB	0		
GCA_011048835.1	CLC_F	1	206.2	HDR72493.1
GCA_011048835.1	FAcD	0		
GCA_011049045.1	Fluc_CrcB	0		
GCA_011049045.1	CLC_F	1	214.0	HDS44662.1
GCA_011049045.1	FAcD	0		
GCA_011049295.1	Fluc_CrcB	0		
GCA_011049295.1	CLC_F	0		
GCA_011049295.1	FAcD	0		
GCA_011052825.1	Fluc_CrcB	0		
GCA_011052825.1	CLC_F	0		
GCA_011052825.1	FAcD	0		
GCA_011055275.1	Fluc_CrcB	0		
GCA_011055275.1	CLC_F	1	191.9	HEV51322.1
GCA_011055275.1	FAcD	0		
GCA_011364925.1	Fluc_CrcB	0		
GCA_011364925.1	CLC_F	0		
GCA_011364925.1	FAcD	0		
GCA_011364965.1	Fluc_CrcB	0		
GCA_011364965.1	CLC_F	0		
GCA_011364965.1	FAcD	0		
GCA_011523055.1	Fluc_CrcB	1	81.2	WTHQ01000020.1_118
GCA_011523055.1	CLC_F	0		
GCA_011523055.1	FAcD	0		
GCA_011605725.1	Fluc_CrcB	0		
GCA_011605725.1	CLC_F	0		
GCA_011605725.1	FAcD	0		
GCA_011605775.1	Fluc_CrcB	0		
GCA_011605775.1	CLC_F	1	242.3	NHV97602.1
GCA_011605775.1	FAcD	0		
GCA_011620765.1	Fluc_CrcB	0		
GCA_011620765.1	CLC_F	0		
GCA_011620765.1	FAcD	0		
GCA_012026795.1	Fluc_CrcB	2	97.5	NJD54137.1;NJD54138.1
GCA_012026795.1	CLC_F	1	275.8	NJD52959.1
GCA_012026795.1	FAcD	0		
GCA_012026835.1	Fluc_CrcB	0		
GCA_012026835.1	CLC_F	0		
GCA_012026835.1	FAcD	0		
GCA_012518185.1	Fluc_CrcB	0		
GCA_012518185.1	CLC_F	0		
GCA_012518185.1	FAcD	0		
GCA_012719175.1	Fluc_CrcB	0		
GCA_012719175.1	CLC_F	0		
GCA_012719175.1	FAcD	0		
GCA_012728895.1	Fluc_CrcB	0		
GCA_012728895.1	CLC_F	1	212.8	NLX49898.1
GCA_012728895.1	FAcD	0		
GCA_012729095.1	Fluc_CrcB	0		
GCA_012729095.1	CLC_F	1	255.6	NLX46637.1
GCA_012729095.1	FAcD	0		
GCA_012729535.1	Fluc_CrcB	0		
GCA_012729535.1	CLC_F	1	210.0	NLV28261.1
GCA_012729535.1	FAcD	0		
GCA_012838205.1	Fluc_CrcB	0		
GCA_012838205.1	CLC_F	0		
GCA_012838205.1	FAcD	0		
GCA_013138805.1	Fluc_CrcB	0		
GCA_013138805.1	CLC_F	0		
GCA_013138805.1	FAcD	0		
GCA_013139905.1	Fluc_CrcB	0		
GCA_013139905.1	CLC_F	0		
GCA_013139905.1	FAcD	0		
GCA_013151465.1	Fluc_CrcB	0		
GCA_013151465.1	CLC_F	0		
GCA_013151465.1	FAcD	0		
GCA_013152685.1	Fluc_CrcB	0		
GCA_013152685.1	CLC_F	1	233.7	NOZ60030.1
GCA_013152685.1	FAcD	0		
GCA_013152815.1	Fluc_CrcB	0		
GCA_013152815.1	CLC_F	0		
GCA_013152815.1	FAcD	0		
GCA_013152845.1	Fluc_CrcB	1	120.6	NOZ77547.1
GCA_013152845.1	CLC_F	1	234.3	NOZ77391.1
GCA_013152845.1	FAcD	0		
GCA_013152905.1	Fluc_CrcB	0		
GCA_013152905.1	CLC_F	0		
GCA_013152905.1	FAcD	0		
GCA_013153555.1	Fluc_CrcB	0		
GCA_013153555.1	CLC_F	0		
GCA_013153555.1	FAcD	0		
GCA_013154035.1	Fluc_CrcB	0		
GCA_013154035.1	CLC_F	0		
GCA_013154035.1	FAcD	0		
GCA_013178225.1	Fluc_CrcB	0		
GCA_013178225.1	CLC_F	1	192.1	NPV63375.1
GCA_013178225.1	FAcD	0		
GCA_013178285.1	Fluc_CrcB	1	122.7	NPV50790.1
GCA_013178285.1	CLC_F	1	219.4	NPV50047.1
GCA_013178285.1	FAcD	0		
GCA_013202955.1	Fluc_CrcB	0		
GCA_013202955.1	CLC_F	0		
GCA_013202955.1	FAcD	0		
GCA_013215285.1	Fluc_CrcB	1	110.1	NRA04748.1
GCA_013215285.1	CLC_F	0		
GCA_013215285.1	FAcD	0		
GCA_013306035.1	Fluc_CrcB	0		
GCA_013306035.1	CLC_F	0		
GCA_013306035.1	FAcD	0		
GCA_013329045.1	Fluc_CrcB	1	112.3	HIJ03095.1
GCA_013329045.1	CLC_F	0		
GCA_013329045.1	FAcD	0		
GCA_013329175.1	Fluc_CrcB	0		
GCA_013329175.1	CLC_F	0		
GCA_013329175.1	FAcD	0		
GCA_013329215.1	Fluc_CrcB	0		
GCA_013329215.1	CLC_F	0		
GCA_013329215.1	FAcD	0		
GCA_013329495.1	Fluc_CrcB	0		
GCA_013329495.1	CLC_F	0		
GCA_013329495.1	FAcD	0		
GCA_013331615.1	Fluc_CrcB	0		
GCA_013331615.1	CLC_F	0		
GCA_013331615.1	FAcD	0		
GCA_013331635.1	Fluc_CrcB	0		
GCA_013331635.1	CLC_F	0		
GCA_013331635.1	FAcD	0		
GCA_013331925.1	Fluc_CrcB	0		
GCA_013331925.1	CLC_F	0		
GCA_013331925.1	FAcD	0		
GCA_013331935.1	Fluc_CrcB	0		
GCA_013331935.1	CLC_F	0		
GCA_013331935.1	FAcD	0		
GCA_013331945.1	Fluc_CrcB	0		
GCA_013331945.1	CLC_F	0		
GCA_013331945.1	FAcD	0		
GCA_013331965.1	Fluc_CrcB	0		
GCA_013331965.1	CLC_F	0		
GCA_013331965.1	FAcD	0		
GCA_013343275.1	Fluc_CrcB	0		
GCA_013343275.1	CLC_F	0		
GCA_013343275.1	FAcD	0		
GCA_013360305.1	Fluc_CrcB	0		
GCA_013360305.1	CLC_F	0		
GCA_013360305.1	FAcD	0		
GCA_013378385.1	Fluc_CrcB	0		
GCA_013378385.1	CLC_F	0		
GCA_013378385.1	FAcD	0		
GCA_013388835.1	Fluc_CrcB	0		
GCA_013388835.1	CLC_F	1	186.0	NWF94972.1
GCA_013388835.1	FAcD	0		
GCA_013388895.1	Fluc_CrcB	0		
GCA_013388895.1	CLC_F	0		
GCA_013388895.1	FAcD	0		
GCA_013390905.1	Fluc_CrcB	0		
GCA_013390905.1	CLC_F	0		
GCA_013390905.1	FAcD	0		
GCA_013403005.1	Fluc_CrcB	0		
GCA_013403005.1	CLC_F	0		
GCA_013403005.1	FAcD	0		
GCA_013415695.1	Fluc_CrcB	0		
GCA_013415695.1	CLC_F	2	289.2	NYT11768.1;NYT12440.1
GCA_013415695.1	FAcD	0		
GCA_013415865.1	Fluc_CrcB	0		
GCA_013415865.1	CLC_F	0		
GCA_013415865.1	FAcD	0		
GCA_013425325.1	Fluc_CrcB	0		
GCA_013425325.1	CLC_F	0		
GCA_013425325.1	FAcD	0		
GCA_013426015.1	Fluc_CrcB	0		
GCA_013426015.1	CLC_F	0		
GCA_013426015.1	FAcD	0		
GCA_013791785.1	Fluc_CrcB	0		
GCA_013791785.1	CLC_F	0		
GCA_013791785.1	FAcD	0		
GCA_013911135.1	Fluc_CrcB	0		
GCA_013911135.1	CLC_F	0		
GCA_013911135.1	FAcD	0		
GCA_014075315.1	Fluc_CrcB	1	102.6	QMU54146.1
GCA_014075315.1	CLC_F	0		
GCA_014075315.1	FAcD	0		
GCA_014189675.1	Fluc_CrcB	0		
GCA_014189675.1	CLC_F	0		
GCA_014189675.1	FAcD	0		
GCA_014189685.1	Fluc_CrcB	0		
GCA_014189685.1	CLC_F	0		
GCA_014189685.1	FAcD	0		
GCA_014237145.1	Fluc_CrcB	1	112.4	MBC2697676.1
GCA_014237145.1	CLC_F	1	296.4	MBC2698255.1
GCA_014237145.1	FAcD	0		
GCA_014240455.1	Fluc_CrcB	0		
GCA_014240455.1	CLC_F	0		
GCA_014240455.1	FAcD	0		
GCA_014297435.1	Fluc_CrcB	0		
GCA_014297435.1	CLC_F	0		
GCA_014297435.1	FAcD	0		
GCA_014361085.1	Fluc_CrcB	0		
GCA_014361085.1	CLC_F	1	221.2	MBC7091870.1
GCA_014361085.1	FAcD	0		
GCA_014361195.1	Fluc_CrcB	0		
GCA_014361195.1	CLC_F	0		
GCA_014361195.1	FAcD	0		
GCA_014361205.1	Fluc_CrcB	3	122.2	MBC7084767.1;MBC7084768.1;MBC7085415.1
GCA_014361205.1	CLC_F	0		
GCA_014361205.1	FAcD	0		
GCA_014361245.1	Fluc_CrcB	0		
GCA_014361245.1	CLC_F	0		
GCA_014361245.1	FAcD	0		
GCA_014361295.1	Fluc_CrcB	0		
GCA_014361295.1	CLC_F	1	256.0	MBC7107672.1
GCA_014361295.1	FAcD	0		
GCA_014384375.1	Fluc_CrcB	0		
GCA_014384375.1	CLC_F	0		
GCA_014384375.1	FAcD	0		
GCA_014384555.1	Fluc_CrcB	1	98.3	MBC8517204.1
GCA_014384555.1	CLC_F	0		
GCA_014384555.1	FAcD	0		
GCA_014727915.1	Fluc_CrcB	0		
GCA_014727915.1	CLC_F	0		
GCA_014727915.1	FAcD	0		
GCA_014728835.1	Fluc_CrcB	0		
GCA_014728835.1	CLC_F	0		
GCA_014728835.1	FAcD	0		
GCA_014729015.1	Fluc_CrcB	0		
GCA_014729015.1	CLC_F	0		
GCA_014729015.1	FAcD	0		
GCA_014729145.1	Fluc_CrcB	0		
GCA_014729145.1	CLC_F	0		
GCA_014729145.1	FAcD	0		
GCA_014729345.1	Fluc_CrcB	0		
GCA_014729345.1	CLC_F	0		
GCA_014729345.1	FAcD	0		
GCA_014729505.1	Fluc_CrcB	0		
GCA_014729505.1	CLC_F	0		
GCA_014729505.1	FAcD	0		
GCA_014729675.1	Fluc_CrcB	0		
GCA_014729675.1	CLC_F	0		
GCA_014729675.1	FAcD	0		
GCA_014729935.1	Fluc_CrcB	0		
GCA_014729935.1	CLC_F	0		
GCA_014729935.1	FAcD	0		
GCA_014729995.1	Fluc_CrcB	0		
GCA_014729995.1	CLC_F	0		
GCA_014729995.1	FAcD	0		
GCA_014730165.1	Fluc_CrcB	0		
GCA_014730165.1	CLC_F	0		
GCA_014730165.1	FAcD	0		
GCA_014730275.1	Fluc_CrcB	0		
GCA_014730275.1	CLC_F	0		
GCA_014730275.1	FAcD	0		
GCA_014859725.1	Fluc_CrcB	0		
GCA_014859725.1	CLC_F	1	289.8	MBE0524382.1
GCA_014859725.1	FAcD	0		
GCA_014859785.1	Fluc_CrcB	0		
GCA_014859785.1	CLC_F	1	258.4	MBE0521633.1
GCA_014859785.1	FAcD	0		
GCA_015062805.1	Fluc_CrcB	1	100.5	MBE6486116.1
GCA_015062805.1	CLC_F	0		
GCA_015062805.1	FAcD	0		
GCA_015062825.1	Fluc_CrcB	1	95.5	MBE6488662.1
GCA_015062825.1	CLC_F	0		
GCA_015062825.1	FAcD	0		
GCA_015063035.1	Fluc_CrcB	0		
GCA_015063035.1	CLC_F	0		
GCA_015063035.1	FAcD	0		
GCA_015063165.1	Fluc_CrcB	1	103.0	MBE6520103.1
GCA_015063165.1	CLC_F	0		
GCA_015063165.1	FAcD	0		
GCA_015063285.1	Fluc_CrcB	0		
GCA_015063285.1	CLC_F	0		
GCA_015063285.1	FAcD	0		
GCA_015519985.1	Fluc_CrcB	0		
GCA_015519985.1	CLC_F	0		
GCA_015519985.1	FAcD	0		
GCA_015520145.1	Fluc_CrcB	0		
GCA_015520145.1	CLC_F	0		
GCA_015520145.1	FAcD	0		
GCA_015520265.1	Fluc_CrcB	0		
GCA_015520265.1	CLC_F	2	224.0	WAQK01000111.1_2;WAQK01000111.1_3
GCA_015520265.1	FAcD	0		
GCA_015520395.1	Fluc_CrcB	0		
GCA_015520395.1	CLC_F	2	258.7	WAQG01000105.1_8;WAQG01000226.1_8
GCA_015520395.1	FAcD	0		
GCA_015520475.1	Fluc_CrcB	0		
GCA_015520475.1	CLC_F	0		
GCA_015520475.1	FAcD	0		
GCA_015520525.1	Fluc_CrcB	0		
GCA_015520525.1	CLC_F	0		
GCA_015520525.1	FAcD	0		
GCA_015520565.1	Fluc_CrcB	0		
GCA_015520565.1	CLC_F	0		
GCA_015520565.1	FAcD	0		
GCA_015520605.1	Fluc_CrcB	0		
GCA_015520605.1	CLC_F	0		
GCA_015520605.1	FAcD	0		
GCA_015520785.1	Fluc_CrcB	0		
GCA_015520785.1	CLC_F	0		
GCA_015520785.1	FAcD	0		
GCA_015521085.1	Fluc_CrcB	1	110.8	MCE4599939.1
GCA_015521085.1	CLC_F	2	218.1	MCE4600377.1;MCE4600404.1
GCA_015521085.1	FAcD	0		
GCA_015521115.1	Fluc_CrcB	1	111.1	MCE4624922.1
GCA_015521115.1	CLC_F	2	212.8	MCE4624239.1;MCE4625999.1
GCA_015521115.1	FAcD	0		
GCA_015521325.1	Fluc_CrcB	0		
GCA_015521325.1	CLC_F	0		
GCA_015521325.1	FAcD	0		
GCA_015521535.1	Fluc_CrcB	0		
GCA_015521535.1	CLC_F	0		
GCA_015521535.1	FAcD	0		
GCA_015521685.1	Fluc_CrcB	0		
GCA_015521685.1	CLC_F	1	215.7	MCE4616307.1
GCA_015521685.1	FAcD	0		
GCA_015521735.1	Fluc_CrcB	0		
GCA_015521735.1	CLC_F	1	191.1	WANQ01000018.1_54
GCA_015521735.1	FAcD	0		
GCA_015521825.1	Fluc_CrcB	0		
GCA_015521825.1	CLC_F	0		
GCA_015521825.1	FAcD	0		
GCA_015522145.1	Fluc_CrcB	0		
GCA_015522145.1	CLC_F	0		
GCA_015522145.1	FAcD	0		
GCA_015522495.1	Fluc_CrcB	0		
GCA_015522495.1	CLC_F	0		
GCA_015522495.1	FAcD	0		
GCA_015522635.1	Fluc_CrcB	0		
GCA_015522635.1	CLC_F	2	199.0	MCE4614231.1;MCE4614478.1
GCA_015522635.1	FAcD	0		
GCA_015522645.1	Fluc_CrcB	0		
GCA_015522645.1	CLC_F	2	202.0	MCE4606260.1;MCE4606733.1
GCA_015522645.1	FAcD	0		
GCA_015522695.1	Fluc_CrcB	0		
GCA_015522695.1	CLC_F	1	272.9	WALT01000024.1_8
GCA_015522695.1	FAcD	0		
GCA_015522745.1	Fluc_CrcB	0		
GCA_015522745.1	CLC_F	0		
GCA_015522745.1	FAcD	0		
GCA_015522765.1	Fluc_CrcB	0		
GCA_015522765.1	CLC_F	0		
GCA_015522765.1	FAcD	0		
GCA_015522845.1	Fluc_CrcB	0		
GCA_015522845.1	CLC_F	0		
GCA_015522845.1	FAcD	0		
GCA_015522865.1	Fluc_CrcB	0		
GCA_015522865.1	CLC_F	0		
GCA_015522865.1	FAcD	0		
GCA_015523085.1	Fluc_CrcB	0		
GCA_015523085.1	CLC_F	0		
GCA_015523085.1	FAcD	0		
GCA_015523465.1	Fluc_CrcB	0		
GCA_015523465.1	CLC_F	1	196.3	MCE4610546.1
GCA_015523465.1	FAcD	0		
GCA_015523545.1	Fluc_CrcB	0		
GCA_015523545.1	CLC_F	1	211.9	WAKB01000001.1_185
GCA_015523545.1	FAcD	0		
GCA_015523565.1	Fluc_CrcB	1	93.6	WAKA01000232.1_55
GCA_015523565.1	CLC_F	1	189.2	WAKA01000126.1_18
GCA_015523565.1	FAcD	0		
GCA_015523685.1	Fluc_CrcB	1	115.9	WAJW01000149.1_6
GCA_015523685.1	CLC_F	1	287.9	WAJW01000010.1_17
GCA_015523685.1	FAcD	0		
GCA_015660865.1	Fluc_CrcB	0		
GCA_015660865.1	CLC_F	0		
GCA_015660865.1	FAcD	0		
GCA_015660915.1	Fluc_CrcB	0		
GCA_015660915.1	CLC_F	0		
GCA_015660915.1	FAcD	0		
GCA_015660995.1	Fluc_CrcB	0		
GCA_015660995.1	CLC_F	0		
GCA_015660995.1	FAcD	0		
GCA_015661395.1	Fluc_CrcB	0		
GCA_015661395.1	CLC_F	1	397.1	JACWML010000042.1_10
GCA_015661395.1	FAcD	0		
GCA_015661515.1	Fluc_CrcB	0		
GCA_015661515.1	CLC_F	0		
GCA_015661515.1	FAcD	0		
GCA_015661555.1	Fluc_CrcB	0		
GCA_015661555.1	CLC_F	0		
GCA_015661555.1	FAcD	0		
GCA_015661855.1	Fluc_CrcB	0		
GCA_015661855.1	CLC_F	0		
GCA_015661855.1	FAcD	0		
GCA_015662355.1	Fluc_CrcB	0		
GCA_015662355.1	CLC_F	0		
GCA_015662355.1	FAcD	0		
GCA_016125975.1	Fluc_CrcB	1	109.7	MBI1661905.1
GCA_016125975.1	CLC_F	0		
GCA_016125975.1	FAcD	0		
GCA_016126025.1	Fluc_CrcB	0		
GCA_016126025.1	CLC_F	0		
GCA_016126025.1	FAcD	0		
GCA_016177165.1	Fluc_CrcB	0		
GCA_016177165.1	CLC_F	0		
GCA_016177165.1	FAcD	0		
GCA_016177615.1	Fluc_CrcB	0		
GCA_016177615.1	CLC_F	0		
GCA_016177615.1	FAcD	0		
GCA_016180195.1	Fluc_CrcB	0		
GCA_016180195.1	CLC_F	0		
GCA_016180195.1	FAcD	0		
GCA_016180275.1	Fluc_CrcB	0		
GCA_016180275.1	CLC_F	0		
GCA_016180275.1	FAcD	0		
GCA_016180285.1	Fluc_CrcB	0		
GCA_016180285.1	CLC_F	0		
GCA_016180285.1	FAcD	0		
GCA_016180755.1	Fluc_CrcB	1	103.6	MBI2078037.1
GCA_016180755.1	CLC_F	0		
GCA_016180755.1	FAcD	0		
GCA_016181215.1	Fluc_CrcB	0		
GCA_016181215.1	CLC_F	0		
GCA_016181215.1	FAcD	0		
GCA_016181275.1	Fluc_CrcB	0		
GCA_016181275.1	CLC_F	0		
GCA_016181275.1	FAcD	0		
GCA_016184005.1	Fluc_CrcB	0		
GCA_016184005.1	CLC_F	0		
GCA_016184005.1	FAcD	0		
GCA_016184145.1	Fluc_CrcB	0		
GCA_016184145.1	CLC_F	0		
GCA_016184145.1	FAcD	0		
GCA_016184315.1	Fluc_CrcB	0		
GCA_016184315.1	CLC_F	0		
GCA_016184315.1	FAcD	0		
GCA_016185435.1	Fluc_CrcB	0		
GCA_016185435.1	CLC_F	0		
GCA_016185435.1	FAcD	0		
GCA_016185565.1	Fluc_CrcB	0		
GCA_016185565.1	CLC_F	0		
GCA_016185565.1	FAcD	0		
GCA_016185625.1	Fluc_CrcB	0		
GCA_016185625.1	CLC_F	0		
GCA_016185625.1	FAcD	0		
GCA_016185635.1	Fluc_CrcB	0		
GCA_016185635.1	CLC_F	0		
GCA_016185635.1	FAcD	0		
GCA_016185705.1	Fluc_CrcB	0		
GCA_016185705.1	CLC_F	0		
GCA_016185705.1	FAcD	0		
GCA_016185725.1	Fluc_CrcB	0		
GCA_016185725.1	CLC_F	0		
GCA_016185725.1	FAcD	0		
GCA_016187415.1	Fluc_CrcB	0		
GCA_016187415.1	CLC_F	0		
GCA_016187415.1	FAcD	0		
GCA_016187565.1	Fluc_CrcB	0		
GCA_016187565.1	CLC_F	0		
GCA_016187565.1	FAcD	0		
GCA_016187745.1	Fluc_CrcB	0		
GCA_016187745.1	CLC_F	0		
GCA_016187745.1	FAcD	0		
GCA_016188065.1	Fluc_CrcB	0		
GCA_016188065.1	CLC_F	0		
GCA_016188065.1	FAcD	0		
GCA_016188115.1	Fluc_CrcB	0		
GCA_016188115.1	CLC_F	0		
GCA_016188115.1	FAcD	0		
GCA_016188215.1	Fluc_CrcB	0		
GCA_016188215.1	CLC_F	0		
GCA_016188215.1	FAcD	0		
GCA_016188265.1	Fluc_CrcB	0		
GCA_016188265.1	CLC_F	0		
GCA_016188265.1	FAcD	0		
GCA_016188965.1	Fluc_CrcB	1	104.1	MBI2445673.1
GCA_016188965.1	CLC_F	1	391.4	MBI2445235.1
GCA_016188965.1	FAcD	0		
GCA_016192905.1	Fluc_CrcB	0		
GCA_016192905.1	CLC_F	0		
GCA_016192905.1	FAcD	0		
GCA_016192995.1	Fluc_CrcB	0		
GCA_016192995.1	CLC_F	0		
GCA_016192995.1	FAcD	0		
GCA_016194335.1	Fluc_CrcB	0		
GCA_016194335.1	CLC_F	0		
GCA_016194335.1	FAcD	0		
GCA_016195275.1	Fluc_CrcB	0		
GCA_016195275.1	CLC_F	0		
GCA_016195275.1	FAcD	0		
GCA_016198165.1	Fluc_CrcB	0		
GCA_016198165.1	CLC_F	0		
GCA_016198165.1	FAcD	0		
GCA_016198635.1	Fluc_CrcB	0		
GCA_016198635.1	CLC_F	0		
GCA_016198635.1	FAcD	0		
GCA_016198685.1	Fluc_CrcB	0		
GCA_016198685.1	CLC_F	0		
GCA_016198685.1	FAcD	0		
GCA_016198705.1	Fluc_CrcB	0		
GCA_016198705.1	CLC_F	0		
GCA_016198705.1	FAcD	0		
GCA_016198755.1	Fluc_CrcB	0		
GCA_016198755.1	CLC_F	0		
GCA_016198755.1	FAcD	0		
GCA_016200045.1	Fluc_CrcB	0		
GCA_016200045.1	CLC_F	0		
GCA_016200045.1	FAcD	0		
GCA_016202795.1	Fluc_CrcB	0		
GCA_016202795.1	CLC_F	0		
GCA_016202795.1	FAcD	0		
GCA_016202815.1	Fluc_CrcB	0		
GCA_016202815.1	CLC_F	0		
GCA_016202815.1	FAcD	0		
GCA_016202865.1	Fluc_CrcB	0		
GCA_016202865.1	CLC_F	0		
GCA_016202865.1	FAcD	0		
GCA_016203225.1	Fluc_CrcB	0		
GCA_016203225.1	CLC_F	0		
GCA_016203225.1	FAcD	0		
GCA_016203305.1	Fluc_CrcB	0		
GCA_016203305.1	CLC_F	0		
GCA_016203305.1	FAcD	0		
GCA_016203335.1	Fluc_CrcB	0		
GCA_016203335.1	CLC_F	0		
GCA_016203335.1	FAcD	0		
GCA_016205145.1	Fluc_CrcB	0		
GCA_016205145.1	CLC_F	0		
GCA_016205145.1	FAcD	0		
GCA_016206275.1	Fluc_CrcB	0		
GCA_016206275.1	CLC_F	0		
GCA_016206275.1	FAcD	0		
GCA_016207165.1	Fluc_CrcB	0		
GCA_016207165.1	CLC_F	0		
GCA_016207165.1	FAcD	0		
GCA_016207225.1	Fluc_CrcB	0		
GCA_016207225.1	CLC_F	0		
GCA_016207225.1	FAcD	0		
GCA_016207465.1	Fluc_CrcB	0		
GCA_016207465.1	CLC_F	0		
GCA_016207465.1	FAcD	0		
GCA_016207475.1	Fluc_CrcB	0		
GCA_016207475.1	CLC_F	0		
GCA_016207475.1	FAcD	0		
GCA_016207515.1	Fluc_CrcB	1	105.2	MBI4392972.1
GCA_016207515.1	CLC_F	0		
GCA_016207515.1	FAcD	0		
GCA_016207545.1	Fluc_CrcB	0		
GCA_016207545.1	CLC_F	0		
GCA_016207545.1	FAcD	0		
GCA_016211165.1	Fluc_CrcB	0		
GCA_016211165.1	CLC_F	0		
GCA_016211165.1	FAcD	0		
GCA_016211195.1	Fluc_CrcB	0		
GCA_016211195.1	CLC_F	0		
GCA_016211195.1	FAcD	0		
GCA_016211215.1	Fluc_CrcB	0		
GCA_016211215.1	CLC_F	0		
GCA_016211215.1	FAcD	0		
GCA_016211995.1	Fluc_CrcB	0		
GCA_016211995.1	CLC_F	0		
GCA_016211995.1	FAcD	0		
GCA_016212375.1	Fluc_CrcB	0		
GCA_016212375.1	CLC_F	1	382.0	MBI5225792.1
GCA_016212375.1	FAcD	0		
GCA_016212395.1	Fluc_CrcB	0		
GCA_016212395.1	CLC_F	0		
GCA_016212395.1	FAcD	0		
GCA_016212465.1	Fluc_CrcB	0		
GCA_016212465.1	CLC_F	0		
GCA_016212465.1	FAcD	0		
GCA_016212475.1	Fluc_CrcB	0		
GCA_016212475.1	CLC_F	0		
GCA_016212475.1	FAcD	0		
GCA_016212785.1	Fluc_CrcB	0		
GCA_016212785.1	CLC_F	0		
GCA_016212785.1	FAcD	0		
GCA_016213555.1	Fluc_CrcB	0		
GCA_016213555.1	CLC_F	0		
GCA_016213555.1	FAcD	0		
GCA_016214025.1	Fluc_CrcB	0		
GCA_016214025.1	CLC_F	0		
GCA_016214025.1	FAcD	0		
GCA_016214075.1	Fluc_CrcB	0		
GCA_016214075.1	CLC_F	0		
GCA_016214075.1	FAcD	0		
GCA_016214785.1	Fluc_CrcB	0		
GCA_016214785.1	CLC_F	0		
GCA_016214785.1	FAcD	0		
GCA_016215465.1	Fluc_CrcB	2	98.2	MBI5146620.1;MBI5147213.1
GCA_016215465.1	CLC_F	0		
GCA_016215465.1	FAcD	0		
GCA_016218635.1	Fluc_CrcB	1	111.5	MBI5553636.1
GCA_016218635.1	CLC_F	0		
GCA_016218635.1	FAcD	0		
GCA_016219455.1	Fluc_CrcB	1	122.4	MBI5355352.1
GCA_016219455.1	CLC_F	0		
GCA_016219455.1	FAcD	0		
GCA_016219465.1	Fluc_CrcB	0		
GCA_016219465.1	CLC_F	0		
GCA_016219465.1	FAcD	0		
GCA_016219485.1	Fluc_CrcB	0		
GCA_016219485.1	CLC_F	0		
GCA_016219485.1	FAcD	0		
GCA_016219795.1	Fluc_CrcB	0		
GCA_016219795.1	CLC_F	0		
GCA_016219795.1	FAcD	0		
GCA_016219835.1	Fluc_CrcB	0		
GCA_016219835.1	CLC_F	0		
GCA_016219835.1	FAcD	0		
GCA_016222945.1	Fluc_CrcB	1	117.4	MBI5679666.1
GCA_016222945.1	CLC_F	0		
GCA_016222945.1	FAcD	0		
GCA_016235495.1	Fluc_CrcB	0		
GCA_016235495.1	CLC_F	0		
GCA_016235495.1	FAcD	0		
GCA_016292335.1	Fluc_CrcB	0		
GCA_016292335.1	CLC_F	0		
GCA_016292335.1	FAcD	0		
GCA_016294985.1	Fluc_CrcB	0		
GCA_016294985.1	CLC_F	1	288.0	JAECRW010000001.1_8
GCA_016294985.1	FAcD	0		
GCA_016432305.1	Fluc_CrcB	0		
GCA_016432305.1	CLC_F	0		
GCA_016432305.1	FAcD	0		
GCA_016432325.1	Fluc_CrcB	0		
GCA_016432325.1	CLC_F	0		
GCA_016432325.1	FAcD	0		
GCA_016432545.1	Fluc_CrcB	0		
GCA_016432545.1	CLC_F	0		
GCA_016432545.1	FAcD	0		
GCA_016699325.1	Fluc_CrcB	0		
GCA_016699325.1	CLC_F	0		
GCA_016699325.1	FAcD	0		
GCA_016699555.1	Fluc_CrcB	0		
GCA_016699555.1	CLC_F	0		
GCA_016699555.1	FAcD	0		
GCA_016784165.1	Fluc_CrcB	0		
GCA_016784165.1	CLC_F	0		
GCA_016784165.1	FAcD	0		
GCA_016806715.1	Fluc_CrcB	0		
GCA_016806715.1	CLC_F	1	233.0	QRF75764.1
GCA_016806715.1	FAcD	0		
GCA_016838845.1	Fluc_CrcB	0		
GCA_016838845.1	CLC_F	0		
GCA_016838845.1	FAcD	0		
GCA_016839265.1	Fluc_CrcB	1	116.1	JAEOUO010000001.1_75
GCA_016839265.1	CLC_F	1	198.8	JAEOUO010000001.1_164
GCA_016839265.1	FAcD	0		
GCA_016839365.1	Fluc_CrcB	0		
GCA_016839365.1	CLC_F	0		
GCA_016839365.1	FAcD	0		
GCA_016839805.1	Fluc_CrcB	0		
GCA_016839805.1	CLC_F	0		
GCA_016839805.1	FAcD	0		
GCA_016840315.1	Fluc_CrcB	0		
GCA_016840315.1	CLC_F	0		
GCA_016840315.1	FAcD	0		
GCA_016840405.1	Fluc_CrcB	0		
GCA_016840405.1	CLC_F	0		
GCA_016840405.1	FAcD	0		
GCA_016840425.1	Fluc_CrcB	0		
GCA_016840425.1	CLC_F	4	248.0	JAEOSI010000006.1_5;JAEOSI010000006.1_7;JAEOSI010000072.1_1;JAEOSI010000072.1_5
GCA_016840425.1	FAcD	0		
GCA_016840465.1	Fluc_CrcB	0		
GCA_016840465.1	CLC_F	2	259.9	JAEOSH010000013.1_46;JAEOSH010000013.1_47
GCA_016840465.1	FAcD	0		
GCA_016845225.1	Fluc_CrcB	0		
GCA_016845225.1	CLC_F	0		
GCA_016845225.1	FAcD	0		
GCA_016866895.1	Fluc_CrcB	0		
GCA_016866895.1	CLC_F	0		
GCA_016866895.1	FAcD	0		
GCA_016867455.1	Fluc_CrcB	0		
GCA_016867455.1	CLC_F	0		
GCA_016867455.1	FAcD	0		
GCA_016871995.1	Fluc_CrcB	0		
GCA_016871995.1	CLC_F	0		
GCA_016871995.1	FAcD	0		
GCA_016872055.1	Fluc_CrcB	0		
GCA_016872055.1	CLC_F	0		
GCA_016872055.1	FAcD	0		
GCA_016874675.1	Fluc_CrcB	0		
GCA_016874675.1	CLC_F	0		
GCA_016874675.1	FAcD	0		
GCA_016874685.1	Fluc_CrcB	0		
GCA_016874685.1	CLC_F	0		
GCA_016874685.1	FAcD	0		
GCA_016882195.1	Fluc_CrcB	0		
GCA_016882195.1	CLC_F	0		
GCA_016882195.1	FAcD	0		
GCA_016926055.1	Fluc_CrcB	0		
GCA_016926055.1	CLC_F	0		
GCA_016926055.1	FAcD	0		
GCA_016926295.1	Fluc_CrcB	0		
GCA_016926295.1	CLC_F	0		
GCA_016926295.1	FAcD	0		
GCA_016926505.1	Fluc_CrcB	0		
GCA_016926505.1	CLC_F	1	225.8	MBN1167495.1
GCA_016926505.1	FAcD	0		
GCA_016926735.1	Fluc_CrcB	0		
GCA_016926735.1	CLC_F	1	169.8	MBN1215037.1
GCA_016926735.1	FAcD	0		
GCA_016927245.1	Fluc_CrcB	0		
GCA_016927245.1	CLC_F	0		
GCA_016927245.1	FAcD	0		
GCA_016927425.1	Fluc_CrcB	0		
GCA_016927425.1	CLC_F	1	198.9	MBN1323614.1
GCA_016927425.1	FAcD	0		
GCA_016928095.1	Fluc_CrcB	0		
GCA_016928095.1	CLC_F	1	192.9	MBN1390028.1
GCA_016928095.1	FAcD	0		
GCA_016928115.1	Fluc_CrcB	0		
GCA_016928115.1	CLC_F	0		
GCA_016928115.1	FAcD	0		
GCA_016928155.1	Fluc_CrcB	0		
GCA_016928155.1	CLC_F	0		
GCA_016928155.1	FAcD	0		
GCA_016928835.1	Fluc_CrcB	0		
GCA_016928835.1	CLC_F	0		
GCA_016928835.1	FAcD	0		
GCA_016929255.1	Fluc_CrcB	0		
GCA_016929255.1	CLC_F	0		
GCA_016929255.1	FAcD	0		
GCA_016929855.1	Fluc_CrcB	0		
GCA_016929855.1	CLC_F	0		
GCA_016929855.1	FAcD	0		
GCA_016930255.1	Fluc_CrcB	0		
GCA_016930255.1	CLC_F	1	211.0	MBN1763556.1
GCA_016930255.1	FAcD	0		
GCA_016931175.1	Fluc_CrcB	0		
GCA_016931175.1	CLC_F	0		
GCA_016931175.1	FAcD	0		
GCA_016931255.1	Fluc_CrcB	0		
GCA_016931255.1	CLC_F	0		
GCA_016931255.1	FAcD	0		
GCA_016931955.1	Fluc_CrcB	0		
GCA_016931955.1	CLC_F	1	177.0	MBN2014193.1
GCA_016931955.1	FAcD	0		
GCA_016932615.1	Fluc_CrcB	0		
GCA_016932615.1	CLC_F	1	366.3	MBN2095616.1
GCA_016932615.1	FAcD	0		
GCA_016932735.1	Fluc_CrcB	0		
GCA_016932735.1	CLC_F	0		
GCA_016932735.1	FAcD	0		
GCA_016932755.1	Fluc_CrcB	0		
GCA_016932755.1	CLC_F	0		
GCA_016932755.1	FAcD	0		
GCA_016932875.1	Fluc_CrcB	0		
GCA_016932875.1	CLC_F	0		
GCA_016932875.1	FAcD	0		
GCA_016932935.1	Fluc_CrcB	0		
GCA_016932935.1	CLC_F	0		
GCA_016932935.1	FAcD	0		
GCA_016933055.1	Fluc_CrcB	0		
GCA_016933055.1	CLC_F	0		
GCA_016933055.1	FAcD	0		
GCA_016933455.1	Fluc_CrcB	0		
GCA_016933455.1	CLC_F	0		
GCA_016933455.1	FAcD	0		
GCA_016935095.1	Fluc_CrcB	0		
GCA_016935095.1	CLC_F	0		
GCA_016935095.1	FAcD	0		
GCA_016935155.1	Fluc_CrcB	0		
GCA_016935155.1	CLC_F	0		
GCA_016935155.1	FAcD	0		
GCA_016935175.1	Fluc_CrcB	0		
GCA_016935175.1	CLC_F	0		
GCA_016935175.1	FAcD	0		
GCA_016935985.1	Fluc_CrcB	0		
GCA_016935985.1	CLC_F	0		
GCA_016935985.1	FAcD	0		
GCA_017434555.1	Fluc_CrcB	0		
GCA_017434555.1	CLC_F	0		
GCA_017434555.1	FAcD	0		
GCA_017461225.1	Fluc_CrcB	1	101.5	MBQ8179584.1
GCA_017461225.1	CLC_F	0		
GCA_017461225.1	FAcD	0		
GCA_017468935.1	Fluc_CrcB	0		
GCA_017468935.1	CLC_F	0		
GCA_017468935.1	FAcD	0		
GCA_017524805.1	Fluc_CrcB	1	98.9	MBR4504982.1
GCA_017524805.1	CLC_F	0		
GCA_017524805.1	FAcD	0		
GCA_017540825.1	Fluc_CrcB	2	102.1	MBR6204043.1;MBR6205538.1
GCA_017540825.1	CLC_F	0		
GCA_017540825.1	FAcD	0		
GCA_017601145.1	Fluc_CrcB	0		
GCA_017601145.1	CLC_F	1	243.3	MBO3801143.1
GCA_017601145.1	FAcD	0		
GCA_017601245.1	Fluc_CrcB	0		
GCA_017601245.1	CLC_F	0		
GCA_017601245.1	FAcD	0		
GCA_017601265.1	Fluc_CrcB	0		
GCA_017601265.1	CLC_F	0		
GCA_017601265.1	FAcD	0		
GCA_017608025.1	Fluc_CrcB	0		
GCA_017608025.1	CLC_F	0		
GCA_017608025.1	FAcD	0		
GCA_017608045.1	Fluc_CrcB	0		
GCA_017608045.1	CLC_F	0		
GCA_017608045.1	FAcD	0		
GCA_017608235.1	Fluc_CrcB	0		
GCA_017608235.1	CLC_F	0		
GCA_017608235.1	FAcD	0		
GCA_017608345.1	Fluc_CrcB	0		
GCA_017608345.1	CLC_F	0		
GCA_017608345.1	FAcD	0		
GCA_017608385.1	Fluc_CrcB	0		
GCA_017608385.1	CLC_F	0		
GCA_017608385.1	FAcD	0		
GCA_017608505.1	Fluc_CrcB	0		
GCA_017608505.1	CLC_F	0		
GCA_017608505.1	FAcD	0		
GCA_017608625.1	Fluc_CrcB	0		
GCA_017608625.1	CLC_F	0		
GCA_017608625.1	FAcD	0		
GCA_017608775.1	Fluc_CrcB	0		
GCA_017608775.1	CLC_F	0		
GCA_017608775.1	FAcD	0		
GCA_017609105.1	Fluc_CrcB	0		
GCA_017609105.1	CLC_F	0		
GCA_017609105.1	FAcD	0		
GCA_017609245.1	Fluc_CrcB	0		
GCA_017609245.1	CLC_F	0		
GCA_017609245.1	FAcD	0		
GCA_017609385.1	Fluc_CrcB	0		
GCA_017609385.1	CLC_F	0		
GCA_017609385.1	FAcD	0		
GCA_017609465.1	Fluc_CrcB	0		
GCA_017609465.1	CLC_F	0		
GCA_017609465.1	FAcD	0		
GCA_017609605.1	Fluc_CrcB	0		
GCA_017609605.1	CLC_F	0		
GCA_017609605.1	FAcD	0		
GCA_017609985.1	Fluc_CrcB	0		
GCA_017609985.1	CLC_F	0		
GCA_017609985.1	FAcD	0		
GCA_017609995.1	Fluc_CrcB	0		
GCA_017609995.1	CLC_F	0		
GCA_017609995.1	FAcD	0		
GCA_017610005.1	Fluc_CrcB	0		
GCA_017610005.1	CLC_F	0		
GCA_017610005.1	FAcD	0		
GCA_017610205.1	Fluc_CrcB	0		
GCA_017610205.1	CLC_F	0		
GCA_017610205.1	FAcD	0		
GCA_017610305.1	Fluc_CrcB	0		
GCA_017610305.1	CLC_F	0		
GCA_017610305.1	FAcD	0		
GCA_017610325.1	Fluc_CrcB	0		
GCA_017610325.1	CLC_F	0		
GCA_017610325.1	FAcD	0		
GCA_017610385.1	Fluc_CrcB	0		
GCA_017610385.1	CLC_F	0		
GCA_017610385.1	FAcD	0		
GCA_017610545.1	Fluc_CrcB	0		
GCA_017610545.1	CLC_F	0		
GCA_017610545.1	FAcD	0		
GCA_017656505.1	Fluc_CrcB	0		
GCA_017656505.1	CLC_F	1	222.7	MBO8181363.1
GCA_017656505.1	FAcD	0		
GCA_017885655.1	Fluc_CrcB	0		
GCA_017885655.1	CLC_F	0		
GCA_017885655.1	FAcD	0		
GCA_017935945.1	Fluc_CrcB	1	96.0	MBP3385748.1
GCA_017935945.1	CLC_F	0		
GCA_017935945.1	FAcD	0		
GCA_018220935.1	Fluc_CrcB	0		
GCA_018220935.1	CLC_F	0		
GCA_018220935.1	FAcD	0		
GCA_018220955.1	Fluc_CrcB	0		
GCA_018220955.1	CLC_F	0		
GCA_018220955.1	FAcD	0		
GCA_018220985.1	Fluc_CrcB	0		
GCA_018220985.1	CLC_F	0		
GCA_018220985.1	FAcD	0		
GCA_018221045.1	Fluc_CrcB	0		
GCA_018221045.1	CLC_F	0		
GCA_018221045.1	FAcD	0		
GCA_018221105.1	Fluc_CrcB	0		
GCA_018221105.1	CLC_F	0		
GCA_018221105.1	FAcD	0		
GCA_018221135.1	Fluc_CrcB	0		
GCA_018221135.1	CLC_F	0		
GCA_018221135.1	FAcD	0		
GCA_018221205.1	Fluc_CrcB	0		
GCA_018221205.1	CLC_F	0		
GCA_018221205.1	FAcD	0		
GCA_018260615.1	Fluc_CrcB	0		
GCA_018260615.1	CLC_F	0		
GCA_018260615.1	FAcD	0		
GCA_018260755.1	Fluc_CrcB	0		
GCA_018260755.1	CLC_F	0		
GCA_018260755.1	FAcD	0		
GCA_018263355.1	Fluc_CrcB	0		
GCA_018263355.1	CLC_F	0		
GCA_018263355.1	FAcD	0		
GCA_018263395.1	Fluc_CrcB	2	55.0	MBS1263198.1;MBS1263199.1
GCA_018263395.1	CLC_F	0		
GCA_018263395.1	FAcD	0		
GCA_018263505.1	Fluc_CrcB	1	108.4	MBS1268354.1
GCA_018263505.1	CLC_F	0		
GCA_018263505.1	FAcD	0		
GCA_018302085.1	Fluc_CrcB	0		
GCA_018302085.1	CLC_F	0		
GCA_018302085.1	FAcD	0		
GCA_018302105.1	Fluc_CrcB	0		
GCA_018302105.1	CLC_F	0		
GCA_018302105.1	FAcD	0		
GCA_018302125.1	Fluc_CrcB	0		
GCA_018302125.1	CLC_F	0		
GCA_018302125.1	FAcD	0		
GCA_018302185.1	Fluc_CrcB	0		
GCA_018302185.1	CLC_F	0		
GCA_018302185.1	FAcD	0		
GCA_018302225.1	Fluc_CrcB	0		
GCA_018302225.1	CLC_F	0		
GCA_018302225.1	FAcD	0		
GCA_018302235.1	Fluc_CrcB	0		
GCA_018302235.1	CLC_F	0		
GCA_018302235.1	FAcD	0		
GCA_018302335.1	Fluc_CrcB	0		
GCA_018302335.1	CLC_F	0		
GCA_018302335.1	FAcD	0		
GCA_018302465.1	Fluc_CrcB	0		
GCA_018302465.1	CLC_F	0		
GCA_018302465.1	FAcD	0		
GCA_018302505.1	Fluc_CrcB	0		
GCA_018302505.1	CLC_F	0		
GCA_018302505.1	FAcD	0		
GCA_018302545.1	Fluc_CrcB	0		
GCA_018302545.1	CLC_F	0		
GCA_018302545.1	FAcD	0		
GCA_018302705.1	Fluc_CrcB	0		
GCA_018302705.1	CLC_F	0		
GCA_018302705.1	FAcD	0		
GCA_018302745.1	Fluc_CrcB	0		
GCA_018302745.1	CLC_F	0		
GCA_018302745.1	FAcD	0		
GCA_018302765.1	Fluc_CrcB	0		
GCA_018302765.1	CLC_F	0		
GCA_018302765.1	FAcD	0		
GCA_018302805.1	Fluc_CrcB	0		
GCA_018302805.1	CLC_F	0		
GCA_018302805.1	FAcD	0		
GCA_018302815.1	Fluc_CrcB	0		
GCA_018302815.1	CLC_F	0		
GCA_018302815.1	FAcD	0		
GCA_018303075.1	Fluc_CrcB	0		
GCA_018303075.1	CLC_F	0		
GCA_018303075.1	FAcD	0		
GCA_018303105.1	Fluc_CrcB	0		
GCA_018303105.1	CLC_F	0		
GCA_018303105.1	FAcD	0		
GCA_018303115.1	Fluc_CrcB	0		
GCA_018303115.1	CLC_F	0		
GCA_018303115.1	FAcD	0		
GCA_018303225.1	Fluc_CrcB	0		
GCA_018303225.1	CLC_F	0		
GCA_018303225.1	FAcD	0		
GCA_018303285.1	Fluc_CrcB	0		
GCA_018303285.1	CLC_F	0		
GCA_018303285.1	FAcD	0		
GCA_018303315.1	Fluc_CrcB	0		
GCA_018303315.1	CLC_F	0		
GCA_018303315.1	FAcD	0		
GCA_018303405.1	Fluc_CrcB	0		
GCA_018303405.1	CLC_F	0		
GCA_018303405.1	FAcD	0		
GCA_018303425.1	Fluc_CrcB	0		
GCA_018303425.1	CLC_F	0		
GCA_018303425.1	FAcD	0		
GCA_018303445.1	Fluc_CrcB	0		
GCA_018303445.1	CLC_F	0		
GCA_018303445.1	FAcD	0		
GCA_018303545.1	Fluc_CrcB	0		
GCA_018303545.1	CLC_F	0		
GCA_018303545.1	FAcD	0		
GCA_018303625.1	Fluc_CrcB	0		
GCA_018303625.1	CLC_F	0		
GCA_018303625.1	FAcD	0		
GCA_018303725.1	Fluc_CrcB	0		
GCA_018303725.1	CLC_F	0		
GCA_018303725.1	FAcD	0		
GCA_018303805.1	Fluc_CrcB	0		
GCA_018303805.1	CLC_F	0		
GCA_018303805.1	FAcD	0		
GCA_018304425.1	Fluc_CrcB	0		
GCA_018304425.1	CLC_F	0		
GCA_018304425.1	FAcD	0		
GCA_018304465.1	Fluc_CrcB	0		
GCA_018304465.1	CLC_F	0		
GCA_018304465.1	FAcD	0		
GCA_018304505.1	Fluc_CrcB	0		
GCA_018304505.1	CLC_F	0		
GCA_018304505.1	FAcD	0		
GCA_018304635.1	Fluc_CrcB	0		
GCA_018304635.1	CLC_F	0		
GCA_018304635.1	FAcD	0		
GCA_018335335.1	Fluc_CrcB	1	104.8	MBS3793618.1
GCA_018335335.1	CLC_F	0		
GCA_018335335.1	FAcD	0		
GCA_018396395.1	Fluc_CrcB	0		
GCA_018396395.1	CLC_F	0		
GCA_018396395.1	FAcD	0		
GCA_018396405.1	Fluc_CrcB	0		
GCA_018396405.1	CLC_F	0		
GCA_018396405.1	FAcD	0		
GCA_018396415.1	Fluc_CrcB	0		
GCA_018396415.1	CLC_F	0		
GCA_018396415.1	FAcD	0		
GCA_018396535.1	Fluc_CrcB	0		
GCA_018396535.1	CLC_F	0		
GCA_018396535.1	FAcD	0		
GCA_018396635.1	Fluc_CrcB	0		
GCA_018396635.1	CLC_F	0		
GCA_018396635.1	FAcD	0		
GCA_018396695.1	Fluc_CrcB	0		
GCA_018396695.1	CLC_F	1	212.1	MBS7631384.1
GCA_018396695.1	FAcD	0		
GCA_018396705.1	Fluc_CrcB	0		
GCA_018396705.1	CLC_F	0		
GCA_018396705.1	FAcD	0		
GCA_018396725.1	Fluc_CrcB	0		
GCA_018396725.1	CLC_F	0		
GCA_018396725.1	FAcD	0		
GCA_018396775.1	Fluc_CrcB	0		
GCA_018396775.1	CLC_F	0		
GCA_018396775.1	FAcD	0		
GCA_018396815.1	Fluc_CrcB	0		
GCA_018396815.1	CLC_F	0		
GCA_018396815.1	FAcD	0		
GCA_018396865.1	Fluc_CrcB	0		
GCA_018396865.1	CLC_F	0		
GCA_018396865.1	FAcD	0		
GCA_018396915.1	Fluc_CrcB	0		
GCA_018396915.1	CLC_F	0		
GCA_018396915.1	FAcD	0		
GCA_018396995.1	Fluc_CrcB	0		
GCA_018396995.1	CLC_F	0		
GCA_018396995.1	FAcD	0		
GCA_018399355.1	Fluc_CrcB	0		
GCA_018399355.1	CLC_F	0		
GCA_018399355.1	FAcD	0		
GCA_018475625.1	Fluc_CrcB	1	102.4	MBT0158487.1
GCA_018475625.1	CLC_F	0		
GCA_018475625.1	FAcD	0		
GCA_018609855.1	Fluc_CrcB	0		
GCA_018609855.1	CLC_F	0		
GCA_018609855.1	FAcD	0		
GCA_018646625.1	Fluc_CrcB	0		
GCA_018646625.1	CLC_F	0		
GCA_018646625.1	FAcD	0		
GCA_018652045.1	Fluc_CrcB	0		
GCA_018652045.1	CLC_F	0		
GCA_018652045.1	FAcD	0		
GCA_018653365.1	Fluc_CrcB	0		
GCA_018653365.1	CLC_F	0		
GCA_018653365.1	FAcD	0		
GCA_018655015.1	Fluc_CrcB	0		
GCA_018655015.1	CLC_F	0		
GCA_018655015.1	FAcD	0		
GCA_018656555.1	Fluc_CrcB	0		
GCA_018656555.1	CLC_F	0		
GCA_018656555.1	FAcD	0		
GCA_018657065.1	Fluc_CrcB	0		
GCA_018657065.1	CLC_F	0		
GCA_018657065.1	FAcD	0		
GCA_018657475.1	Fluc_CrcB	0		
GCA_018657475.1	CLC_F	0		
GCA_018657475.1	FAcD	0		
GCA_018658955.1	Fluc_CrcB	0		
GCA_018658955.1	CLC_F	0		
GCA_018658955.1	FAcD	0		
GCA_018663865.1	Fluc_CrcB	0		
GCA_018663865.1	CLC_F	0		
GCA_018663865.1	FAcD	0		
GCA_018671245.1	Fluc_CrcB	0		
GCA_018671245.1	CLC_F	0		
GCA_018671245.1	FAcD	0		
GCA_018675335.1	Fluc_CrcB	0		
GCA_018675335.1	CLC_F	0		
GCA_018675335.1	FAcD	0		
GCA_018675975.1	Fluc_CrcB	0		
GCA_018675975.1	CLC_F	0		
GCA_018675975.1	FAcD	0		
GCA_018692915.1	Fluc_CrcB	0		
GCA_018692915.1	CLC_F	0		
GCA_018692915.1	FAcD	0		
GCA_018692925.1	Fluc_CrcB	0		
GCA_018692925.1	CLC_F	0		
GCA_018692925.1	FAcD	0		
GCA_018696395.1	Fluc_CrcB	0		
GCA_018696395.1	CLC_F	0		
GCA_018696395.1	FAcD	0		
GCA_018696595.1	Fluc_CrcB	0		
GCA_018696595.1	CLC_F	0		
GCA_018696595.1	FAcD	0		
GCA_018698915.1	Fluc_CrcB	0		
GCA_018698915.1	CLC_F	0		
GCA_018698915.1	FAcD	0		
GCA_018813685.1	Fluc_CrcB	0		
GCA_018813685.1	CLC_F	0		
GCA_018813685.1	FAcD	0		
GCA_018813725.1	Fluc_CrcB	0		
GCA_018813725.1	CLC_F	0		
GCA_018813725.1	FAcD	0		
GCA_018813975.1	Fluc_CrcB	0		
GCA_018813975.1	CLC_F	0		
GCA_018813975.1	FAcD	0		
GCA_018814355.1	Fluc_CrcB	0		
GCA_018814355.1	CLC_F	0		
GCA_018814355.1	FAcD	0		
GCA_018816705.1	Fluc_CrcB	0		
GCA_018816705.1	CLC_F	0		
GCA_018816705.1	FAcD	0		
GCA_018818785.1	Fluc_CrcB	1	101.7	MBU1157774.1
GCA_018818785.1	CLC_F	1	208.4	MBU1159134.1
GCA_018818785.1	FAcD	0		
GCA_018819065.1	Fluc_CrcB	0		
GCA_018819065.1	CLC_F	0		
GCA_018819065.1	FAcD	0		
GCA_018824365.1	Fluc_CrcB	0		
GCA_018824365.1	CLC_F	0		
GCA_018824365.1	FAcD	0		
GCA_018825425.1	Fluc_CrcB	0		
GCA_018825425.1	CLC_F	0		
GCA_018825425.1	FAcD	0		
GCA_018829185.1	Fluc_CrcB	0		
GCA_018829185.1	CLC_F	0		
GCA_018829185.1	FAcD	0		
GCA_018829335.1	Fluc_CrcB	0		
GCA_018829335.1	CLC_F	0		
GCA_018829335.1	FAcD	0		
GCA_018829485.1	Fluc_CrcB	0		
GCA_018829485.1	CLC_F	0		
GCA_018829485.1	FAcD	0		
GCA_018829845.1	Fluc_CrcB	0		
GCA_018829845.1	CLC_F	0		
GCA_018829845.1	FAcD	0		
GCA_018830945.1	Fluc_CrcB	0		
GCA_018830945.1	CLC_F	0		
GCA_018830945.1	FAcD	0		
GCA_018831025.1	Fluc_CrcB	0		
GCA_018831025.1	CLC_F	0		
GCA_018831025.1	FAcD	0		
GCA_018894775.1	Fluc_CrcB	0		
GCA_018894775.1	CLC_F	0		
GCA_018894775.1	FAcD	0		
GCA_018897155.1	Fluc_CrcB	0		
GCA_018897155.1	CLC_F	0		
GCA_018897155.1	FAcD	0		
GCA_018901755.1	Fluc_CrcB	0		
GCA_018901755.1	CLC_F	0		
GCA_018901755.1	FAcD	0		
GCA_018920245.1	Fluc_CrcB	0		
GCA_018920245.1	CLC_F	0		
GCA_018920245.1	FAcD	0		
GCA_018920255.1	Fluc_CrcB	0		
GCA_018920255.1	CLC_F	0		
GCA_018920255.1	FAcD	0		
GCA_018920305.1	Fluc_CrcB	0		
GCA_018920305.1	CLC_F	0		
GCA_018920305.1	FAcD	0		
GCA_018920315.1	Fluc_CrcB	0		
GCA_018920315.1	CLC_F	0		
GCA_018920315.1	FAcD	0		
GCA_018920345.1	Fluc_CrcB	0		
GCA_018920345.1	CLC_F	0		
GCA_018920345.1	FAcD	0		
GCA_018992565.1	Fluc_CrcB	0		
GCA_018992565.1	CLC_F	0		
GCA_018992565.1	FAcD	0		
GCA_018992685.1	Fluc_CrcB	0		
GCA_018992685.1	CLC_F	0		
GCA_018992685.1	FAcD	0		
GCA_019056805.1	Fluc_CrcB	0		
GCA_019056805.1	CLC_F	1	254.3	DXJG01000009.1_222
GCA_019056805.1	FAcD	0		
GCA_019057635.1	Fluc_CrcB	0		
GCA_019057635.1	CLC_F	1	191.2	DXJL01000195.1_21
GCA_019057635.1	FAcD	0		
GCA_019057675.1	Fluc_CrcB	0		
GCA_019057675.1	CLC_F	1	207.7	JAHLWX010000005.1_36
GCA_019057675.1	FAcD	0		
GCA_019057815.1	Fluc_CrcB	0		
GCA_019057815.1	CLC_F	1	211.8	JAHLWR010000002.1_98
GCA_019057815.1	FAcD	0		
GCA_019084405.1	Fluc_CrcB	0		
GCA_019084405.1	CLC_F	0		
GCA_019084405.1	FAcD	0		
GCA_019246625.1	Fluc_CrcB	0		
GCA_019246625.1	CLC_F	0		
GCA_019246625.1	FAcD	0		
GCA_019262145.1	Fluc_CrcB	1	104.5	UAL08495.1
GCA_019262145.1	CLC_F	0		
GCA_019262145.1	FAcD	0		
GCA_019322375.1	Fluc_CrcB	0		
GCA_019322375.1	CLC_F	0		
GCA_019322375.1	FAcD	0		
GCA_019322435.1	Fluc_CrcB	0		
GCA_019322435.1	CLC_F	0		
GCA_019322435.1	FAcD	0		
GCA_019322475.1	Fluc_CrcB	0		
GCA_019322475.1	CLC_F	0		
GCA_019322475.1	FAcD	0		
GCA_019322485.1	Fluc_CrcB	0		
GCA_019322485.1	CLC_F	0		
GCA_019322485.1	FAcD	0		
GCA_019322545.1	Fluc_CrcB	0		
GCA_019322545.1	CLC_F	0		
GCA_019322545.1	FAcD	0		
GCA_019322735.1	Fluc_CrcB	0		
GCA_019322735.1	CLC_F	0		
GCA_019322735.1	FAcD	0		
GCA_019322805.1	Fluc_CrcB	0		
GCA_019322805.1	CLC_F	0		
GCA_019322805.1	FAcD	0		
GCA_019322895.1	Fluc_CrcB	0		
GCA_019322895.1	CLC_F	0		
GCA_019322895.1	FAcD	0		
GCA_019323235.1	Fluc_CrcB	0		
GCA_019323235.1	CLC_F	0		
GCA_019323235.1	FAcD	0		
GCA_019323355.1	Fluc_CrcB	0		
GCA_019323355.1	CLC_F	0		
GCA_019323355.1	FAcD	0		
GCA_019323495.1	Fluc_CrcB	0		
GCA_019323495.1	CLC_F	0		
GCA_019323495.1	FAcD	0		
GCA_019323515.1	Fluc_CrcB	0		
GCA_019323515.1	CLC_F	0		
GCA_019323515.1	FAcD	0		
GCA_019323525.1	Fluc_CrcB	0		
GCA_019323525.1	CLC_F	0		
GCA_019323525.1	FAcD	0		
GCA_019323575.1	Fluc_CrcB	0		
GCA_019323575.1	CLC_F	0		
GCA_019323575.1	FAcD	0		
GCA_019323665.1	Fluc_CrcB	0		
GCA_019323665.1	CLC_F	0		
GCA_019323665.1	FAcD	0		
GCA_019347805.1	Fluc_CrcB	1	110.8	MBW3583918.1
GCA_019347805.1	CLC_F	0		
GCA_019347805.1	FAcD	0		
GCA_019429005.1	Fluc_CrcB	0		
GCA_019429005.1	CLC_F	0		
GCA_019429005.1	FAcD	0		
GCA_019429125.1	Fluc_CrcB	0		
GCA_019429125.1	CLC_F	0		
GCA_019429125.1	FAcD	0		
GCA_019429385.1	Fluc_CrcB	1	112.4	MBW6517719.1
GCA_019429385.1	CLC_F	1	296.5	MBW6518410.1
GCA_019429385.1	FAcD	0		
GCA_019594305.1	Fluc_CrcB	0		
GCA_019594305.1	CLC_F	0		
GCA_019594305.1	FAcD	0		
GCA_019685555.1	Fluc_CrcB	0		
GCA_019685555.1	CLC_F	0		
GCA_019685555.1	FAcD	0		
GCA_019685655.1	Fluc_CrcB	0		
GCA_019685655.1	CLC_F	0		
GCA_019685655.1	FAcD	0		
GCA_019721035.1	Fluc_CrcB	0		
GCA_019721035.1	CLC_F	1	242.7	MBX8646595.1
GCA_019721035.1	FAcD	0		
GCA_019721075.1	Fluc_CrcB	0		
GCA_019721075.1	CLC_F	1	231.6	MBX8639200.1
GCA_019721075.1	FAcD	0		
GCA_019894715.1	Fluc_CrcB	0		
GCA_019894715.1	CLC_F	0		
GCA_019894715.1	FAcD	0		
GCA_020052545.1	Fluc_CrcB	0		
GCA_020052545.1	CLC_F	0		
GCA_020052545.1	FAcD	0		
GCA_020057295.1	Fluc_CrcB	0		
GCA_020057295.1	CLC_F	0		
GCA_020057295.1	FAcD	0		
GCA_020057405.1	Fluc_CrcB	0		
GCA_020057405.1	CLC_F	0		
GCA_020057405.1	FAcD	0		
GCA_020057445.1	Fluc_CrcB	0		
GCA_020057445.1	CLC_F	0		
GCA_020057445.1	FAcD	0		
GCA_020201485.1	Fluc_CrcB	0		
GCA_020201485.1	CLC_F	0		
GCA_020201485.1	FAcD	0		
GCA_020343615.1	Fluc_CrcB	0		
GCA_020343615.1	CLC_F	0		
GCA_020343615.1	FAcD	0		
GCA_020345945.1	Fluc_CrcB	0		
GCA_020345945.1	CLC_F	0		
GCA_020345945.1	FAcD	0		
GCA_020347705.1	Fluc_CrcB	0		
GCA_020347705.1	CLC_F	0		
GCA_020347705.1	FAcD	0		
GCA_020348445.1	Fluc_CrcB	0		
GCA_020348445.1	CLC_F	0		
GCA_020348445.1	FAcD	0		
GCA_020355125.1	Fluc_CrcB	0		
GCA_020355125.1	CLC_F	0		
GCA_020355125.1	FAcD	0		
GCA_020356005.1	Fluc_CrcB	0		
GCA_020356005.1	CLC_F	1	222.8	UCH88392.1
GCA_020356005.1	FAcD	0		
GCA_020430425.1	Fluc_CrcB	0		
GCA_020430425.1	CLC_F	0		
GCA_020430425.1	FAcD	0		
GCA_020431985.1	Fluc_CrcB	1	104.2	MCA9813107.1
GCA_020431985.1	CLC_F	1	216.6	MCA9813086.1
GCA_020431985.1	FAcD	0		
GCA_020431995.1	Fluc_CrcB	1	107.3	MCA9827904.1
GCA_020431995.1	CLC_F	0		
GCA_020431995.1	FAcD	0		
GCA_020637435.1	Fluc_CrcB	0		
GCA_020637435.1	CLC_F	0		
GCA_020637435.1	FAcD	0		
GCA_020637495.1	Fluc_CrcB	0		
GCA_020637495.1	CLC_F	0		
GCA_020637495.1	FAcD	0		
GCA_020696385.1	Fluc_CrcB	1	124.2	JAEHCQ010000003.1_18
GCA_020696385.1	CLC_F	1	207.3	JAEHCQ010000002.1_203
GCA_020696385.1	FAcD	0		
GCA_020697715.1	Fluc_CrcB	1	124.6	JAEHCO010000004.1_99
GCA_020697715.1	CLC_F	1	208.3	JAEHCO010000001.1_258
GCA_020697715.1	FAcD	0		
GCA_020723045.1	Fluc_CrcB	0		
GCA_020723045.1	CLC_F	0		
GCA_020723045.1	FAcD	0		
GCA_020723065.1	Fluc_CrcB	0		
GCA_020723065.1	CLC_F	0		
GCA_020723065.1	FAcD	0		
GCA_020723935.1	Fluc_CrcB	0		
GCA_020723935.1	CLC_F	0		
GCA_020723935.1	FAcD	0		
GCA_020832925.1	Fluc_CrcB	0		
GCA_020832925.1	CLC_F	0		
GCA_020832925.1	FAcD	0		
GCA_020833005.1	Fluc_CrcB	0		
GCA_020833005.1	CLC_F	1	223.5	MCC6018759.1
GCA_020833005.1	FAcD	0		
GCA_020833055.1	Fluc_CrcB	0		
GCA_020833055.1	CLC_F	0		
GCA_020833055.1	FAcD	0		
GCA_020833225.1	Fluc_CrcB	0		
GCA_020833225.1	CLC_F	0		
GCA_020833225.1	FAcD	0		
GCA_020833255.1	Fluc_CrcB	0		
GCA_020833255.1	CLC_F	0		
GCA_020833255.1	FAcD	0		
GCA_020854775.1	Fluc_CrcB	0		
GCA_020854775.1	CLC_F	0		
GCA_020854775.1	FAcD	0		
GCA_020854815.1	Fluc_CrcB	1	123.9	MCC7573131.1
GCA_020854815.1	CLC_F	1	213.3	MCC7573334.1
GCA_020854815.1	FAcD	0		
GCA_020854825.1	Fluc_CrcB	0		
GCA_020854825.1	CLC_F	0		
GCA_020854825.1	FAcD	0		
GCA_020854925.1	Fluc_CrcB	1	118.2	MCC7568529.1
GCA_020854925.1	CLC_F	1	180.4	MCC7568081.1
GCA_020854925.1	FAcD	0		
GCA_021107635.1	Fluc_CrcB	0		
GCA_021107635.1	CLC_F	0		
GCA_021107635.1	FAcD	0		
GCA_021108185.1	Fluc_CrcB	2	107.1	MCD4806089.1;MCD4806090.1
GCA_021108185.1	CLC_F	1	201.6	MCD4807328.1
GCA_021108185.1	FAcD	0		
GCA_021108275.1	Fluc_CrcB	2	106.7	MCD4821132.1;MCD4821133.1
GCA_021108275.1	CLC_F	1	198.1	MCD4822133.1
GCA_021108275.1	FAcD	0		
GCA_021108405.1	Fluc_CrcB	0		
GCA_021108405.1	CLC_F	1	280.8	MCD4844132.1
GCA_021108405.1	FAcD	0		
GCA_021129915.1	Fluc_CrcB	0		
GCA_021129915.1	CLC_F	0		
GCA_021129915.1	FAcD	0		
GCA_021157845.1	Fluc_CrcB	0		
GCA_021157845.1	CLC_F	0		
GCA_021157845.1	FAcD	0		
GCA_021158055.1	Fluc_CrcB	0		
GCA_021158055.1	CLC_F	0		
GCA_021158055.1	FAcD	0		
GCA_021158105.1	Fluc_CrcB	0		
GCA_021158105.1	CLC_F	0		
GCA_021158105.1	FAcD	0		
GCA_021158125.1	Fluc_CrcB	0		
GCA_021158125.1	CLC_F	1	223.8	MCD6242580.1
GCA_021158125.1	FAcD	0		
GCA_021158265.1	Fluc_CrcB	0		
GCA_021158265.1	CLC_F	0		
GCA_021158265.1	FAcD	0		
GCA_021158305.1	Fluc_CrcB	0		
GCA_021158305.1	CLC_F	1	248.6	MCD6088953.1
GCA_021158305.1	FAcD	0		
GCA_021158375.1	Fluc_CrcB	0		
GCA_021158375.1	CLC_F	1	224.7	MCD6096277.1
GCA_021158375.1	FAcD	0		
GCA_021158665.1	Fluc_CrcB	0		
GCA_021158665.1	CLC_F	0		
GCA_021158665.1	FAcD	0		
GCA_021158895.1	Fluc_CrcB	0		
GCA_021158895.1	CLC_F	0		
GCA_021158895.1	FAcD	0		
GCA_021159125.1	Fluc_CrcB	0		
GCA_021159125.1	CLC_F	0		
GCA_021159125.1	FAcD	0		
GCA_021159325.1	Fluc_CrcB	0		
GCA_021159325.1	CLC_F	0		
GCA_021159325.1	FAcD	0		
GCA_021159465.1	Fluc_CrcB	0		
GCA_021159465.1	CLC_F	0		
GCA_021159465.1	FAcD	0		
GCA_021160575.1	Fluc_CrcB	0		
GCA_021160575.1	CLC_F	1	263.5	MCD6409328.1
GCA_021160575.1	FAcD	0		
GCA_021160605.1	Fluc_CrcB	0		
GCA_021160605.1	CLC_F	0		
GCA_021160605.1	FAcD	0		
GCA_021160765.1	Fluc_CrcB	0		
GCA_021160765.1	CLC_F	0		
GCA_021160765.1	FAcD	0		
GCA_021160955.1	Fluc_CrcB	0		
GCA_021160955.1	CLC_F	0		
GCA_021160955.1	FAcD	0		
GCA_021161045.1	Fluc_CrcB	0		
GCA_021161045.1	CLC_F	1	228.9	MCD6480153.1
GCA_021161045.1	FAcD	0		
GCA_021161085.1	Fluc_CrcB	0		
GCA_021161085.1	CLC_F	0		
GCA_021161085.1	FAcD	0		
GCA_021161255.1	Fluc_CrcB	0		
GCA_021161255.1	CLC_F	1	221.7	MCD6444315.1
GCA_021161255.1	FAcD	0		
GCA_021161405.1	Fluc_CrcB	0		
GCA_021161405.1	CLC_F	0		
GCA_021161405.1	FAcD	0		
GCA_021161465.1	Fluc_CrcB	0		
GCA_021161465.1	CLC_F	0		
GCA_021161465.1	FAcD	0		
GCA_021161685.1	Fluc_CrcB	0		
GCA_021161685.1	CLC_F	0		
GCA_021161685.1	FAcD	0		
GCA_021161745.1	Fluc_CrcB	0		
GCA_021161745.1	CLC_F	0		
GCA_021161745.1	FAcD	0		
GCA_021161785.1	Fluc_CrcB	0		
GCA_021161785.1	CLC_F	0		
GCA_021161785.1	FAcD	0		
GCA_021161825.1	Fluc_CrcB	0		
GCA_021161825.1	CLC_F	1	233.2	MCD6457529.1
GCA_021161825.1	FAcD	0		
GCA_021161865.1	Fluc_CrcB	0		
GCA_021161865.1	CLC_F	0		
GCA_021161865.1	FAcD	0		
GCA_021162065.1	Fluc_CrcB	0		
GCA_021162065.1	CLC_F	0		
GCA_021162065.1	FAcD	0		
GCA_021162085.1	Fluc_CrcB	0		
GCA_021162085.1	CLC_F	0		
GCA_021162085.1	FAcD	0		
GCA_021162185.1	Fluc_CrcB	0		
GCA_021162185.1	CLC_F	0		
GCA_021162185.1	FAcD	0		
GCA_021162425.1	Fluc_CrcB	0		
GCA_021162425.1	CLC_F	0		
GCA_021162425.1	FAcD	0		
GCA_021162485.1	Fluc_CrcB	0		
GCA_021162485.1	CLC_F	0		
GCA_021162485.1	FAcD	0		
GCA_021162685.1	Fluc_CrcB	0		
GCA_021162685.1	CLC_F	0		
GCA_021162685.1	FAcD	0		
GCA_021162815.1	Fluc_CrcB	0		
GCA_021162815.1	CLC_F	0		
GCA_021162815.1	FAcD	0		
GCA_021162845.1	Fluc_CrcB	0		
GCA_021162845.1	CLC_F	2	264.8	MCD6510058.1;MCD6510176.1
GCA_021162845.1	FAcD	0		
GCA_021162855.1	Fluc_CrcB	0		
GCA_021162855.1	CLC_F	0		
GCA_021162855.1	FAcD	0		
GCA_021162925.1	Fluc_CrcB	0		
GCA_021162925.1	CLC_F	1	271.4	MCD6511519.1
GCA_021162925.1	FAcD	0		
GCA_021163005.1	Fluc_CrcB	0		
GCA_021163005.1	CLC_F	1	201.9	MCD6495721.1
GCA_021163005.1	FAcD	0		
GCA_021163065.1	Fluc_CrcB	0		
GCA_021163065.1	CLC_F	1	228.0	MCD6492272.1
GCA_021163065.1	FAcD	0		
GCA_021163145.1	Fluc_CrcB	0		
GCA_021163145.1	CLC_F	0		
GCA_021163145.1	FAcD	0		
GCA_021163205.1	Fluc_CrcB	0		
GCA_021163205.1	CLC_F	0		
GCA_021163205.1	FAcD	0		
GCA_021163225.1	Fluc_CrcB	0		
GCA_021163225.1	CLC_F	0		
GCA_021163225.1	FAcD	0		
GCA_021163365.1	Fluc_CrcB	0		
GCA_021163365.1	CLC_F	0		
GCA_021163365.1	FAcD	0		
GCA_021163455.1	Fluc_CrcB	0		
GCA_021163455.1	CLC_F	0		
GCA_021163455.1	FAcD	0		
GCA_021163645.1	Fluc_CrcB	0		
GCA_021163645.1	CLC_F	0		
GCA_021163645.1	FAcD	0		
GCA_021163805.1	Fluc_CrcB	0		
GCA_021163805.1	CLC_F	0		
GCA_021163805.1	FAcD	0		
GCA_021163965.1	Fluc_CrcB	0		
GCA_021163965.1	CLC_F	0		
GCA_021163965.1	FAcD	0		
GCA_021324115.1	Fluc_CrcB	0		
GCA_021324115.1	CLC_F	2	221.1	JAJPJS010000016.1_79;JAJPJS010000027.1_48
GCA_021324115.1	FAcD	0		
GCA_021324265.1	Fluc_CrcB	0		
GCA_021324265.1	CLC_F	0		
GCA_021324265.1	FAcD	0		
GCA_021371995.1	Fluc_CrcB	0		
GCA_021371995.1	CLC_F	0		
GCA_021371995.1	FAcD	0		
GCA_021372315.1	Fluc_CrcB	0		
GCA_021372315.1	CLC_F	0		
GCA_021372315.1	FAcD	0		
GCA_021409285.1	Fluc_CrcB	0		
GCA_021409285.1	CLC_F	0		
GCA_021409285.1	FAcD	0		
GCA_021414365.1	Fluc_CrcB	1	107.3	MCE9652043.1
GCA_021414365.1	CLC_F	0		
GCA_021414365.1	FAcD	0		
GCA_021498095.1	Fluc_CrcB	0		
GCA_021498095.1	CLC_F	1	195.4	MCF2140076.1
GCA_021498095.1	FAcD	0		
GCA_021498125.1	Fluc_CrcB	0		
GCA_021498125.1	CLC_F	2	195.9	MCF2135859.1;MCF2136368.1
GCA_021498125.1	FAcD	0		
GCA_021513695.1	Fluc_CrcB	0		
GCA_021513695.1	CLC_F	2	212.8	UJG40289.1;UJG40290.1
GCA_021513695.1	FAcD	0		
GCA_021513715.1	Fluc_CrcB	0		
GCA_021513715.1	CLC_F	2	207.6	UJG43002.1;UJG43004.1
GCA_021513715.1	FAcD	0		
GCA_021734105.1	Fluc_CrcB	0		
GCA_021734105.1	CLC_F	0		
GCA_021734105.1	FAcD	0		
GCA_021734865.1	Fluc_CrcB	0		
GCA_021734865.1	CLC_F	0		
GCA_021734865.1	FAcD	0		
GCA_021735165.1	Fluc_CrcB	0		
GCA_021735165.1	CLC_F	0		
GCA_021735165.1	FAcD	0		
GCA_021736975.1	Fluc_CrcB	0		
GCA_021736975.1	CLC_F	0		
GCA_021736975.1	FAcD	0		
GCA_021790425.1	Fluc_CrcB	0		
GCA_021790425.1	CLC_F	0		
GCA_021790425.1	FAcD	0		
GCA_021791655.1	Fluc_CrcB	0		
GCA_021791655.1	CLC_F	0		
GCA_021791655.1	FAcD	0		
GCA_021792255.1	Fluc_CrcB	0		
GCA_021792255.1	CLC_F	0		
GCA_021792255.1	FAcD	0		
GCA_021800035.1	Fluc_CrcB	0		
GCA_021800035.1	CLC_F	1	212.9	JAJYZJ010000047.1_13
GCA_021800035.1	FAcD	0		
GCA_021800365.1	Fluc_CrcB	0		
GCA_021800365.1	CLC_F	0		
GCA_021800365.1	FAcD	0		
GCA_021806165.1	Fluc_CrcB	0		
GCA_021806165.1	CLC_F	1	212.5	JAJZXY010000006.1_44
GCA_021806165.1	FAcD	0		
GCA_021809545.1	Fluc_CrcB	0		
GCA_021809545.1	CLC_F	1	188.6	JAKAYL010000012.1_2
GCA_021809545.1	FAcD	0		
GCA_021810045.1	Fluc_CrcB	0		
GCA_021810045.1	CLC_F	2	227.6	JAJZJR010000008.1_36;JAJZJR010000014.1_48
GCA_021810045.1	FAcD	0		
GCA_021812145.1	Fluc_CrcB	0		
GCA_021812145.1	CLC_F	0		
GCA_021812145.1	FAcD	0		
GCA_021813385.1	Fluc_CrcB	0		
GCA_021813385.1	CLC_F	0		
GCA_021813385.1	FAcD	0		
GCA_021817565.1	Fluc_CrcB	0		
GCA_021817565.1	CLC_F	0		
GCA_021817565.1	FAcD	0		
GCA_021817605.1	Fluc_CrcB	1	101.1	JAKAUN010000012.1_98
GCA_021817605.1	CLC_F	0		
GCA_021817605.1	FAcD	0		
GCA_021818905.1	Fluc_CrcB	0		
GCA_021818905.1	CLC_F	0		
GCA_021818905.1	FAcD	0		
GCA_021818925.1	Fluc_CrcB	0		
GCA_021818925.1	CLC_F	0		
GCA_021818925.1	FAcD	0		
GCA_021823945.1	Fluc_CrcB	0		
GCA_021823945.1	CLC_F	0		
GCA_021823945.1	FAcD	0		
GCA_022015155.1	Fluc_CrcB	0		
GCA_022015155.1	CLC_F	1	199.0	MCG2891699.1
GCA_022015155.1	FAcD	0		
GCA_022117465.1	Fluc_CrcB	0		
GCA_022117465.1	CLC_F	0		
GCA_022117465.1	FAcD	0		
GCA_022447095.1	Fluc_CrcB	0		
GCA_022447095.1	CLC_F	0		
GCA_022447095.1	FAcD	0		
GCA_022450565.1	Fluc_CrcB	0		
GCA_022450565.1	CLC_F	0		
GCA_022450565.1	FAcD	0		
GCA_022562615.1	Fluc_CrcB	0		
GCA_022562615.1	CLC_F	0		
GCA_022562615.1	FAcD	0		
GCA_022564515.1	Fluc_CrcB	0		
GCA_022564515.1	CLC_F	1	230.2	MCH7969103.1
GCA_022564515.1	FAcD	0		
GCA_022572525.1	Fluc_CrcB	0		
GCA_022572525.1	CLC_F	0		
GCA_022572525.1	FAcD	0		
GCA_022573895.1	Fluc_CrcB	0		
GCA_022573895.1	CLC_F	0		
GCA_022573895.1	FAcD	0		
GCA_022615805.1	Fluc_CrcB	0		
GCA_022615805.1	CLC_F	0		
GCA_022615805.1	FAcD	0		
GCA_022678445.1	Fluc_CrcB	0		
GCA_022678445.1	CLC_F	1	215.9	MCI2413934.1
GCA_022678445.1	FAcD	0		
GCA_022729255.1	Fluc_CrcB	0		
GCA_022729255.1	CLC_F	0		
GCA_022729255.1	FAcD	0		
GCA_022729315.1	Fluc_CrcB	0		
GCA_022729315.1	CLC_F	0		
GCA_022729315.1	FAcD	0		
GCA_022729335.1	Fluc_CrcB	0		
GCA_022729335.1	CLC_F	0		
GCA_022729335.1	FAcD	0		
GCA_022749935.1	Fluc_CrcB	0		
GCA_022749935.1	CLC_F	0		
GCA_022749935.1	FAcD	0		
GCA_022759365.1	Fluc_CrcB	0		
GCA_022759365.1	CLC_F	1	233.1	MCI4462147.1
GCA_022759365.1	FAcD	0		
GCA_022775905.1	Fluc_CrcB	0		
GCA_022775905.1	CLC_F	0		
GCA_022775905.1	FAcD	0		
GCA_022848825.1	Fluc_CrcB	0		
GCA_022848825.1	CLC_F	0		
GCA_022848825.1	FAcD	0		
GCA_022848835.1	Fluc_CrcB	0		
GCA_022848835.1	CLC_F	0		
GCA_022848835.1	FAcD	0		
GCA_022848865.1	Fluc_CrcB	0		
GCA_022848865.1	CLC_F	0		
GCA_022848865.1	FAcD	0		
GCA_022865215.1	Fluc_CrcB	0		
GCA_022865215.1	CLC_F	0		
GCA_022865215.1	FAcD	0		
GCA_022865315.1	Fluc_CrcB	0		
GCA_022865315.1	CLC_F	0		
GCA_022865315.1	FAcD	0		
GCA_022865455.1	Fluc_CrcB	0		
GCA_022865455.1	CLC_F	0		
GCA_022865455.1	FAcD	0		
GCA_023128135.1	Fluc_CrcB	0		
GCA_023128135.1	CLC_F	0		
GCA_023128135.1	FAcD	0		
GCA_023128965.1	Fluc_CrcB	0		
GCA_023128965.1	CLC_F	0		
GCA_023128965.1	FAcD	0		
GCA_023129115.1	Fluc_CrcB	0		
GCA_023129115.1	CLC_F	0		
GCA_023129115.1	FAcD	0		
GCA_023131225.1	Fluc_CrcB	0		
GCA_023131225.1	CLC_F	0		
GCA_023131225.1	FAcD	0		
GCA_023131705.1	Fluc_CrcB	0		
GCA_023131705.1	CLC_F	0		
GCA_023131705.1	FAcD	0		
GCA_023133195.1	Fluc_CrcB	0		
GCA_023133195.1	CLC_F	0		
GCA_023133195.1	FAcD	0		
GCA_023133595.1	Fluc_CrcB	0		
GCA_023133595.1	CLC_F	0		
GCA_023133595.1	FAcD	0		
GCA_023136265.1	Fluc_CrcB	0		
GCA_023136265.1	CLC_F	0		
GCA_023136265.1	FAcD	0		
GCA_023137195.1	Fluc_CrcB	1	115.0	MCK5039511.1
GCA_023137195.1	CLC_F	0		
GCA_023137195.1	FAcD	0		
GCA_023137655.1	Fluc_CrcB	0		
GCA_023137655.1	CLC_F	0		
GCA_023137655.1	FAcD	0		
GCA_023140175.1	Fluc_CrcB	0		
GCA_023140175.1	CLC_F	0		
GCA_023140175.1	FAcD	0		
GCA_023140195.1	Fluc_CrcB	0		
GCA_023140195.1	CLC_F	0		
GCA_023140195.1	FAcD	0		
GCA_023144115.1	Fluc_CrcB	0		
GCA_023144115.1	CLC_F	0		
GCA_023144115.1	FAcD	0		
GCA_023246445.1	Fluc_CrcB	0		
GCA_023246445.1	CLC_F	0		
GCA_023246445.1	FAcD	0		
GCA_023246885.1	Fluc_CrcB	0		
GCA_023246885.1	CLC_F	0		
GCA_023246885.1	FAcD	0		
GCA_023247085.1	Fluc_CrcB	0		
GCA_023247085.1	CLC_F	0		
GCA_023247085.1	FAcD	0		
GCA_023252215.1	Fluc_CrcB	1	112.5	JAHEXG010000006.1_40
GCA_023252215.1	CLC_F	0		
GCA_023252215.1	FAcD	0		
GCA_023255615.1	Fluc_CrcB	0		
GCA_023255615.1	CLC_F	0		
GCA_023255615.1	FAcD	0		
GCA_023256295.1	Fluc_CrcB	0		
GCA_023256295.1	CLC_F	1	171.3	JAGDXH010000052.1_3
GCA_023256295.1	FAcD	0		
GCA_023261755.1	Fluc_CrcB	0		
GCA_023261755.1	CLC_F	1	240.8	JAGDXS010000020.1_8
GCA_023261755.1	FAcD	0		
GCA_023261845.1	Fluc_CrcB	0		
GCA_023261845.1	CLC_F	0		
GCA_023261845.1	FAcD	0		
GCA_023264635.1	Fluc_CrcB	0		
GCA_023264635.1	CLC_F	0		
GCA_023264635.1	FAcD	0		
GCA_023265395.1	Fluc_CrcB	1	106.8	JAHFTX010000015.1_40
GCA_023265395.1	CLC_F	0		
GCA_023265395.1	FAcD	0		
GCA_023266675.1	Fluc_CrcB	0		
GCA_023266675.1	CLC_F	0		
GCA_023266675.1	FAcD	0		
GCA_023266955.1	Fluc_CrcB	0		
GCA_023266955.1	CLC_F	0		
GCA_023266955.1	FAcD	0		
GCA_023267855.1	Fluc_CrcB	0		
GCA_023267855.1	CLC_F	0		
GCA_023267855.1	FAcD	0		
GCA_023269235.1	Fluc_CrcB	1	96.1	JAHFTW010000004.1_35
GCA_023269235.1	CLC_F	1	218.0	JAHFTW010000002.1_18
GCA_023269235.1	FAcD	0		
GCA_023379385.1	Fluc_CrcB	0		
GCA_023379385.1	CLC_F	1	186.0	MCL4325733.1
GCA_023379385.1	FAcD	0		
GCA_023379805.1	Fluc_CrcB	1	105.0	MCL4437256.1
GCA_023379805.1	CLC_F	0		
GCA_023379805.1	FAcD	0		
GCA_023473665.1	Fluc_CrcB	0		
GCA_023473665.1	CLC_F	0		
GCA_023473665.1	FAcD	0		
GCA_023474775.1	Fluc_CrcB	0		
GCA_023474775.1	CLC_F	0		
GCA_023474775.1	FAcD	0		
GCA_023485295.1	Fluc_CrcB	0		
GCA_023485295.1	CLC_F	0		
GCA_023485295.1	FAcD	0		
GCA_023487205.1	Fluc_CrcB	0		
GCA_023487205.1	CLC_F	1	243.8	MCL5785510.1
GCA_023487205.1	FAcD	0		
GCA_023539445.1	Fluc_CrcB	0		
GCA_023539445.1	CLC_F	0		
GCA_023539445.1	FAcD	0		
GCA_023539495.1	Fluc_CrcB	0		
GCA_023539495.1	CLC_F	0		
GCA_023539495.1	FAcD	0		
GCA_023544605.1	Fluc_CrcB	0		
GCA_023544605.1	CLC_F	1	285.8	MCL7414448.1
GCA_023544605.1	FAcD	0		
GCA_023659865.1	Fluc_CrcB	0		
GCA_023659865.1	CLC_F	0		
GCA_023659865.1	FAcD	0		
GCA_023898345.1	Fluc_CrcB	0		
GCA_023898345.1	CLC_F	0		
GCA_023898345.1	FAcD	0		
GCA_023898365.1	Fluc_CrcB	0		
GCA_023898365.1	CLC_F	0		
GCA_023898365.1	FAcD	0		
GCA_024256165.1	Fluc_CrcB	0		
GCA_024256165.1	CLC_F	0		
GCA_024256165.1	FAcD	0		
GCA_024274695.1	Fluc_CrcB	0		
GCA_024274695.1	CLC_F	0		
GCA_024274695.1	FAcD	0		
GCA_024274875.1	Fluc_CrcB	0		
GCA_024274875.1	CLC_F	0		
GCA_024274875.1	FAcD	0		
GCA_024275655.1	Fluc_CrcB	0		
GCA_024275655.1	CLC_F	0		
GCA_024275655.1	FAcD	0		
GCA_024275665.1	Fluc_CrcB	0		
GCA_024275665.1	CLC_F	0		
GCA_024275665.1	FAcD	0		
GCA_024276795.1	Fluc_CrcB	0		
GCA_024276795.1	CLC_F	1	167.8	JAJRWK010000286.1_6
GCA_024276795.1	FAcD	0		
GCA_024276825.1	Fluc_CrcB	0		
GCA_024276825.1	CLC_F	2	182.0	JAJRWI010000050.1_54;JAJRWI010000069.1_99
GCA_024276825.1	FAcD	0		
GCA_024277205.1	Fluc_CrcB	0		
GCA_024277205.1	CLC_F	0		
GCA_024277205.1	FAcD	0		
GCA_024277315.1	Fluc_CrcB	0		
GCA_024277315.1	CLC_F	0		
GCA_024277315.1	FAcD	0		
GCA_024277355.1	Fluc_CrcB	0		
GCA_024277355.1	CLC_F	0		
GCA_024277355.1	FAcD	0		
GCA_024281315.1	Fluc_CrcB	1	114.2	JAJSAE010000060.1_15
GCA_024281315.1	CLC_F	1	219.3	JAJSAE010000001.1_13
GCA_024281315.1	FAcD	0		
GCA_024399155.1	Fluc_CrcB	0		
GCA_024399155.1	CLC_F	0		
GCA_024399155.1	FAcD	0		
GCA_024518585.1	Fluc_CrcB	0		
GCA_024518585.1	CLC_F	0		
GCA_024518585.1	FAcD	0		
GCA_024653905.1	Fluc_CrcB	0		
GCA_024653905.1	CLC_F	0		
GCA_024653905.1	FAcD	0		
GCA_024707015.1	Fluc_CrcB	0		
GCA_024707015.1	CLC_F	1	224.2	MCR6623113.1
GCA_024707015.1	FAcD	0		
GCA_024720975.1	Fluc_CrcB	0		
GCA_024720975.1	CLC_F	0		
GCA_024720975.1	FAcD	0		
GCA_024860865.1	Fluc_CrcB	0		
GCA_024860865.1	CLC_F	0		
GCA_024860865.1	FAcD	0		
GCA_025054855.1	Fluc_CrcB	0		
GCA_025054855.1	CLC_F	0		
GCA_025054855.1	FAcD	0		
GCA_025058425.1	Fluc_CrcB	0		
GCA_025058425.1	CLC_F	0		
GCA_025058425.1	FAcD	0		
GCA_025058515.1	Fluc_CrcB	0		
GCA_025058515.1	CLC_F	0		
GCA_025058515.1	FAcD	0		
GCA_025058595.1	Fluc_CrcB	0		
GCA_025058595.1	CLC_F	0		
GCA_025058595.1	FAcD	0		
GCA_025058735.1	Fluc_CrcB	0		
GCA_025058735.1	CLC_F	0		
GCA_025058735.1	FAcD	0		
GCA_025059045.1	Fluc_CrcB	0		
GCA_025059045.1	CLC_F	0		
GCA_025059045.1	FAcD	0		
GCA_025059205.1	Fluc_CrcB	0		
GCA_025059205.1	CLC_F	0		
GCA_025059205.1	FAcD	0		
GCA_025059375.1	Fluc_CrcB	0		
GCA_025059375.1	CLC_F	0		
GCA_025059375.1	FAcD	0		
GCA_025061095.1	Fluc_CrcB	0		
GCA_025061095.1	CLC_F	0		
GCA_025061095.1	FAcD	0		
GCA_025340205.1	Fluc_CrcB	1	112.8	UXD21583.1
GCA_025340205.1	CLC_F	0		
GCA_025340205.1	FAcD	0		
GCA_025517425.1	Fluc_CrcB	2	98.3	MCU4926566.1;MCU4926567.1
GCA_025517425.1	CLC_F	0		
GCA_025517425.1	FAcD	0		
GCA_025517465.1	Fluc_CrcB	2	92.8	MCU4802521.1;MCU4802522.1
GCA_025517465.1	CLC_F	0		
GCA_025517465.1	FAcD	0		
GCA_025699025.1	Fluc_CrcB	1	101.8	MCV0399358.1
GCA_025699025.1	CLC_F	0		
GCA_025699025.1	FAcD	0		
GCA_025920425.1	Fluc_CrcB	0		
GCA_025920425.1	CLC_F	0		
GCA_025920425.1	FAcD	0		
GCA_026014465.1	Fluc_CrcB	1	98.8	MCW4005744.1
GCA_026014465.1	CLC_F	1	202.2	MCW4005429.1
GCA_026014465.1	FAcD	0		
GCA_026014485.1	Fluc_CrcB	1	91.2	MCW4009659.1
GCA_026014485.1	CLC_F	1	213.8	MCW4009424.1
GCA_026014485.1	FAcD	0		
GCA_026014545.1	Fluc_CrcB	1	106.3	MCW4007182.1
GCA_026014545.1	CLC_F	0		
GCA_026014545.1	FAcD	0		
GCA_026014565.1	Fluc_CrcB	1	91.2	MCW4021991.1
GCA_026014565.1	CLC_F	1	210.2	MCW4022259.1
GCA_026014565.1	FAcD	0		
GCA_026014585.1	Fluc_CrcB	1	107.1	MCW4023556.1
GCA_026014585.1	CLC_F	1	199.2	MCW4023480.1
GCA_026014585.1	FAcD	0		
GCA_026014685.1	Fluc_CrcB	1	100.9	MCW3983464.1
GCA_026014685.1	CLC_F	0		
GCA_026014685.1	FAcD	0		
GCA_026014705.1	Fluc_CrcB	1	105.8	MCW4043923.1
GCA_026014705.1	CLC_F	0		
GCA_026014705.1	FAcD	0		
GCA_026014725.1	Fluc_CrcB	1	102.7	MCW4004840.1
GCA_026014725.1	CLC_F	0		
GCA_026014725.1	FAcD	0		
GCA_026014735.1	Fluc_CrcB	1	104.5	MCW4000548.1
GCA_026014735.1	CLC_F	0		
GCA_026014735.1	FAcD	0		
GCA_026014745.1	Fluc_CrcB	1	106.8	MCW4028236.1
GCA_026014745.1	CLC_F	2	200.7	MCW4029202.1;MCW4030516.1
GCA_026014745.1	FAcD	0		
GCA_026014805.1	Fluc_CrcB	0		
GCA_026014805.1	CLC_F	0		
GCA_026014805.1	FAcD	0		
GCA_026014875.1	Fluc_CrcB	0		
GCA_026014875.1	CLC_F	0		
GCA_026014875.1	FAcD	0		
GCA_026015185.1	Fluc_CrcB	0		
GCA_026015185.1	CLC_F	0		
GCA_026015185.1	FAcD	0		
GCA_026016205.1	Fluc_CrcB	0		
GCA_026016205.1	CLC_F	0		
GCA_026016205.1	FAcD	0		
GCA_026016245.1	Fluc_CrcB	0		
GCA_026016245.1	CLC_F	0		
GCA_026016245.1	FAcD	0		
GCA_026058435.1	Fluc_CrcB	0		
GCA_026058435.1	CLC_F	0		
GCA_026058435.1	FAcD	0		
GCA_026127925.1	Fluc_CrcB	0		
GCA_026127925.1	CLC_F	0		
GCA_026127925.1	FAcD	0		
GCA_026127935.1	Fluc_CrcB	0		
GCA_026127935.1	CLC_F	0		
GCA_026127935.1	FAcD	0		
GCA_026134025.1	Fluc_CrcB	0		
GCA_026134025.1	CLC_F	1	268.0	MCW7075832.1
GCA_026134025.1	FAcD	0		
GCA_026394315.1	Fluc_CrcB	0		
GCA_026394315.1	CLC_F	0		
GCA_026394315.1	FAcD	0		
GCA_026394375.1	Fluc_CrcB	0		
GCA_026394375.1	CLC_F	0		
GCA_026394375.1	FAcD	0		
GCA_026394395.1	Fluc_CrcB	0		
GCA_026394395.1	CLC_F	1	270.1	MCX6651623.1
GCA_026394395.1	FAcD	0		
GCA_026394555.1	Fluc_CrcB	0		
GCA_026394555.1	CLC_F	0		
GCA_026394555.1	FAcD	0		
GCA_026394715.1	Fluc_CrcB	0		
GCA_026394715.1	CLC_F	0		
GCA_026394715.1	FAcD	0		
GCA_026394965.1	Fluc_CrcB	0		
GCA_026394965.1	CLC_F	0		
GCA_026394965.1	FAcD	0		
GCA_026394995.1	Fluc_CrcB	0		
GCA_026394995.1	CLC_F	0		
GCA_026394995.1	FAcD	0		
GCA_026396285.1	Fluc_CrcB	0		
GCA_026396285.1	CLC_F	0		
GCA_026396285.1	FAcD	0		
GCA_026396385.1	Fluc_CrcB	0		
GCA_026396385.1	CLC_F	0		
GCA_026396385.1	FAcD	0		
GCA_026396425.1	Fluc_CrcB	0		
GCA_026396425.1	CLC_F	0		
GCA_026396425.1	FAcD	0		
GCA_026397315.1	Fluc_CrcB	0		
GCA_026397315.1	CLC_F	0		
GCA_026397315.1	FAcD	0		
GCA_026397335.1	Fluc_CrcB	0		
GCA_026397335.1	CLC_F	0		
GCA_026397335.1	FAcD	0		
GCA_026413605.1	Fluc_CrcB	0		
GCA_026413605.1	CLC_F	0		
GCA_026413605.1	FAcD	0		
GCA_026413765.1	Fluc_CrcB	0		
GCA_026413765.1	CLC_F	0		
GCA_026413765.1	FAcD	0		
GCA_026414225.1	Fluc_CrcB	0		
GCA_026414225.1	CLC_F	0		
GCA_026414225.1	FAcD	0		
GCA_026414265.1	Fluc_CrcB	0		
GCA_026414265.1	CLC_F	0		
GCA_026414265.1	FAcD	0		
GCA_026414305.1	Fluc_CrcB	0		
GCA_026414305.1	CLC_F	0		
GCA_026414305.1	FAcD	0		
GCA_026414365.1	Fluc_CrcB	0		
GCA_026414365.1	CLC_F	0		
GCA_026414365.1	FAcD	0		
GCA_026419855.1	Fluc_CrcB	0		
GCA_026419855.1	CLC_F	0		
GCA_026419855.1	FAcD	0		
GCA_026552955.1	Fluc_CrcB	0		
GCA_026552955.1	CLC_F	0		
GCA_026552955.1	FAcD	0		
GCA_026625165.1	Fluc_CrcB	0		
GCA_026625165.1	CLC_F	0		
GCA_026625165.1	FAcD	0		
GCA_026626905.1	Fluc_CrcB	0		
GCA_026626905.1	CLC_F	0		
GCA_026626905.1	FAcD	0		
GCA_026708305.1	Fluc_CrcB	0		
GCA_026708305.1	CLC_F	0		
GCA_026708305.1	FAcD	0		
GCA_026712925.1	Fluc_CrcB	0		
GCA_026712925.1	CLC_F	0		
GCA_026712925.1	FAcD	0		
GCA_026985775.1	Fluc_CrcB	0		
GCA_026985775.1	CLC_F	0		
GCA_026985775.1	FAcD	0		
GCA_026986305.1	Fluc_CrcB	1	110.2	JALSOU010000117.1_3
GCA_026986305.1	CLC_F	0		
GCA_026986305.1	FAcD	0		
GCA_026986575.1	Fluc_CrcB	0		
GCA_026986575.1	CLC_F	2	239.9	JALSOH010000004.1_807;JALSOH010000008.1_15
GCA_026986575.1	FAcD	0		
GCA_026989875.1	Fluc_CrcB	2	72.5	JALSIP010000090.1_7;JALSIP010000090.1_8
GCA_026989875.1	CLC_F	1	241.0	JALSIP010000049.1_7
GCA_026989875.1	FAcD	0		
GCA_026993785.1	Fluc_CrcB	0		
GCA_026993785.1	CLC_F	0		
GCA_026993785.1	FAcD	0		
GCA_026993975.1	Fluc_CrcB	0		
GCA_026993975.1	CLC_F	2	262.2	JALWRR010000045.1_6;JALWRR010000108.1_4
GCA_026993975.1	FAcD	0		
GCA_026997215.1	Fluc_CrcB	0		
GCA_026997215.1	CLC_F	0		
GCA_026997215.1	FAcD	0		
GCA_027002875.1	Fluc_CrcB	0		
GCA_027002875.1	CLC_F	0		
GCA_027002875.1	FAcD	0		
GCA_027006785.1	Fluc_CrcB	1	106.7	JALTFR010000032.1_93
GCA_027006785.1	CLC_F	0		
GCA_027006785.1	FAcD	0		
GCA_027007025.1	Fluc_CrcB	0		
GCA_027007025.1	CLC_F	0		
GCA_027007025.1	FAcD	0		
GCA_027011045.1	Fluc_CrcB	0		
GCA_027011045.1	CLC_F	0		
GCA_027011045.1	FAcD	0		
GCA_027016915.1	Fluc_CrcB	0		
GCA_027016915.1	CLC_F	1	229.4	JALURJ010000154.1_2
GCA_027016915.1	FAcD	0		
GCA_027017165.1	Fluc_CrcB	0		
GCA_027017165.1	CLC_F	1	227.4	JALURF010000175.1_8
GCA_027017165.1	FAcD	0		
GCA_027021185.1	Fluc_CrcB	0		
GCA_027021185.1	CLC_F	0		
GCA_027021185.1	FAcD	0		
GCA_027030065.1	Fluc_CrcB	0		
GCA_027030065.1	CLC_F	1	176.2	JALVFK010000071.1_2
GCA_027030065.1	FAcD	0		
GCA_027038505.1	Fluc_CrcB	0		
GCA_027038505.1	CLC_F	0		
GCA_027038505.1	FAcD	0		
GCA_027038805.1	Fluc_CrcB	0		
GCA_027038805.1	CLC_F	1	187.8	JALWGO010000014.1_1
GCA_027038805.1	FAcD	0		
GCA_027046625.1	Fluc_CrcB	0		
GCA_027046625.1	CLC_F	0		
GCA_027046625.1	FAcD	0		
GCA_027051165.1	Fluc_CrcB	0		
GCA_027051165.1	CLC_F	1	245.8	JALTZZ010000029.1_38
GCA_027051165.1	FAcD	0		
GCA_027051265.1	Fluc_CrcB	0		
GCA_027051265.1	CLC_F	0		
GCA_027051265.1	FAcD	0		
GCA_027058345.1	Fluc_CrcB	0		
GCA_027058345.1	CLC_F	0		
GCA_027058345.1	FAcD	0		
GCA_027061945.1	Fluc_CrcB	0		
GCA_027061945.1	CLC_F	2	187.0	JAMOVR010000015.1_22;JAMOVR010000065.1_38
GCA_027061945.1	FAcD	0		
GCA_027064225.1	Fluc_CrcB	0		
GCA_027064225.1	CLC_F	0		
GCA_027064225.1	FAcD	0		
GCA_027064425.1	Fluc_CrcB	1	102.1	JAMOPO010000015.1_393
GCA_027064425.1	CLC_F	0		
GCA_027064425.1	FAcD	0		
GCA_027068385.1	Fluc_CrcB	0		
GCA_027068385.1	CLC_F	0		
GCA_027068385.1	FAcD	0		
GCA_027076285.1	Fluc_CrcB	0		
GCA_027076285.1	CLC_F	0		
GCA_027076285.1	FAcD	0		
GCA_027077325.1	Fluc_CrcB	0		
GCA_027077325.1	CLC_F	1	178.2	JALTGF010000005.1_1
GCA_027077325.1	FAcD	0		
GCA_027077895.1	Fluc_CrcB	0		
GCA_027077895.1	CLC_F	0		
GCA_027077895.1	FAcD	0		
GCA_027078545.1	Fluc_CrcB	0		
GCA_027078545.1	CLC_F	1	214.0	JALWXN010000004.1_1070
GCA_027078545.1	FAcD	0		
GCA_027083135.1	Fluc_CrcB	0		
GCA_027083135.1	CLC_F	2	203.1	JALWQH010000020.1_7;JALWQH010000024.1_58
GCA_027083135.1	FAcD	0		
GCA_027297425.1	Fluc_CrcB	0		
GCA_027297425.1	CLC_F	0		
GCA_027297425.1	FAcD	0		
GCA_027310605.1	Fluc_CrcB	0		
GCA_027310605.1	CLC_F	0		
GCA_027310605.1	FAcD	0		
GCA_027460465.1	Fluc_CrcB	0		
GCA_027460465.1	CLC_F	0		
GCA_027460465.1	FAcD	0		
GCA_027460525.1	Fluc_CrcB	0		
GCA_027460525.1	CLC_F	0		
GCA_027460525.1	FAcD	0		
GCA_027460535.1	Fluc_CrcB	2	94.1	MCZ7357931.1;MCZ7357932.1
GCA_027460535.1	CLC_F	0		
GCA_027460535.1	FAcD	0		
GCA_027491455.1	Fluc_CrcB	0		
GCA_027491455.1	CLC_F	0		
GCA_027491455.1	FAcD	0		
GCA_027491845.1	Fluc_CrcB	0		
GCA_027491845.1	CLC_F	0		
GCA_027491845.1	FAcD	0		
GCA_027491935.1	Fluc_CrcB	0		
GCA_027491935.1	CLC_F	0		
GCA_027491935.1	FAcD	0		
GCA_027492035.1	Fluc_CrcB	0		
GCA_027492035.1	CLC_F	2	249.7	JAOZFT010000035.1_109;JAOZFT010000035.1_110
GCA_027492035.1	FAcD	0		
GCA_027619455.1	Fluc_CrcB	0		
GCA_027619455.1	CLC_F	0		
GCA_027619455.1	FAcD	0		
GCA_027858315.1	Fluc_CrcB	0		
GCA_027858315.1	CLC_F	0		
GCA_027858315.1	FAcD	0		
GCA_027887005.1	Fluc_CrcB	0		
GCA_027887005.1	CLC_F	0		
GCA_027887005.1	FAcD	0		
GCA_028275385.1	Fluc_CrcB	0		
GCA_028275385.1	CLC_F	0		
GCA_028275385.1	FAcD	0		
GCA_028279585.1	Fluc_CrcB	0		
GCA_028279585.1	CLC_F	1	183.4	JANQNL010000131.1_12
GCA_028279585.1	FAcD	0		
GCA_028279595.1	Fluc_CrcB	0		
GCA_028279595.1	CLC_F	0		
GCA_028279595.1	FAcD	0		
GCA_028279645.1	Fluc_CrcB	0		
GCA_028279645.1	CLC_F	0		
GCA_028279645.1	FAcD	0		
GCA_028279685.1	Fluc_CrcB	0		
GCA_028279685.1	CLC_F	0		
GCA_028279685.1	FAcD	0		
GCA_028279705.1	Fluc_CrcB	0		
GCA_028279705.1	CLC_F	0		
GCA_028279705.1	FAcD	0		
GCA_028279725.1	Fluc_CrcB	0		
GCA_028279725.1	CLC_F	0		
GCA_028279725.1	FAcD	0		
GCA_028279745.1	Fluc_CrcB	0		
GCA_028279745.1	CLC_F	0		
GCA_028279745.1	FAcD	0		
GCA_028279755.1	Fluc_CrcB	0		
GCA_028279755.1	CLC_F	0		
GCA_028279755.1	FAcD	0		
GCA_028279805.1	Fluc_CrcB	0		
GCA_028279805.1	CLC_F	0		
GCA_028279805.1	FAcD	0		
GCA_028279825.1	Fluc_CrcB	0		
GCA_028279825.1	CLC_F	0		
GCA_028279825.1	FAcD	0		
GCA_028343855.1	Fluc_CrcB	0		
GCA_028343855.1	CLC_F	0		
GCA_028343855.1	FAcD	0		
GCA_028679185.1	Fluc_CrcB	0		
GCA_028679185.1	CLC_F	0		
GCA_028679185.1	FAcD	0		
GCA_028690255.1	Fluc_CrcB	2	118.0	MDD3042997.1;MDD3042998.1
GCA_028690255.1	CLC_F	1	224.2	MDD3042776.1
GCA_028690255.1	FAcD	0		
GCA_028691435.1	Fluc_CrcB	0		
GCA_028691435.1	CLC_F	0		
GCA_028691435.1	FAcD	0		
GCA_028691765.1	Fluc_CrcB	0		
GCA_028691765.1	CLC_F	0		
GCA_028691765.1	FAcD	0		
GCA_028693395.1	Fluc_CrcB	0		
GCA_028693395.1	CLC_F	0		
GCA_028693395.1	FAcD	0		
GCA_028700115.1	Fluc_CrcB	0		
GCA_028700115.1	CLC_F	0		
GCA_028700115.1	FAcD	0		
GCA_028703755.1	Fluc_CrcB	1	126.2	MDD4308616.1
GCA_028703755.1	CLC_F	1	216.4	MDD4307923.1
GCA_028703755.1	FAcD	0		
GCA_028706745.1	Fluc_CrcB	0		
GCA_028706745.1	CLC_F	0		
GCA_028706745.1	FAcD	0		
GCA_028710695.1	Fluc_CrcB	0		
GCA_028710695.1	CLC_F	0		
GCA_028710695.1	FAcD	0		
GCA_028713935.1	Fluc_CrcB	0		
GCA_028713935.1	CLC_F	0		
GCA_028713935.1	FAcD	0		
GCA_028714095.1	Fluc_CrcB	0		
GCA_028714095.1	CLC_F	0		
GCA_028714095.1	FAcD	0		
GCA_028714375.1	Fluc_CrcB	0		
GCA_028714375.1	CLC_F	0		
GCA_028714375.1	FAcD	0		
GCA_028715295.1	Fluc_CrcB	0		
GCA_028715295.1	CLC_F	0		
GCA_028715295.1	FAcD	0		
GCA_028715885.1	Fluc_CrcB	0		
GCA_028715885.1	CLC_F	0		
GCA_028715885.1	FAcD	0		
GCA_028715985.1	Fluc_CrcB	0		
GCA_028715985.1	CLC_F	0		
GCA_028715985.1	FAcD	0		
GCA_028716125.1	Fluc_CrcB	1	127.2	MDD5502067.1
GCA_028716125.1	CLC_F	0		
GCA_028716125.1	FAcD	0		
GCA_028716945.1	Fluc_CrcB	0		
GCA_028716945.1	CLC_F	0		
GCA_028716945.1	FAcD	0		
GCA_028717345.1	Fluc_CrcB	0		
GCA_028717345.1	CLC_F	0		
GCA_028717345.1	FAcD	0		
GCA_028866575.1	Fluc_CrcB	0		
GCA_028866575.1	CLC_F	1	258.4	MDE1870742.1
GCA_028866575.1	FAcD	0		
GCA_028866895.1	Fluc_CrcB	1	98.2	MDE1861748.1
GCA_028866895.1	CLC_F	0		
GCA_028866895.1	FAcD	0		
GCA_028866995.1	Fluc_CrcB	0		
GCA_028866995.1	CLC_F	0		
GCA_028866995.1	FAcD	0		
GCA_028867025.1	Fluc_CrcB	0		
GCA_028867025.1	CLC_F	0		
GCA_028867025.1	FAcD	0		
GCA_028867275.1	Fluc_CrcB	2	99.5	MDE1844498.1;MDE1845633.1
GCA_028867275.1	CLC_F	0		
GCA_028867275.1	FAcD	0		
GCA_028867595.1	Fluc_CrcB	1	110.4	MDE1816176.1
GCA_028867595.1	CLC_F	0		
GCA_028867595.1	FAcD	0		
GCA_028867675.1	Fluc_CrcB	2	103.6	MDE1769661.1;MDE1770157.1
GCA_028867675.1	CLC_F	0		
GCA_028867675.1	FAcD	0		
GCA_028867755.1	Fluc_CrcB	1	105.8	MDE1726386.1
GCA_028867755.1	CLC_F	0		
GCA_028867755.1	FAcD	0		
GCA_028867785.1	Fluc_CrcB	1	107.3	MDE1765339.1
GCA_028867785.1	CLC_F	0		
GCA_028867785.1	FAcD	0		
GCA_029219465.1	Fluc_CrcB	0		
GCA_029219465.1	CLC_F	0		
GCA_029219465.1	FAcD	0		
GCA_029258735.1	Fluc_CrcB	0		
GCA_029258735.1	CLC_F	0		
GCA_029258735.1	FAcD	0		
GCA_029258755.1	Fluc_CrcB	0		
GCA_029258755.1	CLC_F	0		
GCA_029258755.1	FAcD	0		
GCA_029258795.1	Fluc_CrcB	0		
GCA_029258795.1	CLC_F	0		
GCA_029258795.1	FAcD	0		
GCA_029258825.1	Fluc_CrcB	0		
GCA_029258825.1	CLC_F	0		
GCA_029258825.1	FAcD	0		
GCA_029258885.1	Fluc_CrcB	0		
GCA_029258885.1	CLC_F	1	263.9	JAPDJW010000002.1_379
GCA_029258885.1	FAcD	0		
GCA_029258915.1	Fluc_CrcB	0		
GCA_029258915.1	CLC_F	0		
GCA_029258915.1	FAcD	0		
GCA_029258925.1	Fluc_CrcB	0		
GCA_029258925.1	CLC_F	2	265.9	JAPDJV010000004.1_55;JAPDJV010000004.1_60
GCA_029258925.1	FAcD	0		
GCA_029259155.1	Fluc_CrcB	0		
GCA_029259155.1	CLC_F	0		
GCA_029259155.1	FAcD	0		
GCA_029259185.1	Fluc_CrcB	0		
GCA_029259185.1	CLC_F	0		
GCA_029259185.1	FAcD	0		
GCA_029259285.1	Fluc_CrcB	0		
GCA_029259285.1	CLC_F	1	213.9	JAPDJB010000096.1_6
GCA_029259285.1	FAcD	0		
GCA_029259355.1	Fluc_CrcB	0		
GCA_029259355.1	CLC_F	1	242.7	JAPDIZ010000002.1_296
GCA_029259355.1	FAcD	0		
GCA_029259535.1	Fluc_CrcB	0		
GCA_029259535.1	CLC_F	1	210.2	MDF2955996.1
GCA_029259535.1	FAcD	0		
GCA_029259545.1	Fluc_CrcB	0		
GCA_029259545.1	CLC_F	1	210.4	MDF2956605.1
GCA_029259545.1	FAcD	0		
GCA_029335875.2	Fluc_CrcB	0		
GCA_029335875.2	CLC_F	0		
GCA_029335875.2	FAcD	0		
GCA_029460375.1	Fluc_CrcB	0		
GCA_029460375.1	CLC_F	0		
GCA_029460375.1	FAcD	0		
GCA_029547605.1	Fluc_CrcB	0		
GCA_029547605.1	CLC_F	0		
GCA_029547605.1	FAcD	0		
GCA_029637525.1	Fluc_CrcB	0		
GCA_029637525.1	CLC_F	0		
GCA_029637525.1	FAcD	0		
GCA_029688825.1	Fluc_CrcB	2	100.1	MDG5777811.1;MDG5777812.1
GCA_029688825.1	CLC_F	0		
GCA_029688825.1	FAcD	0		
GCA_029762535.1	Fluc_CrcB	0		
GCA_029762535.1	CLC_F	0		
GCA_029762535.1	FAcD	0		
GCA_029762595.1	Fluc_CrcB	2	110.3	MDG6242936.1;MDG6242937.1
GCA_029762595.1	CLC_F	1	212.6	MDG6244417.1
GCA_029762595.1	FAcD	0		
GCA_029762625.1	Fluc_CrcB	0		
GCA_029762625.1	CLC_F	1	208.6	MDG6258106.1
GCA_029762625.1	FAcD	0		
GCA_029775855.1	Fluc_CrcB	0		
GCA_029775855.1	CLC_F	1	171.5	JARVJZ010000003.1_42
GCA_029775855.1	FAcD	0		
GCA_029775915.1	Fluc_CrcB	0		
GCA_029775915.1	CLC_F	0		
GCA_029775915.1	FAcD	0		
GCA_029775925.1	Fluc_CrcB	0		
GCA_029775925.1	CLC_F	1	228.0	JARVKB010000017.1_31
GCA_029775925.1	FAcD	0		
GCA_029775955.1	Fluc_CrcB	0		
GCA_029775955.1	CLC_F	2	225.2	JARVJW010000011.1_4;JARVJW010000085.1_15
GCA_029775955.1	FAcD	0		
GCA_029775965.1	Fluc_CrcB	0		
GCA_029775965.1	CLC_F	1	239.1	JARVJU010000028.1_19
GCA_029775965.1	FAcD	0		
GCA_029775995.1	Fluc_CrcB	0		
GCA_029775995.1	CLC_F	0		
GCA_029775995.1	FAcD	0		
GCA_029776065.1	Fluc_CrcB	0		
GCA_029776065.1	CLC_F	0		
GCA_029776065.1	FAcD	0		
GCA_029785825.1	Fluc_CrcB	1	91.8	MDG6989162.1
GCA_029785825.1	CLC_F	1	205.7	MDG6989159.1
GCA_029785825.1	FAcD	0		
GCA_029850515.1	Fluc_CrcB	1	99.9	MDH2907163.1
GCA_029850515.1	CLC_F	0		
GCA_029850515.1	FAcD	0		
GCA_029856045.1	Fluc_CrcB	0		
GCA_029856045.1	CLC_F	0		
GCA_029856045.1	FAcD	0		
GCA_029856055.1	Fluc_CrcB	0		
GCA_029856055.1	CLC_F	1	261.7	JAHQWF010000003.1_26
GCA_029856055.1	FAcD	0		
GCA_029856525.1	Fluc_CrcB	0		
GCA_029856525.1	CLC_F	1	211.0	JAHQXC010000124.1_1
GCA_029856525.1	FAcD	0		
GCA_029856615.1	Fluc_CrcB	0		
GCA_029856615.1	CLC_F	2	195.6	JAHKLF010000037.1_3;JAHKLF010000296.1_1
GCA_029856615.1	FAcD	0		
GCA_029856635.1	Fluc_CrcB	0		
GCA_029856635.1	CLC_F	2	206.9	JAHKLH010000009.1_6;JAHKLH010000009.1_7
GCA_029856635.1	FAcD	0		
GCA_029856685.1	Fluc_CrcB	0		
GCA_029856685.1	CLC_F	1	256.4	JAHKKZ010000008.1_11
GCA_029856685.1	FAcD	0		
GCA_029858465.1	Fluc_CrcB	0		
GCA_029858465.1	CLC_F	0		
GCA_029858465.1	FAcD	0		
GCA_029861345.1	Fluc_CrcB	1	98.1	MDH3736639.1
GCA_029861345.1	CLC_F	0		
GCA_029861345.1	FAcD	0		
GCA_029862745.1	Fluc_CrcB	1	105.6	MDH3515646.1
GCA_029862745.1	CLC_F	0		
GCA_029862745.1	FAcD	0		
GCA_029863275.1	Fluc_CrcB	0		
GCA_029863275.1	CLC_F	0		
GCA_029863275.1	FAcD	0		
GCA_029864235.1	Fluc_CrcB	1	108.8	MDH3501015.1
GCA_029864235.1	CLC_F	0		
GCA_029864235.1	FAcD	0		
GCA_029864335.1	Fluc_CrcB	1	109.5	MDH3487060.1
GCA_029864335.1	CLC_F	0		
GCA_029864335.1	FAcD	0		
GCA_029881195.1	Fluc_CrcB	1	108.4	MDH5568522.1
GCA_029881195.1	CLC_F	0		
GCA_029881195.1	FAcD	0		
GCA_029881805.1	Fluc_CrcB	0		
GCA_029881805.1	CLC_F	0		
GCA_029881805.1	FAcD	0		
GCA_029882335.1	Fluc_CrcB	1	131.2	MDH5401836.1
GCA_029882335.1	CLC_F	1	194.4	MDH5403447.1
GCA_029882335.1	FAcD	0		
GCA_029882535.1	Fluc_CrcB	0		
GCA_029882535.1	CLC_F	0		
GCA_029882535.1	FAcD	0		
GCA_029887765.1	Fluc_CrcB	0		
GCA_029887765.1	CLC_F	1	237.5	MDH5807148.1
GCA_029887765.1	FAcD	0		
GCA_029887785.1	Fluc_CrcB	0		
GCA_029887785.1	CLC_F	1	239.7	MDH5815175.1
GCA_029887785.1	FAcD	0		
GCA_029907305.1	Fluc_CrcB	0		
GCA_029907305.1	CLC_F	0		
GCA_029907305.1	FAcD	0		
GCA_029907465.1	Fluc_CrcB	0		
GCA_029907465.1	CLC_F	0		
GCA_029907465.1	FAcD	0		
GCA_029907545.1	Fluc_CrcB	0		
GCA_029907545.1	CLC_F	0		
GCA_029907545.1	FAcD	0		
GCA_029907705.1	Fluc_CrcB	0		
GCA_029907705.1	CLC_F	0		
GCA_029907705.1	FAcD	0		
GCA_029907715.1	Fluc_CrcB	0		
GCA_029907715.1	CLC_F	1	257.3	MDH7596511.1
GCA_029907715.1	FAcD	0		
GCA_029907755.1	Fluc_CrcB	0		
GCA_029907755.1	CLC_F	1	199.2	MDH7556241.1
GCA_029907755.1	FAcD	0		
GCA_029932465.1	Fluc_CrcB	0		
GCA_029932465.1	CLC_F	0		
GCA_029932465.1	FAcD	0		
GCA_029932645.1	Fluc_CrcB	0		
GCA_029932645.1	CLC_F	0		
GCA_029932645.1	FAcD	0		
GCA_029932835.1	Fluc_CrcB	0		
GCA_029932835.1	CLC_F	0		
GCA_029932835.1	FAcD	0		
GCA_029934005.1	Fluc_CrcB	0		
GCA_029934005.1	CLC_F	0		
GCA_029934005.1	FAcD	0		
GCA_029940695.1	Fluc_CrcB	0		
GCA_029940695.1	CLC_F	0		
GCA_029940695.1	FAcD	0		
GCA_029941175.1	Fluc_CrcB	2	95.4	JAPYRM010000134.1_3;JAPYRM010000134.1_4
GCA_029941175.1	CLC_F	0		
GCA_029941175.1	FAcD	0		
GCA_029948415.1	Fluc_CrcB	0		
GCA_029948415.1	CLC_F	0		
GCA_029948415.1	FAcD	0		
GCA_029982165.1	Fluc_CrcB	0		
GCA_029982165.1	CLC_F	0		
GCA_029982165.1	FAcD	0		
GCA_030017655.1	Fluc_CrcB	0		
GCA_030017655.1	CLC_F	0		
GCA_030017655.1	FAcD	0		
GCA_030018435.1	Fluc_CrcB	0		
GCA_030018435.1	CLC_F	0		
GCA_030018435.1	FAcD	0		
GCA_030018475.1	Fluc_CrcB	0		
GCA_030018475.1	CLC_F	0		
GCA_030018475.1	FAcD	0		
GCA_030019205.1	Fluc_CrcB	0		
GCA_030019205.1	CLC_F	0		
GCA_030019205.1	FAcD	0		
GCA_030019335.1	Fluc_CrcB	0		
GCA_030019335.1	CLC_F	0		
GCA_030019335.1	FAcD	0		
GCA_030019395.1	Fluc_CrcB	0		
GCA_030019395.1	CLC_F	0		
GCA_030019395.1	FAcD	0		
GCA_030019435.1	Fluc_CrcB	0		
GCA_030019435.1	CLC_F	0		
GCA_030019435.1	FAcD	0		
GCA_030019485.1	Fluc_CrcB	0		
GCA_030019485.1	CLC_F	0		
GCA_030019485.1	FAcD	0		
GCA_030036955.1	Fluc_CrcB	1	104.0	JASHSF010000063.1_4
GCA_030036955.1	CLC_F	1	226.4	JASHSF010000099.1_6
GCA_030036955.1	FAcD	0		
GCA_030041355.1	Fluc_CrcB	0		
GCA_030041355.1	CLC_F	1	224.1	JASHNZ010000038.1_71
GCA_030041355.1	FAcD	0		
GCA_030054735.1	Fluc_CrcB	1	117.8	MDI9395996.1
GCA_030054735.1	CLC_F	0		
GCA_030054735.1	FAcD	0		
GCA_030055515.1	Fluc_CrcB	0		
GCA_030055515.1	CLC_F	0		
GCA_030055515.1	FAcD	0		
GCA_030055525.1	Fluc_CrcB	0		
GCA_030055525.1	CLC_F	0		
GCA_030055525.1	FAcD	0		
GCA_030055595.1	Fluc_CrcB	0		
GCA_030055595.1	CLC_F	0		
GCA_030055595.1	FAcD	0		
GCA_030055615.1	Fluc_CrcB	0		
GCA_030055615.1	CLC_F	0		
GCA_030055615.1	FAcD	0		
GCA_030130125.1	Fluc_CrcB	0		
GCA_030130125.1	CLC_F	2	238.1	MDK2371844.1;MDK2373368.1
GCA_030130125.1	FAcD	0		
GCA_030149205.1	Fluc_CrcB	1	92.8	JASBSB010000001.1_62
GCA_030149205.1	CLC_F	2	187.4	JASBSB010000001.1_275;JASBSB010000007.1_558
GCA_030149205.1	FAcD	0		
GCA_030153385.1	Fluc_CrcB	0		
GCA_030153385.1	CLC_F	0		
GCA_030153385.1	FAcD	0		
GCA_030154025.1	Fluc_CrcB	1	167.1	MDK2833821.1
GCA_030154025.1	CLC_F	1	211.1	MDK2834738.1
GCA_030154025.1	FAcD	0		
GCA_030154045.1	Fluc_CrcB	0		
GCA_030154045.1	CLC_F	0		
GCA_030154045.1	FAcD	0		
GCA_030156615.1	Fluc_CrcB	0		
GCA_030156615.1	CLC_F	0		
GCA_030156615.1	FAcD	0		
GCA_030156945.1	Fluc_CrcB	1	129.8	MDK2913507.1
GCA_030156945.1	CLC_F	0		
GCA_030156945.1	FAcD	0		
GCA_030168575.1	Fluc_CrcB	0		
GCA_030168575.1	CLC_F	0		
GCA_030168575.1	FAcD	0		
GCA_030168595.1	Fluc_CrcB	1	102.7	WII08929.1
GCA_030168595.1	CLC_F	0		
GCA_030168595.1	FAcD	0		
GCA_030372945.1	Fluc_CrcB	0		
GCA_030372945.1	CLC_F	1	241.5	MDM7939323.1
GCA_030372945.1	FAcD	0		
GCA_030445725.1	Fluc_CrcB	0		
GCA_030445725.1	CLC_F	0		
GCA_030445725.1	FAcD	0		
GCA_030452275.1	Fluc_CrcB	2	83.9	MDN5867196.1;MDN5867726.1
GCA_030452275.1	CLC_F	0		
GCA_030452275.1	FAcD	0		
GCA_030550585.1	Fluc_CrcB	0		
GCA_030550585.1	CLC_F	0		
GCA_030550585.1	FAcD	0		
GCA_030587585.2	Fluc_CrcB	0		
GCA_030587585.2	CLC_F	0		
GCA_030587585.2	FAcD	0		
GCA_030590165.1	Fluc_CrcB	0		
GCA_030590165.1	CLC_F	0		
GCA_030590165.1	FAcD	0		
GCA_030590605.1	Fluc_CrcB	0		
GCA_030590605.1	CLC_F	0		
GCA_030590605.1	FAcD	0		
GCA_030593295.1	Fluc_CrcB	0		
GCA_030593295.1	CLC_F	0		
GCA_030593295.1	FAcD	0		
GCA_030594205.1	Fluc_CrcB	0		
GCA_030594205.1	CLC_F	1	184.1	JAUVFR010000003.1_48
GCA_030594205.1	FAcD	0		
GCA_030594725.1	Fluc_CrcB	0		
GCA_030594725.1	CLC_F	1	196.3	JAUVEQ010000079.1_6
GCA_030594725.1	FAcD	0		
GCA_030594795.1	Fluc_CrcB	0		
GCA_030594795.1	CLC_F	0		
GCA_030594795.1	FAcD	0		
GCA_030595715.1	Fluc_CrcB	1	109.6	JAUVCN010000086.1_3
GCA_030595715.1	CLC_F	0		
GCA_030595715.1	FAcD	0		
GCA_030595765.1	Fluc_CrcB	1	115.1	JAUVCJ010000031.1_4
GCA_030595765.1	CLC_F	0		
GCA_030595765.1	FAcD	0		
GCA_030597775.1	Fluc_CrcB	0		
GCA_030597775.1	CLC_F	1	196.3	JAUVRF010000026.1_6
GCA_030597775.1	FAcD	0		
GCA_030601715.1	Fluc_CrcB	0		
GCA_030601715.1	CLC_F	0		
GCA_030601715.1	FAcD	0		
GCA_030602675.1	Fluc_CrcB	0		
GCA_030602675.1	CLC_F	0		
GCA_030602675.1	FAcD	0		
GCA_030602965.1	Fluc_CrcB	0		
GCA_030602965.1	CLC_F	0		
GCA_030602965.1	FAcD	0		
GCA_030603445.1	Fluc_CrcB	0		
GCA_030603445.1	CLC_F	1	188.7	JAUVXU010000010.1_8
GCA_030603445.1	FAcD	0		
GCA_030604065.1	Fluc_CrcB	0		
GCA_030604065.1	CLC_F	2	266.7	JAUVWO010000012.1_17;JAUVWO010000013.1_1
GCA_030604065.1	FAcD	0		
GCA_030604085.1	Fluc_CrcB	1	125.4	JAUVWP010000053.1_19
GCA_030604085.1	CLC_F	1	285.8	JAUVWP010000089.1_1
GCA_030604085.1	FAcD	0		
GCA_030605245.1	Fluc_CrcB	0		
GCA_030605245.1	CLC_F	0		
GCA_030605245.1	FAcD	0		
GCA_030605385.1	Fluc_CrcB	0		
GCA_030605385.1	CLC_F	0		
GCA_030605385.1	FAcD	0		
GCA_030605805.1	Fluc_CrcB	0		
GCA_030605805.1	CLC_F	1	276.0	JAUWHQ010000219.1_2
GCA_030605805.1	FAcD	0		
GCA_030606485.1	Fluc_CrcB	0		
GCA_030606485.1	CLC_F	0		
GCA_030606485.1	FAcD	0		
GCA_030606525.1	Fluc_CrcB	0		
GCA_030606525.1	CLC_F	1	206.3	JAUWGG010000104.1_4
GCA_030606525.1	FAcD	0		
GCA_030608565.1	Fluc_CrcB	0		
GCA_030608565.1	CLC_F	0		
GCA_030608565.1	FAcD	0		
GCA_030610945.1	Fluc_CrcB	0		
GCA_030610945.1	CLC_F	0		
GCA_030610945.1	FAcD	0		
GCA_030611045.1	Fluc_CrcB	0		
GCA_030611045.1	CLC_F	0		
GCA_030611045.1	FAcD	0		
GCA_030613185.1	Fluc_CrcB	0		
GCA_030613185.1	CLC_F	0		
GCA_030613185.1	FAcD	0		
GCA_030614005.1	Fluc_CrcB	1	52.1	JAUWKS010000030.1_11
GCA_030614005.1	CLC_F	1	189.8	JAUWKS010000017.1_9
GCA_030614005.1	FAcD	0		
GCA_030615175.1	Fluc_CrcB	0		
GCA_030615175.1	CLC_F	0		
GCA_030615175.1	FAcD	0		
GCA_030619735.1	Fluc_CrcB	0		
GCA_030619735.1	CLC_F	0		
GCA_030619735.1	FAcD	0		
GCA_030622515.1	Fluc_CrcB	0		
GCA_030622515.1	CLC_F	0		
GCA_030622515.1	FAcD	0		
GCA_030629105.1	Fluc_CrcB	0		
GCA_030629105.1	CLC_F	0		
GCA_030629105.1	FAcD	0		
GCA_030630685.1	Fluc_CrcB	0		
GCA_030630685.1	CLC_F	0		
GCA_030630685.1	FAcD	0		
GCA_030631505.1	Fluc_CrcB	0		
GCA_030631505.1	CLC_F	0		
GCA_030631505.1	FAcD	0		
GCA_030633635.1	Fluc_CrcB	0		
GCA_030633635.1	CLC_F	0		
GCA_030633635.1	FAcD	0		
GCA_030638685.1	Fluc_CrcB	1	87.4	DAOWED010000213.1_9
GCA_030638685.1	CLC_F	0		
GCA_030638685.1	FAcD	0		
GCA_030640025.1	Fluc_CrcB	0		
GCA_030640025.1	CLC_F	0		
GCA_030640025.1	FAcD	0		
GCA_030642125.1	Fluc_CrcB	0		
GCA_030642125.1	CLC_F	0		
GCA_030642125.1	FAcD	0		
GCA_030646255.1	Fluc_CrcB	0		
GCA_030646255.1	CLC_F	0		
GCA_030646255.1	FAcD	0		
GCA_030649345.1	Fluc_CrcB	0		
GCA_030649345.1	CLC_F	0		
GCA_030649345.1	FAcD	0		
GCA_030649735.1	Fluc_CrcB	0		
GCA_030649735.1	CLC_F	0		
GCA_030649735.1	FAcD	0		
GCA_030650845.1	Fluc_CrcB	0		
GCA_030650845.1	CLC_F	0		
GCA_030650845.1	FAcD	0		
GCA_030651135.1	Fluc_CrcB	0		
GCA_030651135.1	CLC_F	0		
GCA_030651135.1	FAcD	0		
GCA_030651375.1	Fluc_CrcB	0		
GCA_030651375.1	CLC_F	0		
GCA_030651375.1	FAcD	0		
GCA_030651515.1	Fluc_CrcB	0		
GCA_030651515.1	CLC_F	0		
GCA_030651515.1	FAcD	0		
GCA_030651815.1	Fluc_CrcB	0		
GCA_030651815.1	CLC_F	0		
GCA_030651815.1	FAcD	0		
GCA_030656015.1	Fluc_CrcB	0		
GCA_030656015.1	CLC_F	0		
GCA_030656015.1	FAcD	0		
GCA_030669205.1	Fluc_CrcB	0		
GCA_030669205.1	CLC_F	0		
GCA_030669205.1	FAcD	0		
GCA_030670545.1	Fluc_CrcB	0		
GCA_030670545.1	CLC_F	0		
GCA_030670545.1	FAcD	0		
GCA_030672365.1	Fluc_CrcB	0		
GCA_030672365.1	CLC_F	1	210.7	DAOVGM010000002.1_13
GCA_030672365.1	FAcD	0		
GCA_030673205.1	Fluc_CrcB	0		
GCA_030673205.1	CLC_F	0		
GCA_030673205.1	FAcD	0		
GCA_030681145.1	Fluc_CrcB	0		
GCA_030681145.1	CLC_F	0		
GCA_030681145.1	FAcD	0		
GCA_030688545.1	Fluc_CrcB	0		
GCA_030688545.1	CLC_F	0		
GCA_030688545.1	FAcD	0		
GCA_030690755.1	Fluc_CrcB	0		
GCA_030690755.1	CLC_F	0		
GCA_030690755.1	FAcD	0		
GCA_030691925.1	Fluc_CrcB	0		
GCA_030691925.1	CLC_F	0		
GCA_030691925.1	FAcD	0		
GCA_030694985.1	Fluc_CrcB	0		
GCA_030694985.1	CLC_F	0		
GCA_030694985.1	FAcD	0		
GCA_030697505.1	Fluc_CrcB	0		
GCA_030697505.1	CLC_F	0		
GCA_030697505.1	FAcD	0		
GCA_030697615.1	Fluc_CrcB	0		
GCA_030697615.1	CLC_F	0		
GCA_030697615.1	FAcD	0		
GCA_030700155.1	Fluc_CrcB	0		
GCA_030700155.1	CLC_F	0		
GCA_030700155.1	FAcD	0		
GCA_030704845.1	Fluc_CrcB	0		
GCA_030704845.1	CLC_F	0		
GCA_030704845.1	FAcD	0		
GCA_030739585.1	Fluc_CrcB	0		
GCA_030739585.1	CLC_F	0		
GCA_030739585.1	FAcD	0		
GCA_030740765.1	Fluc_CrcB	0		
GCA_030740765.1	CLC_F	1	180.3	MDP6155525.1
GCA_030740765.1	FAcD	0		
GCA_030745655.1	Fluc_CrcB	0		
GCA_030745655.1	CLC_F	0		
GCA_030745655.1	FAcD	0		
GCA_030748895.1	Fluc_CrcB	0		
GCA_030748895.1	CLC_F	0		
GCA_030748895.1	FAcD	0		
GCA_030750765.1	Fluc_CrcB	0		
GCA_030750765.1	CLC_F	0		
GCA_030750765.1	FAcD	0		
GCA_030753365.1	Fluc_CrcB	0		
GCA_030753365.1	CLC_F	0		
GCA_030753365.1	FAcD	0		
GCA_030754655.1	Fluc_CrcB	0		
GCA_030754655.1	CLC_F	0		
GCA_030754655.1	FAcD	0		
GCA_030756715.1	Fluc_CrcB	0		
GCA_030756715.1	CLC_F	1	207.4	MDP8024084.1
GCA_030756715.1	FAcD	0		
GCA_030837285.1	Fluc_CrcB	0		
GCA_030837285.1	CLC_F	0		
GCA_030837285.1	FAcD	0		
GCA_031200235.1	Fluc_CrcB	0		
GCA_031200235.1	CLC_F	1	230.5	WMT45260.1
GCA_031200235.1	FAcD	0		
GCA_031267895.1	Fluc_CrcB	1	78.3	MDR1404490.1
GCA_031267895.1	CLC_F	0		
GCA_031267895.1	FAcD	0		
GCA_031274765.1	Fluc_CrcB	1	97.1	MDR1993529.1
GCA_031274765.1	CLC_F	0		
GCA_031274765.1	FAcD	0		
GCA_031316115.1	Fluc_CrcB	1	96.9	MDR4512363.1
GCA_031316115.1	CLC_F	0		
GCA_031316115.1	FAcD	0		
GCA_031961865.1	Fluc_CrcB	0		
GCA_031961865.1	CLC_F	1	246.8	JAVRLB010000041.1_7
GCA_031961865.1	FAcD	0		
GCA_032249235.1	Fluc_CrcB	0		
GCA_032249235.1	CLC_F	0		
GCA_032249235.1	FAcD	0		
GCA_032249315.1	Fluc_CrcB	0		
GCA_032249315.1	CLC_F	0		
GCA_032249315.1	FAcD	0		
GCA_032598985.1	Fluc_CrcB	0		
GCA_032598985.1	CLC_F	0		
GCA_032598985.1	FAcD	0		
GCA_032834875.1	Fluc_CrcB	0		
GCA_032834875.1	CLC_F	1	202.1	WOE50547.1
GCA_032834875.1	FAcD	0		
GCA_032906765.1	Fluc_CrcB	0		
GCA_032906765.1	CLC_F	0		
GCA_032906765.1	FAcD	0		
GCA_033471095.1	Fluc_CrcB	0		
GCA_033471095.1	CLC_F	0		
GCA_033471095.1	FAcD	0		
GCA_033485155.1	Fluc_CrcB	1	111.5	MDW5563570.1
GCA_033485155.1	CLC_F	2	257.4	MDW5561710.1;MDW5562624.1
GCA_033485155.1	FAcD	0		
GCA_033549165.1	Fluc_CrcB	2	125.9	MDW7731797.1;MDW7732188.1
GCA_033549165.1	CLC_F	1	204.9	MDW7733256.1
GCA_033549165.1	FAcD	0		
GCA_034008115.1	Fluc_CrcB	2	111.1	MDY0386546.1;MDY0386547.1
GCA_034008115.1	CLC_F	1	216.5	MDY0388549.1
GCA_034008115.1	FAcD	0		
GCA_034189535.1	Fluc_CrcB	1	118.9	MDY6865538.1
GCA_034189535.1	CLC_F	0		
GCA_034189535.1	FAcD	0		
GCA_034190145.1	Fluc_CrcB	1	121.9	MDY6930477.1
GCA_034190145.1	CLC_F	0		
GCA_034190145.1	FAcD	0		
GCA_034190245.1	Fluc_CrcB	0		
GCA_034190245.1	CLC_F	0		
GCA_034190245.1	FAcD	0		
GCA_034190325.1	Fluc_CrcB	0		
GCA_034190325.1	CLC_F	0		
GCA_034190325.1	FAcD	0		
GCA_034190395.1	Fluc_CrcB	2	99.5	MDY6817149.1;MDY6817150.1
GCA_034190395.1	CLC_F	0		
GCA_034190395.1	FAcD	0		
GCA_034190465.1	Fluc_CrcB	0		
GCA_034190465.1	CLC_F	0		
GCA_034190465.1	FAcD	0		
GCA_034190545.1	Fluc_CrcB	2	103.8	MDY6775522.1;MDY6775523.1
GCA_034190545.1	CLC_F	0		
GCA_034190545.1	FAcD	0		
GCA_034190585.1	Fluc_CrcB	0		
GCA_034190585.1	CLC_F	0		
GCA_034190585.1	FAcD	0		
GCA_034522195.1	Fluc_CrcB	2	91.8	MDZ7687424.1;MDZ7687425.1
GCA_034522195.1	CLC_F	0		
GCA_034522195.1	FAcD	0		
GCA_034659615.1	Fluc_CrcB	2	100.8	MEA1985287.1;MEA1985288.1
GCA_034659615.1	CLC_F	0		
GCA_034659615.1	FAcD	0		
GCA_034659935.1	Fluc_CrcB	0		
GCA_034659935.1	CLC_F	1	200.9	MEA2034414.1
GCA_034659935.1	FAcD	0		
GCA_034659995.1	Fluc_CrcB	0		
GCA_034659995.1	CLC_F	0		
GCA_034659995.1	FAcD	0		
GCA_034660355.1	Fluc_CrcB	0		
GCA_034660355.1	CLC_F	0		
GCA_034660355.1	FAcD	0		
GCA_034660695.1	Fluc_CrcB	0		
GCA_034660695.1	CLC_F	0		
GCA_034660695.1	FAcD	0		
GCA_034660895.1	Fluc_CrcB	0		
GCA_034660895.1	CLC_F	0		
GCA_034660895.1	FAcD	0		
GCA_034667685.1	Fluc_CrcB	1	118.8	MEA3199133.1
GCA_034667685.1	CLC_F	1	179.1	MEA3198719.1
GCA_034667685.1	FAcD	0		
GCA_034718475.1	Fluc_CrcB	0		
GCA_034718475.1	CLC_F	0		
GCA_034718475.1	FAcD	0		
GCA_034722435.1	Fluc_CrcB	0		
GCA_034722435.1	CLC_F	0		
GCA_034722435.1	FAcD	0		
GCA_034723595.1	Fluc_CrcB	0		
GCA_034723595.1	CLC_F	0		
GCA_034723595.1	FAcD	0		
GCA_034928305.1	Fluc_CrcB	1	96.9	MEA4977164.1
GCA_034928305.1	CLC_F	0		
GCA_034928305.1	FAcD	0		
GCA_035161305.1	Fluc_CrcB	0		
GCA_035161305.1	CLC_F	1	204.5	MEB2793103.1
GCA_035161305.1	FAcD	0		
GCA_035175045.1	Fluc_CrcB	0		
GCA_035175045.1	CLC_F	1	217.4	MEB2835775.1
GCA_035175045.1	FAcD	0		
GCA_035250685.1	Fluc_CrcB	0		
GCA_035250685.1	CLC_F	3	245.3	HJR84137.1;HJR84607.1;HJR85197.1
GCA_035250685.1	FAcD	0		
GCA_035252175.1	Fluc_CrcB	1	105.3	HJT48951.1
GCA_035252175.1	CLC_F	0		
GCA_035252175.1	FAcD	0		
GCA_035252645.1	Fluc_CrcB	1	105.2	HJU14454.1
GCA_035252645.1	CLC_F	0		
GCA_035252645.1	FAcD	0		
GCA_035253045.1	Fluc_CrcB	1	94.1	HJU34923.1
GCA_035253045.1	CLC_F	0		
GCA_035253045.1	FAcD	0		
GCA_035253345.1	Fluc_CrcB	0		
GCA_035253345.1	CLC_F	0		
GCA_035253345.1	FAcD	0		
GCA_035269625.1	Fluc_CrcB	1	57.4	HKL30710.1
GCA_035269625.1	CLC_F	0		
GCA_035269625.1	FAcD	0		
GCA_035271165.1	Fluc_CrcB	1	105.2	HKM09811.1
GCA_035271165.1	CLC_F	0		
GCA_035271165.1	FAcD	0		
GCA_035276505.1	Fluc_CrcB	1	93.3	HKR72911.1
GCA_035276505.1	CLC_F	0		
GCA_035276505.1	FAcD	0		
GCA_035279165.1	Fluc_CrcB	0		
GCA_035279165.1	CLC_F	0		
GCA_035279165.1	FAcD	0		
GCA_035283065.1	Fluc_CrcB	0		
GCA_035283065.1	CLC_F	0		
GCA_035283065.1	FAcD	0		
GCA_035283165.1	Fluc_CrcB	0		
GCA_035283165.1	CLC_F	0		
GCA_035283165.1	FAcD	0		
GCA_035283685.1	Fluc_CrcB	0		
GCA_035283685.1	CLC_F	0		
GCA_035283685.1	FAcD	0		
GCA_035288505.1	Fluc_CrcB	0		
GCA_035288505.1	CLC_F	0		
GCA_035288505.1	FAcD	0		
GCA_035288565.1	Fluc_CrcB	0		
GCA_035288565.1	CLC_F	0		
GCA_035288565.1	FAcD	0		
GCA_035288725.1	Fluc_CrcB	0		
GCA_035288725.1	CLC_F	0		
GCA_035288725.1	FAcD	0		
GCA_035288785.1	Fluc_CrcB	0		
GCA_035288785.1	CLC_F	0		
GCA_035288785.1	FAcD	0		
GCA_035289005.1	Fluc_CrcB	0		
GCA_035289005.1	CLC_F	0		
GCA_035289005.1	FAcD	0		
GCA_035289105.1	Fluc_CrcB	0		
GCA_035289105.1	CLC_F	0		
GCA_035289105.1	FAcD	0		
GCA_035289205.1	Fluc_CrcB	0		
GCA_035289205.1	CLC_F	0		
GCA_035289205.1	FAcD	0		
GCA_035289325.1	Fluc_CrcB	0		
GCA_035289325.1	CLC_F	0		
GCA_035289325.1	FAcD	0		
GCA_035289425.1	Fluc_CrcB	0		
GCA_035289425.1	CLC_F	0		
GCA_035289425.1	FAcD	0		
GCA_035289625.1	Fluc_CrcB	0		
GCA_035289625.1	CLC_F	0		
GCA_035289625.1	FAcD	0		
GCA_035289665.1	Fluc_CrcB	0		
GCA_035289665.1	CLC_F	0		
GCA_035289665.1	FAcD	0		
GCA_035289865.1	Fluc_CrcB	0		
GCA_035289865.1	CLC_F	0		
GCA_035289865.1	FAcD	0		
GCA_035289885.1	Fluc_CrcB	0		
GCA_035289885.1	CLC_F	0		
GCA_035289885.1	FAcD	0		
GCA_035289925.1	Fluc_CrcB	0		
GCA_035289925.1	CLC_F	0		
GCA_035289925.1	FAcD	0		
GCA_035290025.1	Fluc_CrcB	0		
GCA_035290025.1	CLC_F	0		
GCA_035290025.1	FAcD	0		
GCA_035290505.1	Fluc_CrcB	0		
GCA_035290505.1	CLC_F	0		
GCA_035290505.1	FAcD	0		
GCA_035290625.1	Fluc_CrcB	0		
GCA_035290625.1	CLC_F	0		
GCA_035290625.1	FAcD	0		
GCA_035290825.1	Fluc_CrcB	0		
GCA_035290825.1	CLC_F	0		
GCA_035290825.1	FAcD	0		
GCA_035291025.1	Fluc_CrcB	0		
GCA_035291025.1	CLC_F	0		
GCA_035291025.1	FAcD	0		
GCA_035291125.1	Fluc_CrcB	0		
GCA_035291125.1	CLC_F	0		
GCA_035291125.1	FAcD	0		
GCA_035291205.1	Fluc_CrcB	0		
GCA_035291205.1	CLC_F	0		
GCA_035291205.1	FAcD	0		
GCA_035291225.1	Fluc_CrcB	0		
GCA_035291225.1	CLC_F	0		
GCA_035291225.1	FAcD	0		
GCA_035292785.1	Fluc_CrcB	0		
GCA_035292785.1	CLC_F	0		
GCA_035292785.1	FAcD	0		
GCA_035297365.1	Fluc_CrcB	0		
GCA_035297365.1	CLC_F	0		
GCA_035297365.1	FAcD	0		
GCA_035297385.1	Fluc_CrcB	0		
GCA_035297385.1	CLC_F	0		
GCA_035297385.1	FAcD	0		
GCA_035299465.1	Fluc_CrcB	0		
GCA_035299465.1	CLC_F	0		
GCA_035299465.1	FAcD	0		
GCA_035362715.1	Fluc_CrcB	1	119.7	HOI76046.1
GCA_035362715.1	CLC_F	1	207.3	HOI76490.1
GCA_035362715.1	FAcD	0		
GCA_035363095.1	Fluc_CrcB	0		
GCA_035363095.1	CLC_F	0		
GCA_035363095.1	FAcD	0		
GCA_035455105.1	Fluc_CrcB	1	105.7	HSB82915.1
GCA_035455105.1	CLC_F	0		
GCA_035455105.1	FAcD	0		
GCA_035455245.1	Fluc_CrcB	1	97.1	HSB57029.1
GCA_035455245.1	CLC_F	0		
GCA_035455245.1	FAcD	0		
GCA_035506675.1	Fluc_CrcB	0		
GCA_035506675.1	CLC_F	1	256.9	HTY47124.1
GCA_035506675.1	FAcD	0		
GCA_035527755.1	Fluc_CrcB	0		
GCA_035527755.1	CLC_F	1	263.5	HUT27310.1
GCA_035527755.1	FAcD	0		
GCA_035527875.1	Fluc_CrcB	0		
GCA_035527875.1	CLC_F	0		
GCA_035527875.1	FAcD	0		
GCA_035528475.1	Fluc_CrcB	0		
GCA_035528475.1	CLC_F	1	220.6	HUU75337.1
GCA_035528475.1	FAcD	0		
GCA_035528495.1	Fluc_CrcB	2	111.0	HUU47202.1;HUU47318.1
GCA_035528495.1	CLC_F	0		
GCA_035528495.1	FAcD	0		
GCA_035529155.1	Fluc_CrcB	0		
GCA_035529155.1	CLC_F	1	284.2	HUV24584.1
GCA_035529155.1	FAcD	0		
GCA_035531115.1	Fluc_CrcB	0		
GCA_035531115.1	CLC_F	1	235.8	HUX99750.1
GCA_035531115.1	FAcD	0		
GCA_035532555.1	Fluc_CrcB	0		
GCA_035532555.1	CLC_F	1	220.0	HUZ79465.1
GCA_035532555.1	FAcD	0		
GCA_035540375.1	Fluc_CrcB	0		
GCA_035540375.1	CLC_F	1	168.0	HVL47225.1
GCA_035540375.1	FAcD	0		
GCA_035541015.1	Fluc_CrcB	0		
GCA_035541015.1	CLC_F	0		
GCA_035541015.1	FAcD	0		
GCA_035543455.1	Fluc_CrcB	0		
GCA_035543455.1	CLC_F	0		
GCA_035543455.1	FAcD	0		
GCA_035561295.1	Fluc_CrcB	0		
GCA_035561295.1	CLC_F	0		
GCA_035561295.1	FAcD	0		
GCA_035562195.1	Fluc_CrcB	0		
GCA_035562195.1	CLC_F	0		
GCA_035562195.1	FAcD	0		
GCA_035620615.1	Fluc_CrcB	0		
GCA_035620615.1	CLC_F	0		
GCA_035620615.1	FAcD	0		
GCA_035620895.1	Fluc_CrcB	0		
GCA_035620895.1	CLC_F	1	247.0	HXV88268.1
GCA_035620895.1	FAcD	0		
GCA_035622275.1	Fluc_CrcB	0		
GCA_035622275.1	CLC_F	0		
GCA_035622275.1	FAcD	0		
GCA_035622335.1	Fluc_CrcB	0		
GCA_035622335.1	CLC_F	0		
GCA_035622335.1	FAcD	0		
GCA_035626895.1	Fluc_CrcB	0		
GCA_035626895.1	CLC_F	0		
GCA_035626895.1	FAcD	0		
GCA_035631875.1	Fluc_CrcB	1	101.2	HYL65546.1
GCA_035631875.1	CLC_F	0		
GCA_035631875.1	FAcD	0		
GCA_035632695.1	Fluc_CrcB	0		
GCA_035632695.1	CLC_F	1	253.2	HYM38536.1
GCA_035632695.1	FAcD	0		
GCA_035636595.1	Fluc_CrcB	0		
GCA_035636595.1	CLC_F	0		
GCA_035636595.1	FAcD	0		
GCA_035639375.1	Fluc_CrcB	0		
GCA_035639375.1	CLC_F	0		
GCA_035639375.1	FAcD	0		
GCA_035642715.1	Fluc_CrcB	0		
GCA_035642715.1	CLC_F	0		
GCA_035642715.1	FAcD	0		
GCA_035643435.1	Fluc_CrcB	0		
GCA_035643435.1	CLC_F	0		
GCA_035643435.1	FAcD	0		
GCA_035643635.1	Fluc_CrcB	1	98.6	HZE77086.1
GCA_035643635.1	CLC_F	0		
GCA_035643635.1	FAcD	0		
GCA_035656275.1	Fluc_CrcB	0		
GCA_035656275.1	CLC_F	1	221.0	HZY91821.1
GCA_035656275.1	FAcD	0		
GCA_035685445.1	Fluc_CrcB	1	101.0	HET6518140.1
GCA_035685445.1	CLC_F	0		
GCA_035685445.1	FAcD	0		
GCA_035685565.1	Fluc_CrcB	1	101.3	HET6457443.1
GCA_035685565.1	CLC_F	0		
GCA_035685565.1	FAcD	0		
GCA_035691865.1	Fluc_CrcB	1	99.8	HET7148012.1
GCA_035691865.1	CLC_F	0		
GCA_035691865.1	FAcD	0		
GCA_035703205.1	Fluc_CrcB	1	110.0	HET9009108.1
GCA_035703205.1	CLC_F	0		
GCA_035703205.1	FAcD	0		
GCA_035706205.1	Fluc_CrcB	0		
GCA_035706205.1	CLC_F	0		
GCA_035706205.1	FAcD	0		
GCA_035935115.1	Fluc_CrcB	1	99.9	HEV2192560.1
GCA_035935115.1	CLC_F	0		
GCA_035935115.1	FAcD	0		
GCA_035935655.1	Fluc_CrcB	0		
GCA_035935655.1	CLC_F	0		
GCA_035935655.1	FAcD	0		
GCA_036003985.1	Fluc_CrcB	1	109.9	HEV8359115.1
GCA_036003985.1	CLC_F	0		
GCA_036003985.1	FAcD	0		
GCA_036004805.1	Fluc_CrcB	0		
GCA_036004805.1	CLC_F	0		
GCA_036004805.1	FAcD	0		
GCA_036171435.1	Fluc_CrcB	0		
GCA_036171435.1	CLC_F	0		
GCA_036171435.1	FAcD	0		
GCA_036280615.1	Fluc_CrcB	0		
GCA_036280615.1	CLC_F	2	243.1	HEX5920518.1;HEX5920872.1
GCA_036280615.1	FAcD	0		
GCA_036380115.1	Fluc_CrcB	1	61.7	HEX7256578.1
GCA_036380115.1	CLC_F	0		
GCA_036380115.1	FAcD	0		
GCA_036395115.1	Fluc_CrcB	0		
GCA_036395115.1	CLC_F	0		
GCA_036395115.1	FAcD	0		
GCA_036396715.1	Fluc_CrcB	1	92.6	HEX9844904.1
GCA_036396715.1	CLC_F	0		
GCA_036396715.1	FAcD	0		
GCA_036443875.1	Fluc_CrcB	0		
GCA_036443875.1	CLC_F	0		
GCA_036443875.1	FAcD	0		
GCA_036444275.1	Fluc_CrcB	0		
GCA_036444275.1	CLC_F	0		
GCA_036444275.1	FAcD	0		
GCA_036444795.1	Fluc_CrcB	0		
GCA_036444795.1	CLC_F	0		
GCA_036444795.1	FAcD	0		
GCA_036446635.1	Fluc_CrcB	0		
GCA_036446635.1	CLC_F	0		
GCA_036446635.1	FAcD	0		
GCA_036446855.1	Fluc_CrcB	0		
GCA_036446855.1	CLC_F	0		
GCA_036446855.1	FAcD	0		
GCA_036475875.1	Fluc_CrcB	0		
GCA_036475875.1	CLC_F	0		
GCA_036475875.1	FAcD	0		
GCA_036482035.1	Fluc_CrcB	0		
GCA_036482035.1	CLC_F	0		
GCA_036482035.1	FAcD	0		
GCA_036504055.1	Fluc_CrcB	0		
GCA_036504055.1	CLC_F	0		
GCA_036504055.1	FAcD	0		
GCA_036518375.1	Fluc_CrcB	0		
GCA_036518375.1	CLC_F	0		
GCA_036518375.1	FAcD	0		
GCA_036520175.1	Fluc_CrcB	0		
GCA_036520175.1	CLC_F	0		
GCA_036520175.1	FAcD	0		
GCA_036521355.1	Fluc_CrcB	1	97.1	HEY6535254.1
GCA_036521355.1	CLC_F	0		
GCA_036521355.1	FAcD	0		
GCA_036522495.1	Fluc_CrcB	0		
GCA_036522495.1	CLC_F	1	173.2	HEY6163526.1
GCA_036522495.1	FAcD	0		
GCA_036525555.1	Fluc_CrcB	1	100.5	HEY5735794.1
GCA_036525555.1	CLC_F	0		
GCA_036525555.1	FAcD	0		
GCA_036557405.1	Fluc_CrcB	1	101.4	HEY7227153.1
GCA_036557405.1	CLC_F	2	244.1	HEY7226517.1;HEY7228684.1
GCA_036557405.1	FAcD	0		
GCA_036558405.1	Fluc_CrcB	0		
GCA_036558405.1	CLC_F	3	238.6	HEY7108921.1;HEY7109037.1;HEY7110377.1
GCA_036558405.1	FAcD	0		
GCA_036560565.1	Fluc_CrcB	2	97.5	HEY8109485.1;HEY8110479.1
GCA_036560565.1	CLC_F	0		
GCA_036560565.1	FAcD	0		
GCA_036567605.1	Fluc_CrcB	0		
GCA_036567605.1	CLC_F	0		
GCA_036567605.1	FAcD	0		
GCA_036625905.1	Fluc_CrcB	2	96.1	MEF8840133.1;MEF8840134.1
GCA_036625905.1	CLC_F	0		
GCA_036625905.1	FAcD	0		
GCA_036626315.1	Fluc_CrcB	2	74.5	MEF8831219.1;MEF8831220.1
GCA_036626315.1	CLC_F	0		
GCA_036626315.1	FAcD	0		
GCA_036677555.1	Fluc_CrcB	0		
GCA_036677555.1	CLC_F	1	260.3	JAVBWG010000005.1_52
GCA_036677555.1	FAcD	0		
GCA_036733165.1	Fluc_CrcB	1	121.4	DAINBB010000004.1_8
GCA_036733165.1	CLC_F	1	207.1	DAINBB010000001.1_87
GCA_036733165.1	FAcD	0		
GCA_036795795.1	Fluc_CrcB	0		
GCA_036795795.1	CLC_F	0		
GCA_036795795.1	FAcD	0		
GCA_036826255.1	Fluc_CrcB	0		
GCA_036826255.1	CLC_F	0		
GCA_036826255.1	FAcD	0		
GCA_037128175.1	Fluc_CrcB	0		
GCA_037128175.1	CLC_F	0		
GCA_037128175.1	FAcD	0		
GCA_037389275.1	Fluc_CrcB	0		
GCA_037389275.1	CLC_F	1	229.7	MEJ2775884.1
GCA_037389275.1	FAcD	0		
GCA_037439845.1	Fluc_CrcB	0		
GCA_037439845.1	CLC_F	0		
GCA_037439845.1	FAcD	0		
GCA_037440825.1	Fluc_CrcB	0		
GCA_037440825.1	CLC_F	0		
GCA_037440825.1	FAcD	0		
GCA_037441475.1	Fluc_CrcB	0		
GCA_037441475.1	CLC_F	0		
GCA_037441475.1	FAcD	0		
GCA_037442405.1	Fluc_CrcB	0		
GCA_037442405.1	CLC_F	0		
GCA_037442405.1	FAcD	0		
GCA_037442745.1	Fluc_CrcB	0		
GCA_037442745.1	CLC_F	0		
GCA_037442745.1	FAcD	0		
GCA_037442865.1	Fluc_CrcB	0		
GCA_037442865.1	CLC_F	1	350.0	JBBIPM010000007.1_8
GCA_037442865.1	FAcD	0		
GCA_037442905.1	Fluc_CrcB	0		
GCA_037442905.1	CLC_F	0		
GCA_037442905.1	FAcD	0		
GCA_037443105.1	Fluc_CrcB	0		
GCA_037443105.1	CLC_F	1	248.8	JBBIOZ010000026.1_19
GCA_037443105.1	FAcD	0		
GCA_037444485.1	Fluc_CrcB	0		
GCA_037444485.1	CLC_F	0		
GCA_037444485.1	FAcD	0		
GCA_037444945.1	Fluc_CrcB	0		
GCA_037444945.1	CLC_F	0		
GCA_037444945.1	FAcD	0		
GCA_037478935.1	Fluc_CrcB	0		
GCA_037478935.1	CLC_F	1	214.9	MEJ5293230.1
GCA_037478935.1	FAcD	0		
GCA_037481775.1	Fluc_CrcB	1	108.4	MEJ5327260.1
GCA_037481775.1	CLC_F	1	204.1	MEJ5327234.1
GCA_037481775.1	FAcD	0		
GCA_037917635.1	Fluc_CrcB	0		
GCA_037917635.1	CLC_F	0		
GCA_037917635.1	FAcD	0		
GCA_037917675.1	Fluc_CrcB	0		
GCA_037917675.1	CLC_F	1	247.7	JAVCBW010000017.1_16
GCA_037917675.1	FAcD	0		
GCA_037917685.1	Fluc_CrcB	0		
GCA_037917685.1	CLC_F	0		
GCA_037917685.1	FAcD	0		
GCA_038045085.1	Fluc_CrcB	0		
GCA_038045085.1	CLC_F	0		
GCA_038045085.1	FAcD	0		
GCA_038045965.1	Fluc_CrcB	0		
GCA_038045965.1	CLC_F	0		
GCA_038045965.1	FAcD	0		
GCA_038046005.1	Fluc_CrcB	0		
GCA_038046005.1	CLC_F	0		
GCA_038046005.1	FAcD	0		
GCA_038046265.1	Fluc_CrcB	0		
GCA_038046265.1	CLC_F	0		
GCA_038046265.1	FAcD	0		
GCA_038046345.1	Fluc_CrcB	0		
GCA_038046345.1	CLC_F	0		
GCA_038046345.1	FAcD	0		
GCA_038046405.1	Fluc_CrcB	0		
GCA_038046405.1	CLC_F	0		
GCA_038046405.1	FAcD	0		
GCA_038046425.1	Fluc_CrcB	0		
GCA_038046425.1	CLC_F	0		
GCA_038046425.1	FAcD	0		
GCA_038046545.1	Fluc_CrcB	0		
GCA_038046545.1	CLC_F	0		
GCA_038046545.1	FAcD	0		
GCA_038046585.1	Fluc_CrcB	0		
GCA_038046585.1	CLC_F	0		
GCA_038046585.1	FAcD	0		
GCA_038046645.1	Fluc_CrcB	0		
GCA_038046645.1	CLC_F	0		
GCA_038046645.1	FAcD	0		
GCA_038046745.1	Fluc_CrcB	0		
GCA_038046745.1	CLC_F	0		
GCA_038046745.1	FAcD	0		
GCA_038046785.1	Fluc_CrcB	0		
GCA_038046785.1	CLC_F	0		
GCA_038046785.1	FAcD	0		
GCA_038128845.1	Fluc_CrcB	0		
GCA_038128845.1	CLC_F	0		
GCA_038128845.1	FAcD	0		
GCA_038727515.1	Fluc_CrcB	0		
GCA_038727515.1	CLC_F	1	231.4	MEM0084922.1
GCA_038727515.1	FAcD	0		
GCA_038727705.1	Fluc_CrcB	0		
GCA_038727705.1	CLC_F	0		
GCA_038727705.1	FAcD	0		
GCA_038728085.1	Fluc_CrcB	0		
GCA_038728085.1	CLC_F	0		
GCA_038728085.1	FAcD	0		
GCA_038728585.1	Fluc_CrcB	0		
GCA_038728585.1	CLC_F	1	172.3	MEM0117193.1
GCA_038728585.1	FAcD	0		
GCA_038729425.1	Fluc_CrcB	0		
GCA_038729425.1	CLC_F	1	234.8	MEM0155666.1
GCA_038729425.1	FAcD	0		
GCA_038729465.1	Fluc_CrcB	0		
GCA_038729465.1	CLC_F	1	222.2	MEM0160122.1
GCA_038729465.1	FAcD	0		
GCA_038731605.1	Fluc_CrcB	0		
GCA_038731605.1	CLC_F	1	191.7	MEM0204143.1
GCA_038731605.1	FAcD	0		
GCA_038731975.1	Fluc_CrcB	0		
GCA_038731975.1	CLC_F	0		
GCA_038731975.1	FAcD	0		
GCA_038733315.1	Fluc_CrcB	0		
GCA_038733315.1	CLC_F	0		
GCA_038733315.1	FAcD	0		
GCA_038734275.1	Fluc_CrcB	0		
GCA_038734275.1	CLC_F	0		
GCA_038734275.1	FAcD	0		
GCA_038734945.1	Fluc_CrcB	0		
GCA_038734945.1	CLC_F	1	228.6	MEM0318661.1
GCA_038734945.1	FAcD	0		
GCA_038735125.1	Fluc_CrcB	0		
GCA_038735125.1	CLC_F	0		
GCA_038735125.1	FAcD	0		
GCA_038736355.1	Fluc_CrcB	0		
GCA_038736355.1	CLC_F	0		
GCA_038736355.1	FAcD	0		
GCA_038736665.1	Fluc_CrcB	0		
GCA_038736665.1	CLC_F	0		
GCA_038736665.1	FAcD	0		
GCA_038736825.1	Fluc_CrcB	0		
GCA_038736825.1	CLC_F	0		
GCA_038736825.1	FAcD	0		
GCA_038740145.1	Fluc_CrcB	0		
GCA_038740145.1	CLC_F	0		
GCA_038740145.1	FAcD	0		
GCA_038740345.1	Fluc_CrcB	0		
GCA_038740345.1	CLC_F	0		
GCA_038740345.1	FAcD	0		
GCA_038741495.1	Fluc_CrcB	0		
GCA_038741495.1	CLC_F	0		
GCA_038741495.1	FAcD	0		
GCA_038817485.1	Fluc_CrcB	0		
GCA_038817485.1	CLC_F	0		
GCA_038817485.1	FAcD	0		
GCA_038817835.1	Fluc_CrcB	0		
GCA_038817835.1	CLC_F	0		
GCA_038817835.1	FAcD	0		
GCA_038821645.1	Fluc_CrcB	0		
GCA_038821645.1	CLC_F	0		
GCA_038821645.1	FAcD	0		
GCA_038823825.1	Fluc_CrcB	0		
GCA_038823825.1	CLC_F	0		
GCA_038823825.1	FAcD	0		
GCA_038824035.1	Fluc_CrcB	0		
GCA_038824035.1	CLC_F	0		
GCA_038824035.1	FAcD	0		
GCA_038825355.1	Fluc_CrcB	0		
GCA_038825355.1	CLC_F	0		
GCA_038825355.1	FAcD	0		
GCA_038825775.1	Fluc_CrcB	0		
GCA_038825775.1	CLC_F	0		
GCA_038825775.1	FAcD	0		
GCA_038825875.1	Fluc_CrcB	0		
GCA_038825875.1	CLC_F	0		
GCA_038825875.1	FAcD	0		
GCA_038826755.1	Fluc_CrcB	1	108.4	MEM2098188.1
GCA_038826755.1	CLC_F	0		
GCA_038826755.1	FAcD	0		
GCA_038827615.1	Fluc_CrcB	0		
GCA_038827615.1	CLC_F	0		
GCA_038827615.1	FAcD	0		
GCA_038828875.1	Fluc_CrcB	0		
GCA_038828875.1	CLC_F	0		
GCA_038828875.1	FAcD	0		
GCA_038831005.1	Fluc_CrcB	0		
GCA_038831005.1	CLC_F	0		
GCA_038831005.1	FAcD	0		
GCA_038831915.1	Fluc_CrcB	0		
GCA_038831915.1	CLC_F	0		
GCA_038831915.1	FAcD	0		
GCA_038832545.1	Fluc_CrcB	0		
GCA_038832545.1	CLC_F	0		
GCA_038832545.1	FAcD	0		
GCA_038842485.1	Fluc_CrcB	0		
GCA_038842485.1	CLC_F	0		
GCA_038842485.1	FAcD	0		
GCA_038843015.1	Fluc_CrcB	0		
GCA_038843015.1	CLC_F	0		
GCA_038843015.1	FAcD	0		
GCA_038843675.1	Fluc_CrcB	0		
GCA_038843675.1	CLC_F	0		
GCA_038843675.1	FAcD	0		
GCA_038844785.1	Fluc_CrcB	0		
GCA_038844785.1	CLC_F	0		
GCA_038844785.1	FAcD	0		
GCA_038845265.1	Fluc_CrcB	0		
GCA_038845265.1	CLC_F	0		
GCA_038845265.1	FAcD	0		
GCA_038845865.1	Fluc_CrcB	0		
GCA_038845865.1	CLC_F	0		
GCA_038845865.1	FAcD	0		
GCA_038845975.1	Fluc_CrcB	0		
GCA_038845975.1	CLC_F	0		
GCA_038845975.1	FAcD	0		
GCA_038848185.1	Fluc_CrcB	0		
GCA_038848185.1	CLC_F	0		
GCA_038848185.1	FAcD	0		
GCA_038848525.1	Fluc_CrcB	0		
GCA_038848525.1	CLC_F	0		
GCA_038848525.1	FAcD	0		
GCA_038849525.1	Fluc_CrcB	0		
GCA_038849525.1	CLC_F	0		
GCA_038849525.1	FAcD	0		
GCA_038850275.1	Fluc_CrcB	0		
GCA_038850275.1	CLC_F	0		
GCA_038850275.1	FAcD	0		
GCA_038850285.1	Fluc_CrcB	0		
GCA_038850285.1	CLC_F	1	258.2	MEM2933700.1
GCA_038850285.1	FAcD	0		
GCA_038850515.1	Fluc_CrcB	0		
GCA_038850515.1	CLC_F	0		
GCA_038850515.1	FAcD	0		
GCA_038850615.1	Fluc_CrcB	0		
GCA_038850615.1	CLC_F	0		
GCA_038850615.1	FAcD	0		
GCA_038850735.1	Fluc_CrcB	0		
GCA_038850735.1	CLC_F	0		
GCA_038850735.1	FAcD	0		
GCA_038851035.1	Fluc_CrcB	0		
GCA_038851035.1	CLC_F	0		
GCA_038851035.1	FAcD	0		
GCA_038851215.1	Fluc_CrcB	0		
GCA_038851215.1	CLC_F	0		
GCA_038851215.1	FAcD	0		
GCA_038852105.1	Fluc_CrcB	0		
GCA_038852105.1	CLC_F	0		
GCA_038852105.1	FAcD	0		
GCA_038852285.1	Fluc_CrcB	0		
GCA_038852285.1	CLC_F	0		
GCA_038852285.1	FAcD	0		
GCA_038853715.1	Fluc_CrcB	0		
GCA_038853715.1	CLC_F	0		
GCA_038853715.1	FAcD	0		
GCA_038857155.1	Fluc_CrcB	0		
GCA_038857155.1	CLC_F	0		
GCA_038857155.1	FAcD	0		
GCA_038858525.1	Fluc_CrcB	0		
GCA_038858525.1	CLC_F	1	200.5	MEM2712254.1
GCA_038858525.1	FAcD	0		
GCA_038868075.1	Fluc_CrcB	0		
GCA_038868075.1	CLC_F	0		
GCA_038868075.1	FAcD	0		
GCA_038868975.1	Fluc_CrcB	0		
GCA_038868975.1	CLC_F	0		
GCA_038868975.1	FAcD	0		
GCA_038868995.1	Fluc_CrcB	0		
GCA_038868995.1	CLC_F	0		
GCA_038868995.1	FAcD	0		
GCA_038869035.1	Fluc_CrcB	0		
GCA_038869035.1	CLC_F	0		
GCA_038869035.1	FAcD	0		
GCA_038869515.1	Fluc_CrcB	0		
GCA_038869515.1	CLC_F	0		
GCA_038869515.1	FAcD	0		
GCA_038869655.1	Fluc_CrcB	0		
GCA_038869655.1	CLC_F	0		
GCA_038869655.1	FAcD	0		
GCA_038869735.1	Fluc_CrcB	0		
GCA_038869735.1	CLC_F	0		
GCA_038869735.1	FAcD	0		
GCA_038869975.1	Fluc_CrcB	1	88.4	MEM3064480.1
GCA_038869975.1	CLC_F	0		
GCA_038869975.1	FAcD	0		
GCA_038870415.1	Fluc_CrcB	0		
GCA_038870415.1	CLC_F	0		
GCA_038870415.1	FAcD	0		
GCA_038870455.1	Fluc_CrcB	0		
GCA_038870455.1	CLC_F	0		
GCA_038870455.1	FAcD	0		
GCA_038870935.1	Fluc_CrcB	0		
GCA_038870935.1	CLC_F	0		
GCA_038870935.1	FAcD	0		
GCA_038870975.1	Fluc_CrcB	0		
GCA_038870975.1	CLC_F	0		
GCA_038870975.1	FAcD	0		
GCA_038871515.1	Fluc_CrcB	0		
GCA_038871515.1	CLC_F	0		
GCA_038871515.1	FAcD	0		
GCA_038872815.1	Fluc_CrcB	0		
GCA_038872815.1	CLC_F	0		
GCA_038872815.1	FAcD	0		
GCA_038873195.1	Fluc_CrcB	0		
GCA_038873195.1	CLC_F	1	215.2	MEM3462043.1
GCA_038873195.1	FAcD	0		
GCA_038874075.1	Fluc_CrcB	0		
GCA_038874075.1	CLC_F	0		
GCA_038874075.1	FAcD	0		
GCA_038874115.1	Fluc_CrcB	0		
GCA_038874115.1	CLC_F	0		
GCA_038874115.1	FAcD	0		
GCA_038874135.1	Fluc_CrcB	0		
GCA_038874135.1	CLC_F	0		
GCA_038874135.1	FAcD	0		
GCA_038874215.1	Fluc_CrcB	0		
GCA_038874215.1	CLC_F	0		
GCA_038874215.1	FAcD	0		
GCA_038874355.1	Fluc_CrcB	0		
GCA_038874355.1	CLC_F	0		
GCA_038874355.1	FAcD	0		
GCA_038874435.1	Fluc_CrcB	0		
GCA_038874435.1	CLC_F	0		
GCA_038874435.1	FAcD	0		
GCA_038874475.1	Fluc_CrcB	0		
GCA_038874475.1	CLC_F	0		
GCA_038874475.1	FAcD	0		
GCA_038874595.1	Fluc_CrcB	0		
GCA_038874595.1	CLC_F	0		
GCA_038874595.1	FAcD	0		
GCA_038874655.1	Fluc_CrcB	0		
GCA_038874655.1	CLC_F	0		
GCA_038874655.1	FAcD	0		
GCA_038878695.1	Fluc_CrcB	0		
GCA_038878695.1	CLC_F	0		
GCA_038878695.1	FAcD	0		
GCA_038879095.1	Fluc_CrcB	0		
GCA_038879095.1	CLC_F	0		
GCA_038879095.1	FAcD	0		
GCA_038879595.1	Fluc_CrcB	0		
GCA_038879595.1	CLC_F	0		
GCA_038879595.1	FAcD	0		
GCA_038880555.1	Fluc_CrcB	0		
GCA_038880555.1	CLC_F	1	245.1	MEM3875178.1
GCA_038880555.1	FAcD	0		
GCA_038881595.1	Fluc_CrcB	0		
GCA_038881595.1	CLC_F	0		
GCA_038881595.1	FAcD	0		
GCA_038881635.1	Fluc_CrcB	0		
GCA_038881635.1	CLC_F	1	237.6	MEM3831927.1
GCA_038881635.1	FAcD	0		
GCA_038881895.1	Fluc_CrcB	0		
GCA_038881895.1	CLC_F	1	272.1	MEM3833382.1
GCA_038881895.1	FAcD	0		
GCA_038882715.1	Fluc_CrcB	0		
GCA_038882715.1	CLC_F	0		
GCA_038882715.1	FAcD	0		
GCA_038882935.1	Fluc_CrcB	0		
GCA_038882935.1	CLC_F	0		
GCA_038882935.1	FAcD	0		
GCA_038883335.1	Fluc_CrcB	0		
GCA_038883335.1	CLC_F	0		
GCA_038883335.1	FAcD	0		
GCA_038884175.1	Fluc_CrcB	0		
GCA_038884175.1	CLC_F	1	221.7	MEM3656686.1
GCA_038884175.1	FAcD	0		
GCA_038884455.1	Fluc_CrcB	0		
GCA_038884455.1	CLC_F	0		
GCA_038884455.1	FAcD	0		
GCA_038884755.1	Fluc_CrcB	0		
GCA_038884755.1	CLC_F	0		
GCA_038884755.1	FAcD	0		
GCA_038884815.1	Fluc_CrcB	0		
GCA_038884815.1	CLC_F	0		
GCA_038884815.1	FAcD	0		
GCA_038884975.1	Fluc_CrcB	0		
GCA_038884975.1	CLC_F	0		
GCA_038884975.1	FAcD	0		
GCA_038886195.1	Fluc_CrcB	0		
GCA_038886195.1	CLC_F	0		
GCA_038886195.1	FAcD	0		
GCA_038886535.1	Fluc_CrcB	0		
GCA_038886535.1	CLC_F	0		
GCA_038886535.1	FAcD	0		
GCA_038887295.1	Fluc_CrcB	0		
GCA_038887295.1	CLC_F	0		
GCA_038887295.1	FAcD	0		
GCA_038887515.1	Fluc_CrcB	0		
GCA_038887515.1	CLC_F	0		
GCA_038887515.1	FAcD	0		
GCA_038888615.1	Fluc_CrcB	0		
GCA_038888615.1	CLC_F	0		
GCA_038888615.1	FAcD	0		
GCA_038889075.1	Fluc_CrcB	0		
GCA_038889075.1	CLC_F	0		
GCA_038889075.1	FAcD	0		
GCA_038889235.1	Fluc_CrcB	0		
GCA_038889235.1	CLC_F	0		
GCA_038889235.1	FAcD	0		
GCA_038890395.1	Fluc_CrcB	1	99.5	MEM4378174.1
GCA_038890395.1	CLC_F	0		
GCA_038890395.1	FAcD	0		
GCA_038890615.1	Fluc_CrcB	0		
GCA_038890615.1	CLC_F	0		
GCA_038890615.1	FAcD	0		
GCA_038890745.1	Fluc_CrcB	0		
GCA_038890745.1	CLC_F	0		
GCA_038890745.1	FAcD	0		
GCA_038890815.1	Fluc_CrcB	0		
GCA_038890815.1	CLC_F	0		
GCA_038890815.1	FAcD	0		
GCA_038890875.1	Fluc_CrcB	0		
GCA_038890875.1	CLC_F	0		
GCA_038890875.1	FAcD	0		
GCA_038891035.1	Fluc_CrcB	0		
GCA_038891035.1	CLC_F	0		
GCA_038891035.1	FAcD	0		
GCA_038891055.1	Fluc_CrcB	0		
GCA_038891055.1	CLC_F	0		
GCA_038891055.1	FAcD	0		
GCA_038891095.1	Fluc_CrcB	0		
GCA_038891095.1	CLC_F	0		
GCA_038891095.1	FAcD	0		
GCA_038891615.1	Fluc_CrcB	0		
GCA_038891615.1	CLC_F	0		
GCA_038891615.1	FAcD	0		
GCA_038893495.1	Fluc_CrcB	0		
GCA_038893495.1	CLC_F	1	180.3	MEM4759144.1
GCA_038893495.1	FAcD	0		
GCA_038893835.1	Fluc_CrcB	0		
GCA_038893835.1	CLC_F	0		
GCA_038893835.1	FAcD	0		
GCA_038894115.1	Fluc_CrcB	0		
GCA_038894115.1	CLC_F	0		
GCA_038894115.1	FAcD	0		
GCA_038894275.1	Fluc_CrcB	0		
GCA_038894275.1	CLC_F	0		
GCA_038894275.1	FAcD	0		
GCA_038894875.1	Fluc_CrcB	0		
GCA_038894875.1	CLC_F	0		
GCA_038894875.1	FAcD	0		
GCA_038895395.1	Fluc_CrcB	0		
GCA_038895395.1	CLC_F	0		
GCA_038895395.1	FAcD	0		
GCA_038895475.1	Fluc_CrcB	0		
GCA_038895475.1	CLC_F	1	362.9	MEM4637739.1
GCA_038895475.1	FAcD	0		
GCA_038895675.1	Fluc_CrcB	0		
GCA_038895675.1	CLC_F	0		
GCA_038895675.1	FAcD	0		
GCA_038896575.1	Fluc_CrcB	0		
GCA_038896575.1	CLC_F	0		
GCA_038896575.1	FAcD	0		
GCA_038897035.1	Fluc_CrcB	0		
GCA_038897035.1	CLC_F	0		
GCA_038897035.1	FAcD	0		
GCA_038897115.1	Fluc_CrcB	0		
GCA_038897115.1	CLC_F	0		
GCA_038897115.1	FAcD	0		
GCA_038997165.1	Fluc_CrcB	0		
GCA_038997165.1	CLC_F	0		
GCA_038997165.1	FAcD	0		
GCA_038999215.1	Fluc_CrcB	0		
GCA_038999215.1	CLC_F	0		
GCA_038999215.1	FAcD	0		
GCA_038999265.1	Fluc_CrcB	0		
GCA_038999265.1	CLC_F	0		
GCA_038999265.1	FAcD	0		
GCA_038999725.1	Fluc_CrcB	0		
GCA_038999725.1	CLC_F	0		
GCA_038999725.1	FAcD	0		
GCA_039000375.1	Fluc_CrcB	0		
GCA_039000375.1	CLC_F	0		
GCA_039000375.1	FAcD	0		
GCA_039091255.1	Fluc_CrcB	0		
GCA_039091255.1	CLC_F	0		
GCA_039091255.1	FAcD	0		
GCA_039666455.1	Fluc_CrcB	0		
GCA_039666455.1	CLC_F	0		
GCA_039666455.1	FAcD	0		
GCA_039683275.1	Fluc_CrcB	5	105.7	MEN6609756.1;MEN6609757.1;MEN6609974.1;MEN6611169.1;MEN6611170.1
GCA_039683275.1	CLC_F	1	215.1	MEN6609456.1
GCA_039683275.1	FAcD	0		
GCA_039793485.1	Fluc_CrcB	0		
GCA_039793485.1	CLC_F	1	247.1	JBAMLO010000028.1_24
GCA_039793485.1	FAcD	0		
GCA_039793985.1	Fluc_CrcB	0		
GCA_039793985.1	CLC_F	0		
GCA_039793985.1	FAcD	0		
GCA_039794045.1	Fluc_CrcB	0		
GCA_039794045.1	CLC_F	0		
GCA_039794045.1	FAcD	0		
GCA_039938515.1	Fluc_CrcB	1	92.2	MEO9320569.1
GCA_039938515.1	CLC_F	0		
GCA_039938515.1	FAcD	0		
GCA_039938575.1	Fluc_CrcB	1	98.1	MEO9308665.1
GCA_039938575.1	CLC_F	0		
GCA_039938575.1	FAcD	0		
GCA_039938615.1	Fluc_CrcB	1	96.7	MEO9294220.1
GCA_039938615.1	CLC_F	1	228.9	MEO9294731.1
GCA_039938615.1	FAcD	0		
GCA_040290255.1	Fluc_CrcB	0		
GCA_040290255.1	CLC_F	0		
GCA_040290255.1	FAcD	0		
GCA_040297625.1	Fluc_CrcB	2	91.7	MER5191304.1;MER5192357.1
GCA_040297625.1	CLC_F	0		
GCA_040297625.1	FAcD	0		
GCA_040514265.1	Fluc_CrcB	0		
GCA_040514265.1	CLC_F	1	227.3	MET1123987.1
GCA_040514265.1	FAcD	0		
GCA_040514325.1	Fluc_CrcB	0		
GCA_040514325.1	CLC_F	0		
GCA_040514325.1	FAcD	0		
GCA_040514375.1	Fluc_CrcB	0		
GCA_040514375.1	CLC_F	0		
GCA_040514375.1	FAcD	0		
GCA_040753455.1	Fluc_CrcB	0		
GCA_040753455.1	CLC_F	1	195.4	MEW5937495.1
GCA_040753455.1	FAcD	0		
GCA_040755655.1	Fluc_CrcB	0		
GCA_040755655.1	CLC_F	0		
GCA_040755655.1	FAcD	0		
GCA_040755695.1	Fluc_CrcB	0		
GCA_040755695.1	CLC_F	0		
GCA_040755695.1	FAcD	0		
GCA_040757035.1	Fluc_CrcB	0		
GCA_040757035.1	CLC_F	0		
GCA_040757035.1	FAcD	0		
GCA_040757675.1	Fluc_CrcB	1	85.9	MEW6587644.1
GCA_040757675.1	CLC_F	0		
GCA_040757675.1	FAcD	0		
GCA_040776945.1	Fluc_CrcB	1	109.2	JAXGZN010000002.1_748
GCA_040776945.1	CLC_F	0		
GCA_040776945.1	FAcD	0		
GCA_040877685.1	Fluc_CrcB	0		
GCA_040877685.1	CLC_F	0		
GCA_040877685.1	FAcD	0		
GCA_041287325.1	Fluc_CrcB	0		
GCA_041287325.1	CLC_F	0		
GCA_041287325.1	FAcD	0		
GCA_041287395.1	Fluc_CrcB	0		
GCA_041287395.1	CLC_F	0		
GCA_041287395.1	FAcD	0		
GCA_041287455.1	Fluc_CrcB	0		
GCA_041287455.1	CLC_F	0		
GCA_041287455.1	FAcD	0		
GCA_041305345.1	Fluc_CrcB	0		
GCA_041305345.1	CLC_F	0		
GCA_041305345.1	FAcD	0		
GCA_041305385.1	Fluc_CrcB	0		
GCA_041305385.1	CLC_F	0		
GCA_041305385.1	FAcD	0		
GCA_041305945.1	Fluc_CrcB	0		
GCA_041305945.1	CLC_F	1	177.1	JBGLND010000001.1_1225
GCA_041305945.1	FAcD	0		
GCA_041306005.1	Fluc_CrcB	0		
GCA_041306005.1	CLC_F	0		
GCA_041306005.1	FAcD	0		
GCA_041306075.1	Fluc_CrcB	0		
GCA_041306075.1	CLC_F	0		
GCA_041306075.1	FAcD	0		
GCA_041447175.1	Fluc_CrcB	1	94.5	XES78442.1
GCA_041447175.1	CLC_F	1	214.9	XES78374.1
GCA_041447175.1	FAcD	0		
GCA_041479945.1	Fluc_CrcB	0		
GCA_041479945.1	CLC_F	0		
GCA_041479945.1	FAcD	0		
GCA_041480025.1	Fluc_CrcB	0		
GCA_041480025.1	CLC_F	0		
GCA_041480025.1	FAcD	0		
GCA_041485285.1	Fluc_CrcB	0		
GCA_041485285.1	CLC_F	0		
GCA_041485285.1	FAcD	0		
GCA_041489255.1	Fluc_CrcB	0		
GCA_041489255.1	CLC_F	0		
GCA_041489255.1	FAcD	0		
GCA_041494275.1	Fluc_CrcB	0		
GCA_041494275.1	CLC_F	0		
GCA_041494275.1	FAcD	0		
GCA_041499475.1	Fluc_CrcB	0		
GCA_041499475.1	CLC_F	0		
GCA_041499475.1	FAcD	0		
GCA_041500425.1	Fluc_CrcB	0		
GCA_041500425.1	CLC_F	0		
GCA_041500425.1	FAcD	0		
GCA_041500865.1	Fluc_CrcB	0		
GCA_041500865.1	CLC_F	0		
GCA_041500865.1	FAcD	0		
GCA_041599855.1	Fluc_CrcB	2	87.7	JBFILE010000325.1_5;JBFILE010000724.1_3
GCA_041599855.1	CLC_F	0		
GCA_041599855.1	FAcD	0		
GCA_041601615.1	Fluc_CrcB	1	100.1	JBFIHX010000002.1_325
GCA_041601615.1	CLC_F	0		
GCA_041601615.1	FAcD	0		
GCA_041641295.1	Fluc_CrcB	0		
GCA_041641295.1	CLC_F	0		
GCA_041641295.1	FAcD	0		
GCA_041641305.1	Fluc_CrcB	0		
GCA_041641305.1	CLC_F	0		
GCA_041641305.1	FAcD	0		
GCA_041645325.1	Fluc_CrcB	0		
GCA_041645325.1	CLC_F	0		
GCA_041645325.1	FAcD	0		
GCA_041645435.1	Fluc_CrcB	0		
GCA_041645435.1	CLC_F	0		
GCA_041645435.1	FAcD	0		
GCA_041648255.1	Fluc_CrcB	0		
GCA_041648255.1	CLC_F	0		
GCA_041648255.1	FAcD	0		
GCA_041648335.1	Fluc_CrcB	0		
GCA_041648335.1	CLC_F	0		
GCA_041648335.1	FAcD	0		
GCA_041648435.1	Fluc_CrcB	0		
GCA_041648435.1	CLC_F	0		
GCA_041648435.1	FAcD	0		
GCA_041648475.1	Fluc_CrcB	2	95.1	MFA4956265.1;MFA4956266.1
GCA_041648475.1	CLC_F	0		
GCA_041648475.1	FAcD	0		
GCA_041649755.1	Fluc_CrcB	0		
GCA_041649755.1	CLC_F	0		
GCA_041649755.1	FAcD	0		
GCA_041650315.1	Fluc_CrcB	0		
GCA_041650315.1	CLC_F	0		
GCA_041650315.1	FAcD	0		
GCA_041650355.1	Fluc_CrcB	0		
GCA_041650355.1	CLC_F	0		
GCA_041650355.1	FAcD	0		
GCA_041650395.1	Fluc_CrcB	0		
GCA_041650395.1	CLC_F	0		
GCA_041650395.1	FAcD	0		
GCA_041651575.1	Fluc_CrcB	0		
GCA_041651575.1	CLC_F	0		
GCA_041651575.1	FAcD	0		
GCA_041652755.1	Fluc_CrcB	0		
GCA_041652755.1	CLC_F	0		
GCA_041652755.1	FAcD	0		
GCA_041653315.1	Fluc_CrcB	0		
GCA_041653315.1	CLC_F	0		
GCA_041653315.1	FAcD	0		
GCA_041653515.1	Fluc_CrcB	0		
GCA_041653515.1	CLC_F	0		
GCA_041653515.1	FAcD	0		
GCA_041657955.1	Fluc_CrcB	0		
GCA_041657955.1	CLC_F	0		
GCA_041657955.1	FAcD	0		
GCA_041658255.1	Fluc_CrcB	0		
GCA_041658255.1	CLC_F	0		
GCA_041658255.1	FAcD	0		
GCA_041659525.1	Fluc_CrcB	0		
GCA_041659525.1	CLC_F	0		
GCA_041659525.1	FAcD	0		
GCA_041660725.1	Fluc_CrcB	0		
GCA_041660725.1	CLC_F	0		
GCA_041660725.1	FAcD	0		
GCA_041661025.1	Fluc_CrcB	0		
GCA_041661025.1	CLC_F	0		
GCA_041661025.1	FAcD	0		
GCA_041663565.1	Fluc_CrcB	0		
GCA_041663565.1	CLC_F	0		
GCA_041663565.1	FAcD	0		
GCA_041665465.1	Fluc_CrcB	0		
GCA_041665465.1	CLC_F	0		
GCA_041665465.1	FAcD	0		
GCA_041671005.1	Fluc_CrcB	0		
GCA_041671005.1	CLC_F	0		
GCA_041671005.1	FAcD	0		
GCA_041862235.1	Fluc_CrcB	0		
GCA_041862235.1	CLC_F	0		
GCA_041862235.1	FAcD	0		
GCA_900065925.1	Fluc_CrcB	1	93.6	CUR52293.1
GCA_900065925.1	CLC_F	0		
GCA_900065925.1	FAcD	0		
GCA_900620265.3	Fluc_CrcB	0		
GCA_900620265.3	CLC_F	0		
GCA_900620265.3	FAcD	0		
GCA_902158745.1	Fluc_CrcB	0		
GCA_902158745.1	CLC_F	0		
GCA_902158745.1	FAcD	0		
GCA_902384455.1	Fluc_CrcB	0		
GCA_902384455.1	CLC_F	0		
GCA_902384455.1	FAcD	0		
GCA_902384525.1	Fluc_CrcB	0		
GCA_902384525.1	CLC_F	1	277.1	VVB56144.1
GCA_902384525.1	FAcD	0		
GCA_902384675.1	Fluc_CrcB	0		
GCA_902384675.1	CLC_F	0		
GCA_902384675.1	FAcD	0		
GCA_902384795.1	Fluc_CrcB	0		
GCA_902384795.1	CLC_F	0		
GCA_902384795.1	FAcD	0		
GCA_902384935.1	Fluc_CrcB	0		
GCA_902384935.1	CLC_F	0		
GCA_902384935.1	FAcD	0		
GCA_902385045.1	Fluc_CrcB	0		
GCA_902385045.1	CLC_F	0		
GCA_902385045.1	FAcD	0		
GCA_902385255.1	Fluc_CrcB	0		
GCA_902385255.1	CLC_F	0		
GCA_902385255.1	FAcD	0		
GCA_902386135.1	Fluc_CrcB	0		
GCA_902386135.1	CLC_F	1	284.8	VVB89334.1
GCA_902386135.1	FAcD	0		
GCA_902386205.1	Fluc_CrcB	0		
GCA_902386205.1	CLC_F	0		
GCA_902386205.1	FAcD	0		
GCA_902386255.1	Fluc_CrcB	0		
GCA_902386255.1	CLC_F	2	272.0	VVB94405.1;VVB94623.1
GCA_902386255.1	FAcD	0		
GCA_902812485.1	Fluc_CrcB	0		
GCA_902812485.1	CLC_F	1	225.4	CADDZS010000010.1_22
GCA_902812485.1	FAcD	0		
GCA_903828955.1	Fluc_CrcB	0		
GCA_903828955.1	CLC_F	0		
GCA_903828955.1	FAcD	0		
GCA_903842985.1	Fluc_CrcB	0		
GCA_903842985.1	CLC_F	0		
GCA_903842985.1	FAcD	0		
GCA_903851445.1	Fluc_CrcB	0		
GCA_903851445.1	CLC_F	0		
GCA_903851445.1	FAcD	0		
GCA_903884505.1	Fluc_CrcB	0		
GCA_903884505.1	CLC_F	0		
GCA_903884505.1	FAcD	0		
GCA_903893865.1	Fluc_CrcB	0		
GCA_903893865.1	CLC_F	0		
GCA_903893865.1	FAcD	0		
GCA_903904885.1	Fluc_CrcB	0		
GCA_903904885.1	CLC_F	0		
GCA_903904885.1	FAcD	0		
GCA_903907555.1	Fluc_CrcB	0		
GCA_903907555.1	CLC_F	0		
GCA_903907555.1	FAcD	0		
GCA_903915225.1	Fluc_CrcB	0		
GCA_903915225.1	CLC_F	0		
GCA_903915225.1	FAcD	0		
GCA_903916665.1	Fluc_CrcB	0		
GCA_903916665.1	CLC_F	0		
GCA_903916665.1	FAcD	0		
GCA_905171695.1	Fluc_CrcB	2	91.4	CAD7775523.1;CAD7775530.1
GCA_905171695.1	CLC_F	1	253.1	CAD7775699.1
GCA_905171695.1	FAcD	0		
GCA_937138345.1	Fluc_CrcB	0		
GCA_937138345.1	CLC_F	0		
GCA_937138345.1	FAcD	0		
GCA_937892815.1	Fluc_CrcB	0		
GCA_937892815.1	CLC_F	1	280.0	CALBHZ010000051.1_4
GCA_937892815.1	FAcD	0		
GCA_937898665.1	Fluc_CrcB	0		
GCA_937898665.1	CLC_F	1	220.0	CALEIY010000137.1_4
GCA_937898665.1	FAcD	0		
GCA_937906345.1	Fluc_CrcB	0		
GCA_937906345.1	CLC_F	0		
GCA_937906345.1	FAcD	0		
GCA_937912225.1	Fluc_CrcB	0		
GCA_937912225.1	CLC_F	0		
GCA_937912225.1	FAcD	0		
GCA_937934305.1	Fluc_CrcB	0		
GCA_937934305.1	CLC_F	0		
GCA_937934305.1	FAcD	0		
GCA_938004075.1	Fluc_CrcB	1	113.9	CALKWP010000063.1_14
GCA_938004075.1	CLC_F	0		
GCA_938004075.1	FAcD	0		
GCA_938029515.1	Fluc_CrcB	0		
GCA_938029515.1	CLC_F	0		
GCA_938029515.1	FAcD	0		
GCA_938030905.1	Fluc_CrcB	0		
GCA_938030905.1	CLC_F	0		
GCA_938030905.1	FAcD	0		
GCA_938034445.1	Fluc_CrcB	0		
GCA_938034445.1	CLC_F	0		
GCA_938034445.1	FAcD	0		
GCA_938042195.1	Fluc_CrcB	0		
GCA_938042195.1	CLC_F	0		
GCA_938042195.1	FAcD	0		
GCA_938074535.1	Fluc_CrcB	0		
GCA_938074535.1	CLC_F	0		
GCA_938074535.1	FAcD	0		
GCA_938083505.1	Fluc_CrcB	0		
GCA_938083505.1	CLC_F	0		
GCA_938083505.1	FAcD	0		
GCA_938091495.1	Fluc_CrcB	0		
GCA_938091495.1	CLC_F	1	248.5	CALLJF010000004.1_2
GCA_938091495.1	FAcD	0		
GCA_943788655.1	Fluc_CrcB	1	108.5	CALSRB010000002.1_501
GCA_943788655.1	CLC_F	0		
GCA_943788655.1	FAcD	0		
GCA_949372875.1	Fluc_CrcB	1	114.5	CASIAW010000009.1_49
GCA_949372875.1	CLC_F	0		
GCA_949372875.1	FAcD	0		
GCA_963578705.1	Fluc_CrcB	0		
GCA_963578705.1	CLC_F	0		
GCA_963578705.1	FAcD	0		
GCA_963676045.1	Fluc_CrcB	1	107.1	OY780938.1_980
GCA_963676045.1	CLC_F	0		
GCA_963676045.1	FAcD	0		
GCA_963932585.1	Fluc_CrcB	2	93.3	CAWVSO010000154.1_1;CAWVSO010000154.1_2
GCA_963932585.1	CLC_F	0		
GCA_963932585.1	FAcD	0		
GCA_963999255.1	Fluc_CrcB	0		
GCA_963999255.1	CLC_F	0		
GCA_963999255.1	FAcD	0		
GCA_964012725.1	Fluc_CrcB	0		
GCA_964012725.1	CLC_F	0		
GCA_964012725.1	FAcD	0		
GCF_000007185.1	Fluc_CrcB	1	126.3	WP_011019579.1
GCF_000007185.1	CLC_F	0		
GCF_000007185.1	FAcD	0		
GCF_000007225.1	Fluc_CrcB	0		
GCF_000007225.1	CLC_F	0		
GCF_000007225.1	FAcD	0		
GCF_000007305.1	Fluc_CrcB	1	129.7	WP_011012378.1
GCF_000007305.1	CLC_F	0		
GCF_000007305.1	FAcD	0		
GCF_000007345.1	Fluc_CrcB	3	126.9	WP_011023830.1;WP_048065899.1;WP_048066568.1
GCF_000007345.1	CLC_F	1	218.6	WP_048065752.1
GCF_000007345.1	FAcD	0		
GCF_000008645.1	Fluc_CrcB	0		
GCF_000008645.1	CLC_F	0		
GCF_000008645.1	FAcD	0		
GCF_000008665.1	Fluc_CrcB	0		
GCF_000008665.1	CLC_F	1	256.4	WP_010878912.1
GCF_000008665.1	FAcD	0		
GCF_000009965.1	Fluc_CrcB	1	129.1	WP_011249469.1
GCF_000009965.1	CLC_F	1	214.9	WP_011249837.1
GCF_000009965.1	FAcD	0		
GCF_000011005.1	Fluc_CrcB	0		
GCF_000011005.1	CLC_F	0		
GCF_000011005.1	FAcD	0		
GCF_000011085.1	Fluc_CrcB	2	95.1	WP_004958879.1;WP_011224109.1
GCF_000011085.1	CLC_F	0		
GCF_000011085.1	FAcD	0		
GCF_000011105.1	Fluc_CrcB	1	134.8	WP_010885581.1
GCF_000011105.1	CLC_F	0		
GCF_000011105.1	FAcD	0		
GCF_000011125.1	Fluc_CrcB	0		
GCF_000011125.1	CLC_F	0		
GCF_000011125.1	FAcD	0		
GCF_000011185.1	Fluc_CrcB	0		
GCF_000011185.1	CLC_F	1	232.9	WP_010916350.1
GCF_000011185.1	FAcD	0		
GCF_000011205.1	Fluc_CrcB	0		
GCF_000011205.1	CLC_F	1	229.7	WP_010980495.1
GCF_000011205.1	FAcD	0		
GCF_000012285.1	Fluc_CrcB	0		
GCF_000012285.1	CLC_F	1	237.5	WP_011278519.1
GCF_000012285.1	FAcD	0		
GCF_000012545.1	Fluc_CrcB	0		
GCF_000012545.1	CLC_F	0		
GCF_000012545.1	FAcD	0		
GCF_000013445.1	Fluc_CrcB	2	100.4	WP_011448125.1;WP_011448126.1
GCF_000013445.1	CLC_F	0		
GCF_000013445.1	FAcD	0		
GCF_000013725.1	Fluc_CrcB	1	80.7	WP_011499473.1
GCF_000013725.1	CLC_F	1	200.3	WP_011499415.1
GCF_000013725.1	FAcD	0		
GCF_000014945.1	Fluc_CrcB	0		
GCF_000014945.1	CLC_F	1	260.2	WP_175265916.1
GCF_000014945.1	FAcD	0		
GCF_000015145.1	Fluc_CrcB	2	58.8	WP_194840497.1;WP_228546763.1
GCF_000015145.1	CLC_F	2	251.8	WP_011821609.1;WP_083756327.1
GCF_000015145.1	FAcD	0		
GCF_000015205.1	Fluc_CrcB	0		
GCF_000015205.1	CLC_F	0		
GCF_000015205.1	FAcD	0		
GCF_000015225.1	Fluc_CrcB	0		
GCF_000015225.1	CLC_F	0		
GCF_000015225.1	FAcD	0		
GCF_000015765.1	Fluc_CrcB	0		
GCF_000015765.1	CLC_F	1	190.9	WP_245525959.1
GCF_000015765.1	FAcD	0		
GCF_000015805.1	Fluc_CrcB	0		
GCF_000015805.1	CLC_F	2	240.9	WP_011849924.1;WP_011850219.1
GCF_000015805.1	FAcD	0		
GCF_000015825.1	Fluc_CrcB	0		
GCF_000015825.1	CLC_F	1	188.5	WP_143706365.1
GCF_000015825.1	FAcD	0		
GCF_000015945.1	Fluc_CrcB	0		
GCF_000015945.1	CLC_F	0		
GCF_000015945.1	FAcD	0		
GCF_000016125.1	Fluc_CrcB	1	132.1	WP_011868084.1
GCF_000016125.1	CLC_F	0		
GCF_000016125.1	FAcD	0		
GCF_000016385.1	Fluc_CrcB	0		
GCF_000016385.1	CLC_F	0		
GCF_000016385.1	FAcD	0		
GCF_000016525.1	Fluc_CrcB	0		
GCF_000016525.1	CLC_F	0		
GCF_000016525.1	FAcD	0		
GCF_000016605.1	Fluc_CrcB	0		
GCF_000016605.1	CLC_F	1	231.4	WP_011921502.1
GCF_000016605.1	FAcD	0		
GCF_000017165.1	Fluc_CrcB	1	132.8	WP_011972399.1
GCF_000017165.1	CLC_F	0		
GCF_000017165.1	FAcD	0		
GCF_000017185.1	Fluc_CrcB	1	135.6	WP_011973527.1
GCF_000017185.1	CLC_F	0		
GCF_000017185.1	FAcD	0		
GCF_000017625.1	Fluc_CrcB	2	101.7	WP_012106473.1;WP_012106474.1
GCF_000017625.1	CLC_F	1	223.9	WP_012106471.1
GCF_000017625.1	FAcD	0		
GCF_000017945.1	Fluc_CrcB	1	116.6	WP_012123065.1
GCF_000017945.1	CLC_F	0		
GCF_000017945.1	FAcD	0		
GCF_000018305.1	Fluc_CrcB	0		
GCF_000018305.1	CLC_F	1	248.3	WP_012185245.1
GCF_000018305.1	FAcD	0		
GCF_000018365.1	Fluc_CrcB	1	125.6	WP_012571755.1
GCF_000018365.1	CLC_F	1	199.2	WP_012571380.1
GCF_000018365.1	FAcD	0		
GCF_000018465.1	Fluc_CrcB	1	114.0	WP_012214402.1
GCF_000018465.1	CLC_F	0		
GCF_000018465.1	FAcD	0		
GCF_000019605.1	Fluc_CrcB	0		
GCF_000019605.1	CLC_F	0		
GCF_000019605.1	FAcD	0		
GCF_000019805.1	Fluc_CrcB	0		
GCF_000019805.1	CLC_F	0		
GCF_000019805.1	FAcD	0		
GCF_000021965.1	Fluc_CrcB	0		
GCF_000021965.1	CLC_F	0		
GCF_000021965.1	FAcD	0		
GCF_000022205.1	Fluc_CrcB	2	66.3	WP_012659583.1;WP_012659584.1
GCF_000022205.1	CLC_F	0		
GCF_000022205.1	FAcD	0		
GCF_000022365.1	Fluc_CrcB	1	130.0	WP_015859286.1
GCF_000022365.1	CLC_F	1	199.5	WP_048811027.1
GCF_000022365.1	FAcD	0		
GCF_000022485.1	Fluc_CrcB	0		
GCF_000022485.1	CLC_F	1	233.2	WP_012717177.1
GCF_000022485.1	FAcD	0		
GCF_000022545.1	Fluc_CrcB	1	125.5	WP_048160204.1
GCF_000022545.1	CLC_F	1	208.9	WP_012766275.1
GCF_000022545.1	FAcD	0		
GCF_000023945.1	Fluc_CrcB	2	88.4	WP_015790289.1;WP_015790290.1
GCF_000023945.1	CLC_F	0		
GCF_000023945.1	FAcD	0		
GCF_000023965.1	Fluc_CrcB	2	100.8	WP_012808046.1;WP_012808047.1
GCF_000023965.1	CLC_F	0		
GCF_000023965.1	FAcD	0		
GCF_000023985.1	Fluc_CrcB	1	125.9	WP_015791146.1
GCF_000023985.1	CLC_F	1	207.9	WP_015791877.1
GCF_000023985.1	FAcD	0		
GCF_000024185.1	Fluc_CrcB	0		
GCF_000024185.1	CLC_F	0		
GCF_000024185.1	FAcD	0		
GCF_000024625.1	Fluc_CrcB	1	128.8	WP_048196665.1
GCF_000024625.1	CLC_F	1	203.0	WP_015733296.1
GCF_000024625.1	FAcD	0		
GCF_000025285.1	Fluc_CrcB	0		
GCF_000025285.1	CLC_F	1	227.3	WP_012940504.1
GCF_000025285.1	FAcD	0		
GCF_000025325.1	Fluc_CrcB	2	98.3	WP_012941595.1;WP_012941596.1
GCF_000025325.1	CLC_F	0		
GCF_000025325.1	FAcD	0		
GCF_000025505.1	Fluc_CrcB	1	92.6	WP_012966969.1
GCF_000025505.1	CLC_F	1	267.6	WP_012965627.1
GCF_000025505.1	FAcD	0		
GCF_000025525.1	Fluc_CrcB	1	127.1	WP_012980137.1
GCF_000025525.1	CLC_F	1	205.4	WP_012980666.1
GCF_000025525.1	FAcD	0		
GCF_000025625.1	Fluc_CrcB	2	98.0	WP_004267276.1;WP_004267277.1
GCF_000025625.1	CLC_F	1	222.0	WP_012996908.1
GCF_000025625.1	FAcD	0		
GCF_000025665.1	Fluc_CrcB	0		
GCF_000025665.1	CLC_F	0		
GCF_000025665.1	FAcD	0		
GCF_000025685.1	Fluc_CrcB	2	69.7	WP_004044578.1;WP_004044579.1
GCF_000025685.1	CLC_F	0		
GCF_000025685.1	FAcD	0		
GCF_000025865.1	Fluc_CrcB	2	95.4	WP_013038163.1;WP_013038164.1
GCF_000025865.1	CLC_F	0		
GCF_000025865.1	FAcD	0		
GCF_000026045.1	Fluc_CrcB	2	84.2	WP_011321742.1;WP_011321743.1
GCF_000026045.1	CLC_F	0		
GCF_000026045.1	FAcD	0		
GCF_000063445.1	Fluc_CrcB	2	105.4	WP_012034584.1;WP_012034585.1
GCF_000063445.1	CLC_F	0		
GCF_000063445.1	FAcD	0		
GCF_000091665.1	Fluc_CrcB	1	127.4	WP_010871047.1
GCF_000091665.1	CLC_F	1	206.3	WP_010869803.1
GCF_000091665.1	FAcD	0		
GCF_000092185.1	Fluc_CrcB	0		
GCF_000092185.1	CLC_F	0		
GCF_000092185.1	FAcD	0		
GCF_000092305.1	Fluc_CrcB	1	131.3	WP_013100618.1
GCF_000092305.1	CLC_F	1	217.1	WP_013099858.1
GCF_000092305.1	FAcD	0		
GCF_000092465.1	Fluc_CrcB	0		
GCF_000092465.1	CLC_F	0		
GCF_000092465.1	FAcD	0		
GCF_000144915.1	Fluc_CrcB	0		
GCF_000144915.1	CLC_F	1	205.9	WP_013266536.1
GCF_000144915.1	FAcD	0		
GCF_000145295.1	Fluc_CrcB	0		
GCF_000145295.1	CLC_F	0		
GCF_000145295.1	FAcD	0		
GCF_000147875.1	Fluc_CrcB	1	122.7	WP_013328638.1
GCF_000147875.1	CLC_F	1	217.2	WP_013328979.1
GCF_000147875.1	FAcD	0		
GCF_000148385.1	Fluc_CrcB	0		
GCF_000148385.1	CLC_F	1	199.5	WP_013335759.1
GCF_000148385.1	FAcD	0		
GCF_000151105.2	Fluc_CrcB	1	123.9	WP_048159723.1
GCF_000151105.2	CLC_F	1	193.8	WP_048159866.1
GCF_000151105.2	FAcD	0		
GCF_000151205.2	Fluc_CrcB	1	126.8	WP_014122192.1
GCF_000151205.2	CLC_F	1	201.0	WP_014123161.1
GCF_000151205.2	FAcD	0		
GCF_000172995.2	Fluc_CrcB	2	71.6	WP_006053526.1;WP_006053527.1
GCF_000172995.2	CLC_F	0		
GCF_000172995.2	FAcD	0		
GCF_000179575.2	Fluc_CrcB	1	133.4	WP_013866533.1
GCF_000179575.2	CLC_F	1	178.1	WP_013867184.1
GCF_000179575.2	FAcD	0		
GCF_000186365.1	Fluc_CrcB	0		
GCF_000186365.1	CLC_F	0		
GCF_000186365.1	FAcD	0		
GCF_000190315.1	Fluc_CrcB	0		
GCF_000190315.1	CLC_F	1	197.7	WP_048056943.1
GCF_000190315.1	FAcD	0		
GCF_000191585.1	Fluc_CrcB	0		
GCF_000191585.1	CLC_F	0		
GCF_000191585.1	FAcD	0		
GCF_000193375.1	Fluc_CrcB	0		
GCF_000193375.1	CLC_F	1	208.8	WP_013680687.1
GCF_000193375.1	FAcD	0		
GCF_000194625.1	Fluc_CrcB	1	120.0	WP_013684187.1
GCF_000194625.1	CLC_F	1	280.1	WP_013684238.1
GCF_000194625.1	FAcD	0		
GCF_000195915.1	Fluc_CrcB	0		
GCF_000195915.1	CLC_F	1	230.6	WP_010901864.1
GCF_000195915.1	FAcD	0		
GCF_000195935.2	Fluc_CrcB	1	133.8	WP_010867782.1
GCF_000195935.2	CLC_F	0		
GCF_000195935.2	FAcD	0		
GCF_000196655.1	Fluc_CrcB	0		
GCF_000196655.1	CLC_F	1	203.0	WP_013195319.1
GCF_000196655.1	FAcD	0		
GCF_000196895.1	Fluc_CrcB	2	105.8	WP_008417722.1;WP_049934368.1
GCF_000196895.1	CLC_F	0		
GCF_000196895.1	FAcD	0		
GCF_000204415.1	Fluc_CrcB	0		
GCF_000204415.1	CLC_F	1	194.6	WP_013720308.1
GCF_000204415.1	FAcD	0		
GCF_000204925.1	Fluc_CrcB	0		
GCF_000204925.1	CLC_F	1	232.9	WP_048057780.1
GCF_000204925.1	FAcD	0		
GCF_000211475.1	Fluc_CrcB	1	130.5	WP_013747566.1
GCF_000211475.1	CLC_F	0		
GCF_000211475.1	FAcD	0		
GCF_000214415.1	Fluc_CrcB	1	124.7	WP_013798248.1
GCF_000214415.1	CLC_F	1	217.6	WP_013798440.1
GCF_000214415.1	FAcD	0		
GCF_000214725.1	Fluc_CrcB	0		
GCF_000214725.1	CLC_F	0		
GCF_000214725.1	FAcD	0		
GCF_000215995.1	Fluc_CrcB	0		
GCF_000215995.1	CLC_F	0		
GCF_000215995.1	FAcD	0		
GCF_000217715.1	Fluc_CrcB	2	96.2	WP_013879267.1;WP_013879268.1
GCF_000217715.1	CLC_F	0		
GCF_000217715.1	FAcD	0		
GCF_000217995.1	Fluc_CrcB	2	87.5	WP_013899103.1;WP_013899104.1
GCF_000217995.1	CLC_F	0		
GCF_000217995.1	FAcD	0		
GCF_000220175.1	Fluc_CrcB	1	110.0	WP_048110187.1
GCF_000220175.1	CLC_F	0		
GCF_000220175.1	FAcD	0		
GCF_000221185.1	Fluc_CrcB	1	123.3	WP_048056497.1
GCF_000221185.1	CLC_F	1	198.7	WP_048056516.1
GCF_000221185.1	FAcD	0		
GCF_000223395.1	Fluc_CrcB	1	116.7	WP_048191600.1
GCF_000223395.1	CLC_F	0		
GCF_000223395.1	FAcD	0		
GCF_000223905.1	Fluc_CrcB	2	94.2	WP_014041381.1;WP_023843421.1
GCF_000223905.1	CLC_F	0		
GCF_000223905.1	FAcD	0		
GCF_000226975.2	Fluc_CrcB	2	102.1	WP_007142100.1;WP_029601456.1
GCF_000226975.2	CLC_F	0		
GCF_000226975.2	FAcD	0		
GCF_000230715.2	Fluc_CrcB	2	99.1	WP_005575392.1;WP_005575393.1
GCF_000230715.2	CLC_F	0		
GCF_000230715.2	FAcD	0		
GCF_000230735.2	Fluc_CrcB	2	103.0	WP_006182841.1;WP_006182842.1
GCF_000230735.2	CLC_F	0		
GCF_000230735.2	FAcD	0		
GCF_000234805.1	Fluc_CrcB	0		
GCF_000234805.1	CLC_F	0		
GCF_000234805.1	FAcD	0		
GCF_000235565.1	Fluc_CrcB	0		
GCF_000235565.1	CLC_F	1	203.4	WP_014586472.1
GCF_000235565.1	FAcD	0		
GCF_000237865.1	Fluc_CrcB	4	90.3	WP_014556428.1;WP_014556429.1;WP_014556724.1;WP_049892069.1
GCF_000237865.1	CLC_F	0		
GCF_000237865.1	FAcD	0		
GCF_000243255.1	Fluc_CrcB	0		
GCF_000243255.1	CLC_F	1	218.5	WP_004076292.1
GCF_000243255.1	FAcD	0		
GCF_000243315.1	Fluc_CrcB	0		
GCF_000243315.1	CLC_F	1	247.5	WP_009072174.1
GCF_000243315.1	FAcD	0		
GCF_000243455.1	Fluc_CrcB	1	122.9	WP_007044985.1
GCF_000243455.1	CLC_F	1	211.4	WP_007044283.1
GCF_000243455.1	FAcD	0		
GCF_000246985.2	Fluc_CrcB	1	127.0	WP_004068261.1
GCF_000246985.2	CLC_F	1	205.1	WP_004069849.1
GCF_000246985.2	FAcD	0		
GCF_000251105.1	Fluc_CrcB	0		
GCF_000251105.1	CLC_F	1	195.5	WP_272941620.1
GCF_000251105.1	FAcD	0		
GCF_000253055.1	Fluc_CrcB	0		
GCF_000253055.1	CLC_F	1	178.9	WP_052883048.1
GCF_000253055.1	FAcD	0		
GCF_000258425.1	Fluc_CrcB	0		
GCF_000258425.1	CLC_F	0		
GCF_000258425.1	FAcD	0		
GCF_000258515.1	Fluc_CrcB	2	117.9	WP_010477419.1;WP_010478470.1
GCF_000258515.1	CLC_F	0		
GCF_000258515.1	FAcD	0		
GCF_000263735.1	Fluc_CrcB	1	125.3	WP_048056091.1
GCF_000263735.1	CLC_F	0		
GCF_000263735.1	FAcD	0		
GCF_000264495.1	Fluc_CrcB	0		
GCF_000264495.1	CLC_F	0		
GCF_000264495.1	FAcD	0		
GCF_000265525.1	Fluc_CrcB	1	126.0	WP_014789713.1
GCF_000265525.1	CLC_F	1	199.9	WP_014788121.1
GCF_000265525.1	FAcD	0		
GCF_000275865.1	Fluc_CrcB	0		
GCF_000275865.1	CLC_F	1	199.8	WP_004038244.1
GCF_000275865.1	FAcD	0		
GCF_000299365.1	Fluc_CrcB	1	108.6	WP_014964150.1
GCF_000299365.1	CLC_F	0		
GCF_000299365.1	FAcD	0		
GCF_000299395.1	Fluc_CrcB	1	99.3	WP_014966095.1
GCF_000299395.1	CLC_F	0		
GCF_000299395.1	FAcD	0		
GCF_000300255.2	Fluc_CrcB	1	108.0	WP_052309291.1
GCF_000300255.2	CLC_F	0		
GCF_000300255.2	FAcD	0		
GCF_000302455.1	Fluc_CrcB	0		
GCF_000302455.1	CLC_F	0		
GCF_000302455.1	FAcD	0		
GCF_000303155.1	Fluc_CrcB	1	100.0	WP_228369226.1
GCF_000303155.1	CLC_F	0		
GCF_000303155.1	FAcD	0		
GCF_000304355.2	Fluc_CrcB	0		
GCF_000304355.2	CLC_F	0		
GCF_000304355.2	FAcD	0		
GCF_000306765.2	Fluc_CrcB	2	71.5	WP_004058177.1;WP_004058179.1
GCF_000306765.2	CLC_F	0		
GCF_000306765.2	FAcD	0		
GCF_000308215.1	Fluc_CrcB	1	113.6	WP_019177061.1
GCF_000308215.1	CLC_F	0		
GCF_000308215.1	FAcD	0		
GCF_000317795.1	Fluc_CrcB	0		
GCF_000317795.1	CLC_F	1	195.9	WP_015231951.1
GCF_000317795.1	FAcD	0		
GCF_000320505.1	Fluc_CrcB	0		
GCF_000320505.1	CLC_F	0		
GCF_000320505.1	FAcD	0		
GCF_000327485.1	Fluc_CrcB	0		
GCF_000327485.1	CLC_F	0		
GCF_000327485.1	FAcD	0		
GCF_000327505.1	Fluc_CrcB	0		
GCF_000327505.1	CLC_F	0		
GCF_000327505.1	FAcD	0		
GCF_000328525.1	Fluc_CrcB	2	92.3	WP_015302226.1;WP_015302227.1
GCF_000328525.1	CLC_F	0		
GCF_000328525.1	FAcD	0		
GCF_000328665.1	Fluc_CrcB	2	102.6	WP_015325552.1;WP_048831326.1
GCF_000328665.1	CLC_F	1	210.1	WP_245546325.1
GCF_000328665.1	FAcD	0		
GCF_000328685.1	Fluc_CrcB	2	95.0	WP_015319554.1;WP_015319555.1
GCF_000328685.1	CLC_F	0		
GCF_000328685.1	FAcD	0		
GCF_000334895.1	Fluc_CrcB	2	98.7	WP_049899520.1;WP_049899523.1
GCF_000334895.1	CLC_F	0		
GCF_000334895.1	FAcD	0		
GCF_000336615.1	Fluc_CrcB	2	96.7	WP_008307755.1;WP_008307757.1
GCF_000336615.1	CLC_F	0		
GCF_000336615.1	FAcD	0		
GCF_000336635.1	Fluc_CrcB	2	97.1	WP_004590828.1;WP_004590829.1
GCF_000336635.1	CLC_F	0		
GCF_000336635.1	FAcD	0		
GCF_000336675.1	Fluc_CrcB	2	99.6	WP_007693645.1;WP_007693647.1
GCF_000336675.1	CLC_F	0		
GCF_000336675.1	FAcD	0		
GCF_000336715.1	Fluc_CrcB	2	97.0	WP_007742472.1;WP_007742473.1
GCF_000336715.1	CLC_F	0		
GCF_000336715.1	FAcD	0		
GCF_000336755.1	Fluc_CrcB	2	71.8	WP_008322813.1;WP_008322816.1
GCF_000336755.1	CLC_F	0		
GCF_000336755.1	FAcD	0		
GCF_000336775.1	Fluc_CrcB	2	69.1	WP_004973585.1;WP_004973586.1
GCF_000336775.1	CLC_F	0		
GCF_000336775.1	FAcD	0		
GCF_000336815.1	Fluc_CrcB	2	70.9	WP_008091484.1;WP_008091486.1
GCF_000336815.1	CLC_F	0		
GCF_000336815.1	FAcD	0		
GCF_000336875.1	Fluc_CrcB	2	65.2	WP_008442972.1;WP_008442974.1
GCF_000336875.1	CLC_F	0		
GCF_000336875.1	FAcD	0		
GCF_000336895.1	Fluc_CrcB	2	97.1	WP_005537317.1;WP_005537318.1
GCF_000336895.1	CLC_F	0		
GCF_000336895.1	FAcD	0		
GCF_000336915.1	Fluc_CrcB	4	104.8	WP_006076081.1;WP_006076082.1;WP_006078633.1;WP_006078634.1
GCF_000336915.1	CLC_F	0		
GCF_000336915.1	FAcD	0		
GCF_000336935.1	Fluc_CrcB	2	101.9	WP_005043374.1;WP_005043376.1
GCF_000336935.1	CLC_F	0		
GCF_000336935.1	FAcD	0		
GCF_000336955.1	Fluc_CrcB	2	68.4	WP_007544511.1;WP_007544513.1
GCF_000336955.1	CLC_F	0		
GCF_000336955.1	FAcD	0		
GCF_000337035.1	Fluc_CrcB	2	59.1	WP_006111862.1;WP_006111863.1
GCF_000337035.1	CLC_F	0		
GCF_000337035.1	FAcD	0		
GCF_000337095.1	Fluc_CrcB	4	92.3	WP_008386981.1;WP_008386982.1;WP_008388026.1;WP_049917046.1
GCF_000337095.1	CLC_F	0		
GCF_000337095.1	FAcD	0		
GCF_000337135.1	Fluc_CrcB	2	97.0	WP_006165463.1;WP_006165464.1
GCF_000337135.1	CLC_F	0		
GCF_000337135.1	FAcD	0		
GCF_000337175.1	Fluc_CrcB	2	95.0	WP_008456617.1;WP_008456620.1
GCF_000337175.1	CLC_F	0		
GCF_000337175.1	FAcD	0		
GCF_000337195.1	Fluc_CrcB	2	101.7	WP_006432296.1;WP_006432297.1
GCF_000337195.1	CLC_F	0		
GCF_000337195.1	FAcD	0		
GCF_000337215.1	Fluc_CrcB	2	98.2	WP_007259247.1;WP_007259248.1
GCF_000337215.1	CLC_F	0		
GCF_000337215.1	FAcD	0		
GCF_000337335.1	Fluc_CrcB	2	63.3	WP_004598055.1;WP_004598056.1
GCF_000337335.1	CLC_F	0		
GCF_000337335.1	FAcD	0		
GCF_000337355.1	Fluc_CrcB	2	66.7	WP_008848952.1;WP_008848953.1
GCF_000337355.1	CLC_F	0		
GCF_000337355.1	FAcD	0		
GCF_000337375.1	Fluc_CrcB	2	67.2	WP_008005017.1;WP_008005019.1
GCF_000337375.1	CLC_F	0		
GCF_000337375.1	FAcD	0		
GCF_000337415.1	Fluc_CrcB	2	59.4	WP_006629601.1;WP_006629602.1
GCF_000337415.1	CLC_F	0		
GCF_000337415.1	FAcD	0		
GCF_000337475.1	Fluc_CrcB	2	105.7	WP_008008733.1;WP_008008734.1
GCF_000337475.1	CLC_F	0		
GCF_000337475.1	FAcD	0		
GCF_000337495.1	Fluc_CrcB	2	97.0	WP_008892841.1;WP_008892842.1
GCF_000337495.1	CLC_F	0		
GCF_000337495.1	FAcD	0		
GCF_000337515.1	Fluc_CrcB	2	91.4	WP_007700880.1;WP_007700883.1
GCF_000337515.1	CLC_F	0		
GCF_000337515.1	FAcD	0		
GCF_000337535.1	Fluc_CrcB	2	92.8	WP_006664990.1;WP_006664991.1
GCF_000337535.1	CLC_F	0		
GCF_000337535.1	FAcD	0		
GCF_000337555.1	Fluc_CrcB	2	90.5	WP_006110568.1;WP_006110569.1
GCF_000337555.1	CLC_F	0		
GCF_000337555.1	FAcD	0		
GCF_000337575.1	Fluc_CrcB	2	98.3	WP_006653614.1;WP_006653615.1
GCF_000337575.1	CLC_F	0		
GCF_000337575.1	FAcD	0		
GCF_000337595.1	Fluc_CrcB	2	92.3	WP_006826278.1;WP_006826279.1
GCF_000337595.1	CLC_F	0		
GCF_000337595.1	FAcD	0		
GCF_000337615.1	Fluc_CrcB	2	96.2	WP_006183987.1;WP_006183988.1
GCF_000337615.1	CLC_F	0		
GCF_000337615.1	FAcD	0		
GCF_000337675.1	Fluc_CrcB	2	99.1	WP_005554514.1;WP_005554515.1
GCF_000337675.1	CLC_F	0		
GCF_000337675.1	FAcD	0		
GCF_000337695.1	Fluc_CrcB	3	96.6	WP_008421556.1;WP_008421558.1;WP_008421802.1
GCF_000337695.1	CLC_F	0		
GCF_000337695.1	FAcD	0		
GCF_000337735.1	Fluc_CrcB	2	92.9	WP_008160895.1;WP_008160897.1
GCF_000337735.1	CLC_F	0		
GCF_000337735.1	FAcD	0		
GCF_000337775.1	Fluc_CrcB	2	93.9	WP_004515318.1;WP_004515319.1
GCF_000337775.1	CLC_F	0		
GCF_000337775.1	FAcD	0		
GCF_000337795.1	Fluc_CrcB	2	69.9	WP_004969055.1;WP_004969056.1
GCF_000337795.1	CLC_F	0		
GCF_000337795.1	FAcD	0		
GCF_000337815.1	Fluc_CrcB	2	71.8	WP_008319752.1;WP_008319754.1
GCF_000337815.1	CLC_F	0		
GCF_000337815.1	FAcD	0		
GCF_000337915.1	Fluc_CrcB	2	62.8	WP_004049239.1;WP_004049241.1
GCF_000337915.1	CLC_F	0		
GCF_000337915.1	FAcD	0		
GCF_000371805.1	Fluc_CrcB	1	128.3	WP_004590638.1
GCF_000371805.1	CLC_F	1	196.9	WP_004590983.1
GCF_000371805.1	FAcD	0		
GCF_000376445.1	Fluc_CrcB	3	104.5	WP_007979172.1;WP_007979694.1;WP_007979696.1
GCF_000376445.1	CLC_F	0		
GCF_000376445.1	FAcD	0		
GCF_000379085.1	Fluc_CrcB	0		
GCF_000379085.1	CLC_F	0		
GCF_000379085.1	FAcD	0		
GCF_000383975.1	Fluc_CrcB	2	95.5	WP_006087712.1;WP_006087713.1
GCF_000383975.1	CLC_F	0		
GCF_000383975.1	FAcD	0		
GCF_000385565.1	Fluc_CrcB	1	117.6	WP_015591226.1
GCF_000385565.1	CLC_F	1	255.5	WP_015589813.1
GCF_000385565.1	FAcD	0		
GCF_000403645.1	Fluc_CrcB	2	75.5	WP_020447807.1;WP_049894207.1
GCF_000403645.1	CLC_F	0		
GCF_000403645.1	FAcD	0		
GCF_000404225.1	Fluc_CrcB	4	109.5	WP_020449680.1;WP_020449681.1;WP_020449687.1;WP_048134117.1
GCF_000404225.1	CLC_F	0		
GCF_000404225.1	FAcD	0		
GCF_000415985.1	Fluc_CrcB	2	65.4	WP_021054758.1;WP_048075188.1
GCF_000415985.1	CLC_F	0		
GCF_000415985.1	FAcD	0		
GCF_000427685.1	Fluc_CrcB	2	91.0	WP_049937029.1;WP_211226024.1
GCF_000427685.1	CLC_F	0		
GCF_000427685.1	FAcD	0		
GCF_000446015.1	Fluc_CrcB	0		
GCF_000446015.1	CLC_F	0		
GCF_000446015.1	FAcD	0		
GCF_000455345.1	Fluc_CrcB	2	96.6	WP_049928598.1;WP_154660596.1
GCF_000455345.1	CLC_F	0		
GCF_000455345.1	FAcD	0		
GCF_000455365.1	Fluc_CrcB	2	85.4	WP_049922344.1;WP_049923173.1
GCF_000455365.1	CLC_F	0		
GCF_000455365.1	FAcD	0		
GCF_000470655.1	Fluc_CrcB	2	88.3	WP_008523545.1;WP_008523547.1
GCF_000470655.1	CLC_F	0		
GCF_000470655.1	FAcD	0		
GCF_000495475.1	Fluc_CrcB	2	71.2	WP_023395216.1;WP_023395217.1
GCF_000495475.1	CLC_F	0		
GCF_000495475.1	FAcD	0		
GCF_000504205.1	Fluc_CrcB	2	111.0	WP_023844812.1;WP_048135847.1
GCF_000504205.1	CLC_F	1	218.9	WP_048135372.1
GCF_000504205.1	FAcD	0		
GCF_000513855.1	Fluc_CrcB	0		
GCF_000513855.1	CLC_F	1	201.3	WP_198011704.1
GCF_000513855.1	FAcD	0		
GCF_000517445.1	Fluc_CrcB	1	120.2	WP_042680018.1
GCF_000517445.1	CLC_F	0		
GCF_000517445.1	FAcD	0		
GCF_000517625.1	Fluc_CrcB	2	97.2	WP_049954983.1;WP_049954984.1
GCF_000517625.1	CLC_F	0		
GCF_000517625.1	FAcD	0		
GCF_000585495.1	Fluc_CrcB	1	129.6	WP_042689671.1
GCF_000585495.1	CLC_F	1	202.0	WP_042689161.1
GCF_000585495.1	FAcD	0		
GCF_000591035.1	Fluc_CrcB	0		
GCF_000591035.1	CLC_F	1	204.6	WP_022541716.1
GCF_000591035.1	FAcD	0		
GCF_000591055.1	Fluc_CrcB	2	87.2	WP_015410102.1;WP_015410103.1
GCF_000591055.1	CLC_F	0		
GCF_000591055.1	FAcD	0		
GCF_000621965.1	Fluc_CrcB	0		
GCF_000621965.1	CLC_F	0		
GCF_000621965.1	FAcD	0		
GCF_000632495.1	Fluc_CrcB	0		
GCF_000632495.1	CLC_F	1	225.2	WP_048100573.1
GCF_000632495.1	FAcD	0		
GCF_000685155.1	Fluc_CrcB	0		
GCF_000685155.1	CLC_F	0		
GCF_000685155.1	FAcD	0		
GCF_000691865.1	Fluc_CrcB	0		
GCF_000691865.1	CLC_F	0		
GCF_000691865.1	FAcD	0		
GCF_000698785.1	Fluc_CrcB	1	100.1	WP_075054334.1
GCF_000698785.1	CLC_F	0		
GCF_000698785.1	FAcD	0		
GCF_000710615.1	Fluc_CrcB	2	94.4	WP_049972051.1;WP_084156935.1
GCF_000710615.1	CLC_F	0		
GCF_000710615.1	FAcD	0		
GCF_000711905.1	Fluc_CrcB	1	102.7	WP_042687397.1
GCF_000711905.1	CLC_F	1	231.1	WP_052353305.1
GCF_000711905.1	FAcD	0		
GCF_000723185.1	Fluc_CrcB	1	100.4	WP_048196477.1
GCF_000723185.1	CLC_F	0		
GCF_000723185.1	FAcD	0		
GCF_000725425.1	Fluc_CrcB	1	133.2	WP_048165912.1
GCF_000725425.1	CLC_F	1	202.7	WP_048165898.1
GCF_000725425.1	FAcD	0		
GCF_000730285.1	Fluc_CrcB	1	102.9	WP_264357907.1
GCF_000730285.1	CLC_F	0		
GCF_000730285.1	FAcD	0		
GCF_000731985.1	Fluc_CrcB	2	95.8	WP_007110276.1;WP_007110277.1
GCF_000731985.1	CLC_F	0		
GCF_000731985.1	FAcD	0		
GCF_000739065.1	Fluc_CrcB	1	126.5	WP_048201409.1
GCF_000739065.1	CLC_F	1	204.2	WP_048201878.1
GCF_000739065.1	FAcD	0		
GCF_000739595.1	Fluc_CrcB	2	68.4	WP_050026290.1;WP_050031874.1
GCF_000739595.1	CLC_F	0		
GCF_000739595.1	FAcD	0		
GCF_000744455.1	Fluc_CrcB	0		
GCF_000744455.1	CLC_F	0		
GCF_000744455.1	FAcD	0		
GCF_000745485.1	Fluc_CrcB	1	116.8	WP_211251449.1
GCF_000745485.1	CLC_F	0		
GCF_000745485.1	FAcD	0		
GCF_000746205.1	Fluc_CrcB	2	62.1	WP_049984331.1;WP_049984332.1
GCF_000746205.1	CLC_F	0		
GCF_000746205.1	FAcD	0		
GCF_000755245.1	Fluc_CrcB	2	100.6	WP_049999019.1;WP_049999020.1
GCF_000755245.1	CLC_F	0		
GCF_000755245.1	FAcD	0		
GCF_000765475.1	Fluc_CrcB	2	102.2	WP_048195522.1;WP_048195523.1
GCF_000765475.1	CLC_F	1	205.9	WP_052402890.1
GCF_000765475.1	FAcD	0		
GCF_000769655.1	Fluc_CrcB	1	125.7	WP_050003490.1
GCF_000769655.1	CLC_F	1	204.9	WP_050003097.1
GCF_000769655.1	FAcD	0		
GCF_000784355.1	Fluc_CrcB	1	123.0	WP_048151531.1
GCF_000784355.1	CLC_F	1	217.4	WP_048152752.1
GCF_000784355.1	FAcD	0		
GCF_000789255.1	Fluc_CrcB	1	121.5	WP_318249172.1
GCF_000789255.1	CLC_F	1	241.0	WP_048091767.1
GCF_000789255.1	FAcD	0		
GCF_000800805.1	Fluc_CrcB	2	86.5	WP_048111363.1;WP_052399238.1
GCF_000800805.1	CLC_F	0		
GCF_000800805.1	FAcD	0		
GCF_000802205.1	Fluc_CrcB	1	94.4	WP_196818131.1
GCF_000802205.1	CLC_F	0		
GCF_000802205.1	FAcD	0		
GCF_000812185.1	Fluc_CrcB	0		
GCF_000812185.1	CLC_F	0		
GCF_000812185.1	FAcD	0		
GCF_000816105.1	Fluc_CrcB	1	127.9	WP_062370304.1
GCF_000816105.1	CLC_F	1	205.0	WP_062371831.1
GCF_000816105.1	FAcD	0		
GCF_000828575.1	Fluc_CrcB	0		
GCF_000828575.1	CLC_F	0		
GCF_000828575.1	FAcD	0		
GCF_000875775.1	Fluc_CrcB	2	96.5	WP_237087687.1;WP_237087692.1
GCF_000875775.1	CLC_F	0		
GCF_000875775.1	FAcD	0		
GCF_000955905.1	Fluc_CrcB	1	100.8	WP_048187192.1
GCF_000955905.1	CLC_F	0		
GCF_000955905.1	FAcD	0		
GCF_000956175.1	Fluc_CrcB	1	110.8	WP_048114474.1
GCF_000956175.1	CLC_F	0		
GCF_000956175.1	FAcD	0		
GCF_000966265.1	Fluc_CrcB	1	126.1	WP_048148622.1
GCF_000966265.1	CLC_F	1	204.5	WP_048149492.1
GCF_000966265.1	FAcD	0		
GCF_000969885.1	Fluc_CrcB	2	114.9	WP_048167264.1;WP_048167265.1
GCF_000969885.1	CLC_F	0		
GCF_000969885.1	FAcD	0		
GCF_000969905.1	Fluc_CrcB	2	118.4	WP_048122786.1;WP_048122788.1
GCF_000969905.1	CLC_F	1	216.4	WP_048124087.1
GCF_000969905.1	FAcD	0		
GCF_000969965.1	Fluc_CrcB	2	109.5	WP_048125933.1;WP_048125935.1
GCF_000969965.1	CLC_F	1	221.8	WP_048128985.1
GCF_000969965.1	FAcD	0		
GCF_000969985.1	Fluc_CrcB	3	115.7	WP_011305527.1;WP_011305528.1;WP_011308614.1
GCF_000969985.1	CLC_F	2	217.1	WP_011306810.1;WP_011307193.1
GCF_000969985.1	FAcD	0		
GCF_000970025.1	Fluc_CrcB	2	117.5	WP_048121901.1;WP_048121903.1
GCF_000970025.1	CLC_F	2	218.1	WP_048116637.1;WP_048157092.1
GCF_000970025.1	FAcD	0		
GCF_000970045.1	Fluc_CrcB	2	116.3	WP_048177681.1;WP_048177682.1
GCF_000970045.1	CLC_F	1	214.2	WP_048180262.1
GCF_000970045.1	FAcD	0		
GCF_000970085.1	Fluc_CrcB	2	113.5	WP_048173979.1;WP_048175094.1
GCF_000970085.1	CLC_F	1	219.0	WP_048170725.1
GCF_000970085.1	FAcD	0		
GCF_000970205.1	Fluc_CrcB	2	112.6	WP_011032778.1;WP_011032779.1
GCF_000970205.1	CLC_F	1	214.8	WP_048046337.1
GCF_000970205.1	FAcD	0		
GCF_000970265.1	Fluc_CrcB	2	114.3	WP_048127840.1;WP_048127842.1
GCF_000970265.1	CLC_F	1	215.4	WP_048129455.1
GCF_000970265.1	FAcD	0		
GCF_000970285.1	Fluc_CrcB	3	112.4	WP_048137253.1;WP_048137255.1;WP_048141760.1
GCF_000970285.1	CLC_F	1	212.1	WP_048137841.1
GCF_000970285.1	FAcD	0		
GCF_000970305.1	Fluc_CrcB	1	118.7	WP_048107379.1
GCF_000970305.1	CLC_F	2	212.1	WP_048107153.1;WP_048108802.1
GCF_000970305.1	FAcD	0		
GCF_000970325.1	Fluc_CrcB	2	102.8	WP_048205980.1;WP_048205981.1
GCF_000970325.1	CLC_F	1	204.5	WP_052721409.1
GCF_000970325.1	FAcD	0		
GCF_000979455.1	Fluc_CrcB	2	116.0	WP_048140854.1;WP_048140899.1
GCF_000979455.1	CLC_F	1	218.7	WP_048138385.1
GCF_000979455.1	FAcD	0		
GCF_000993805.1	Fluc_CrcB	0		
GCF_000993805.1	CLC_F	0		
GCF_000993805.1	FAcD	0		
GCF_001006045.1	Fluc_CrcB	1	119.1	WP_218915482.1
GCF_001006045.1	CLC_F	1	258.2	WP_245604004.1
GCF_001006045.1	FAcD	0		
GCF_001011115.1	Fluc_CrcB	2	91.0	WP_050049305.1;WP_050049306.1
GCF_001011115.1	CLC_F	0		
GCF_001011115.1	FAcD	0		
GCF_001017125.1	Fluc_CrcB	0		
GCF_001017125.1	CLC_F	1	189.8	WP_082122727.1
GCF_001017125.1	FAcD	0		
GCF_001280425.1	Fluc_CrcB	2	96.4	WP_053967151.1;WP_053967152.1
GCF_001280425.1	CLC_F	0		
GCF_001280425.1	FAcD	0		
GCF_001280455.1	Fluc_CrcB	2	62.5	WP_053771847.1;WP_053771848.1
GCF_001280455.1	CLC_F	0		
GCF_001280455.1	FAcD	0		
GCF_001282785.1	Fluc_CrcB	2	93.2	WP_053949018.1;WP_053949019.1
GCF_001282785.1	CLC_F	0		
GCF_001282785.1	FAcD	0		
GCF_001304615.2	Fluc_CrcB	0		
GCF_001304615.2	CLC_F	0		
GCF_001304615.2	FAcD	0		
GCF_001317345.1	Fluc_CrcB	1	123.2	WP_055282170.1
GCF_001317345.1	CLC_F	1	213.2	WP_055281355.1
GCF_001317345.1	FAcD	0		
GCF_001368915.1	Fluc_CrcB	2	69.6	WP_089779610.1;WP_089779612.1
GCF_001368915.1	CLC_F	0		
GCF_001368915.1	FAcD	0		
GCF_001402945.1	Fluc_CrcB	0		
GCF_001402945.1	CLC_F	1	226.2	WP_055032408.1
GCF_001402945.1	FAcD	0		
GCF_001412615.1	Fluc_CrcB	1	113.4	WP_055409679.1
GCF_001412615.1	CLC_F	1	182.9	WP_055409741.1
GCF_001412615.1	FAcD	0		
GCF_001462205.1	Fluc_CrcB	2	66.3	WP_058367085.1;WP_058367086.1
GCF_001462205.1	CLC_F	0		
GCF_001462205.1	FAcD	0		
GCF_001462395.1	Fluc_CrcB	1	118.2	WP_201783084.1
GCF_001462395.1	CLC_F	1	184.0	WP_058370674.1
GCF_001462395.1	FAcD	0		
GCF_001469865.1	Fluc_CrcB	2	72.7	WP_058571325.1;WP_058571326.1
GCF_001469865.1	CLC_F	0		
GCF_001469865.1	FAcD	0		
GCF_001469875.2	Fluc_CrcB	2	69.8	WP_058568217.1;WP_058568218.1
GCF_001469875.2	CLC_F	0		
GCF_001469875.2	FAcD	0		
GCF_001469955.1	Fluc_CrcB	2	91.1	WP_058580014.1;WP_155120400.1
GCF_001469955.1	CLC_F	0		
GCF_001469955.1	FAcD	0		
GCF_001477655.1	Fluc_CrcB	0		
GCF_001477655.1	CLC_F	0		
GCF_001477655.1	FAcD	0		
GCF_001481685.1	Fluc_CrcB	1	111.8	WP_075049991.1
GCF_001481685.1	CLC_F	0		
GCF_001481685.1	FAcD	0		
GCF_001482285.1	Fluc_CrcB	2	69.7	WP_058826740.1;WP_058826741.1
GCF_001482285.1	CLC_F	0		
GCF_001482285.1	FAcD	0		
GCF_001484195.1	Fluc_CrcB	1	125.2	WP_058937773.1
GCF_001484195.1	CLC_F	0		
GCF_001484195.1	FAcD	0		
GCF_001484685.1	Fluc_CrcB	1	122.2	WP_058946056.1
GCF_001484685.1	CLC_F	1	203.9	WP_058945865.1
GCF_001484685.1	FAcD	0		
GCF_001485535.1	Fluc_CrcB	2	84.1	WP_058984104.1;WP_058984105.1
GCF_001485535.1	CLC_F	0		
GCF_001485535.1	FAcD	0		
GCF_001485575.1	Fluc_CrcB	2	97.1	WP_058994199.1;WP_058994200.1
GCF_001485575.1	CLC_F	0		
GCF_001485575.1	FAcD	0		
GCF_001488575.1	Fluc_CrcB	2	90.0	WP_059057610.1;WP_059057611.1
GCF_001488575.1	CLC_F	0		
GCF_001488575.1	FAcD	0		
GCF_001541925.1	Fluc_CrcB	1	112.4	WP_067957236.1
GCF_001541925.1	CLC_F	0		
GCF_001541925.1	FAcD	0		
GCF_001542905.1	Fluc_CrcB	2	70.5	WP_066411765.1;WP_066411767.1
GCF_001542905.1	CLC_F	0		
GCF_001542905.1	FAcD	0		
GCF_001548675.1	Fluc_CrcB	0		
GCF_001548675.1	CLC_F	0		
GCF_001548675.1	FAcD	0		
GCF_001571385.1	Fluc_CrcB	1	114.1	WP_067051589.1
GCF_001571385.1	CLC_F	1	198.8	WP_067052181.1
GCF_001571385.1	FAcD	0		
GCF_001571405.1	Fluc_CrcB	0		
GCF_001571405.1	CLC_F	0		
GCF_001571405.1	FAcD	0		
GCF_001577775.1	Fluc_CrcB	1	123.3	WP_068321264.1
GCF_001577775.1	CLC_F	1	238.1	WP_335343152.1
GCF_001577775.1	FAcD	0		
GCF_001592435.1	Fluc_CrcB	1	126.3	WP_062387184.1
GCF_001592435.1	CLC_F	1	208.9	WP_062386548.1
GCF_001592435.1	FAcD	0		
GCF_001602375.1	Fluc_CrcB	0		
GCF_001602375.1	CLC_F	0		
GCF_001602375.1	FAcD	0		
GCF_001625445.1	Fluc_CrcB	2	108.0	WP_066144402.1;WP_066144405.1
GCF_001625445.1	CLC_F	0		
GCF_001625445.1	FAcD	0		
GCF_001639275.1	Fluc_CrcB	0		
GCF_001639275.1	CLC_F	0		
GCF_001639275.1	FAcD	0		
GCF_001647085.1	Fluc_CrcB	1	125.2	WP_068667178.1
GCF_001647085.1	CLC_F	1	206.1	WP_068666496.1
GCF_001647085.1	FAcD	0		
GCF_001719125.1	Fluc_CrcB	0		
GCF_001719125.1	CLC_F	1	231.3	WP_069284628.1
GCF_001719125.1	FAcD	0		
GCF_001729965.1	Fluc_CrcB	1	90.2	WP_069592544.1
GCF_001729965.1	CLC_F	0		
GCF_001729965.1	FAcD	0		
GCF_001748385.1	Fluc_CrcB	0		
GCF_001748385.1	CLC_F	0		
GCF_001748385.1	FAcD	0		
GCF_001861355.1	Fluc_CrcB	2	98.1	WP_071401567.1;WP_071401568.1
GCF_001861355.1	CLC_F	0		
GCF_001861355.1	FAcD	0		
GCF_001870125.1	Fluc_CrcB	2	96.0	WP_148685681.1;WP_148686766.1
GCF_001870125.1	CLC_F	0		
GCF_001870125.1	FAcD	0		
GCF_001886955.1	Fluc_CrcB	2	100.7	WP_070364574.1;WP_070364575.1
GCF_001886955.1	CLC_F	0		
GCF_001886955.1	FAcD	0		
GCF_001889405.1	Fluc_CrcB	2	94.1	WP_072561360.1;WP_072561361.1
GCF_001889405.1	CLC_F	1	227.4	WP_072561426.1
GCF_001889405.1	FAcD	0		
GCF_001953745.1	Fluc_CrcB	2	106.3	WP_076147418.1;WP_139326609.1
GCF_001953745.1	CLC_F	0		
GCF_001953745.1	FAcD	0		
GCF_001971705.1	Fluc_CrcB	2	95.8	WP_076583690.1;WP_076583692.1
GCF_001971705.1	CLC_F	0		
GCF_001971705.1	FAcD	0		
GCF_001989615.1	Fluc_CrcB	4	105.8	WP_077205895.1;WP_077205896.1;WP_077206769.1;WP_077208044.1
GCF_001989615.1	CLC_F	0		
GCF_001989615.1	FAcD	0		
GCF_002025255.2	Fluc_CrcB	2	87.5	WP_079233687.1;WP_079233688.1
GCF_002025255.2	CLC_F	0		
GCF_002025255.2	FAcD	0		
GCF_002067035.1	Fluc_CrcB	0		
GCF_002067035.1	CLC_F	0		
GCF_002067035.1	FAcD	0		
GCF_002072215.1	Fluc_CrcB	0		
GCF_002072215.1	CLC_F	0		
GCF_002072215.1	FAcD	0		
GCF_002078355.1	Fluc_CrcB	0		
GCF_002078355.1	CLC_F	1	222.4	WP_081142609.1
GCF_002078355.1	FAcD	0		
GCF_002114285.1	Fluc_CrcB	2	59.9	WP_049931440.1;WP_049931441.1
GCF_002114285.1	CLC_F	0		
GCF_002114285.1	FAcD	0		
GCF_002116695.1	Fluc_CrcB	0		
GCF_002116695.1	CLC_F	1	184.1	WP_148691364.1
GCF_002116695.1	FAcD	0		
GCF_002153915.1	Fluc_CrcB	2	85.4	WP_086636571.1;WP_161490692.1
GCF_002153915.1	CLC_F	0		
GCF_002153915.1	FAcD	0		
GCF_002156705.1	Fluc_CrcB	2	87.9	WP_086888505.1;WP_086890143.1
GCF_002156705.1	CLC_F	0		
GCF_002156705.1	FAcD	0		
GCF_002156965.1	Fluc_CrcB	1	111.6	WP_086906905.1
GCF_002156965.1	CLC_F	0		
GCF_002156965.1	FAcD	0		
GCF_002177135.1	Fluc_CrcB	2	92.2	WP_054863640.1;WP_054863641.1
GCF_002177135.1	CLC_F	0		
GCF_002177135.1	FAcD	0		
GCF_002201895.1	Fluc_CrcB	1	110.8	WP_236953834.1
GCF_002201895.1	CLC_F	0		
GCF_002201895.1	FAcD	0		
GCF_002208625.1	Fluc_CrcB	0		
GCF_002208625.1	CLC_F	0		
GCF_002208625.1	FAcD	0		
GCF_002214165.1	Fluc_CrcB	0		
GCF_002214165.1	CLC_F	0		
GCF_002214165.1	FAcD	0		
GCF_002214365.1	Fluc_CrcB	1	126.4	WP_088862947.1
GCF_002214365.1	CLC_F	1	198.9	WP_088863649.1
GCF_002214365.1	FAcD	0		
GCF_002214385.1	Fluc_CrcB	1	121.8	WP_088884717.1
GCF_002214385.1	CLC_F	1	211.3	WP_088886063.1
GCF_002214385.1	FAcD	0		
GCF_002214465.1	Fluc_CrcB	1	124.4	WP_088864728.1
GCF_002214465.1	CLC_F	1	203.9	WP_088864368.1
GCF_002214465.1	FAcD	0		
GCF_002214485.1	Fluc_CrcB	1	124.0	WP_088854481.1
GCF_002214485.1	CLC_F	1	212.5	WP_088854118.1
GCF_002214485.1	FAcD	0		
GCF_002214505.1	Fluc_CrcB	1	124.1	WP_088856572.1
GCF_002214505.1	CLC_F	1	204.5	WP_088856176.1
GCF_002214505.1	FAcD	0		
GCF_002214525.1	Fluc_CrcB	1	120.3	WP_088883141.1
GCF_002214525.1	CLC_F	0		
GCF_002214525.1	FAcD	0		
GCF_002214545.1	Fluc_CrcB	1	125.9	WP_055429298.1
GCF_002214545.1	CLC_F	1	203.7	WP_055430256.1
GCF_002214545.1	FAcD	0		
GCF_002214565.1	Fluc_CrcB	1	121.7	WP_088866143.1
GCF_002214565.1	CLC_F	1	204.1	WP_088866470.1
GCF_002214565.1	FAcD	0		
GCF_002214585.1	Fluc_CrcB	1	123.7	WP_088858345.1
GCF_002214585.1	CLC_F	1	210.0	WP_088858824.1
GCF_002214585.1	FAcD	0		
GCF_002214605.1	Fluc_CrcB	1	126.9	WP_068577427.1
GCF_002214605.1	CLC_F	1	233.5	WP_068576772.1
GCF_002214605.1	FAcD	0		
GCF_002243045.1	Fluc_CrcB	2	110.3	WP_094226735.1;WP_094226736.1
GCF_002243045.1	CLC_F	1	214.2	WP_094227343.1
GCF_002243045.1	FAcD	0		
GCF_002252755.1	Fluc_CrcB	2	58.3	WP_094557214.1;WP_094589124.1
GCF_002252755.1	CLC_F	0		
GCF_002252755.1	FAcD	0		
GCF_002286985.1	Fluc_CrcB	2	69.0	WP_095635337.1;WP_095635338.1
GCF_002286985.1	CLC_F	0		
GCF_002286985.1	FAcD	0		
GCF_002287175.1	Fluc_CrcB	1	115.6	WP_218105071.1
GCF_002287175.1	CLC_F	0		
GCF_002287175.1	FAcD	0		
GCF_002287215.1	Fluc_CrcB	0		
GCF_002287215.1	CLC_F	0		
GCF_002287215.1	FAcD	0		
GCF_002287235.1	Fluc_CrcB	1	118.6	WP_095643958.1
GCF_002287235.1	CLC_F	0		
GCF_002287235.1	FAcD	0		
GCF_002355635.1	Fluc_CrcB	2	103.3	WP_096390166.1;WP_096390167.1
GCF_002355635.1	CLC_F	0		
GCF_002355635.1	FAcD	0		
GCF_002355655.1	Fluc_CrcB	2	59.8	WP_096393999.1;WP_096394000.1
GCF_002355655.1	CLC_F	0		
GCF_002355655.1	FAcD	0		
GCF_002487355.1	Fluc_CrcB	2	97.3	WP_141398900.1;WP_176505208.1
GCF_002487355.1	CLC_F	1	280.5	WP_217993090.1
GCF_002487355.1	FAcD	0		
GCF_002496565.1	Fluc_CrcB	2	110.2	WP_292380045.1;WP_292380787.1
GCF_002496565.1	CLC_F	0		
GCF_002496565.1	FAcD	0		
GCF_002498065.1	Fluc_CrcB	0		
GCF_002498065.1	CLC_F	1	193.7	WP_292366430.1
GCF_002498065.1	FAcD	0		
GCF_002498315.1	Fluc_CrcB	1	116.1	WP_342676454.1
GCF_002498315.1	CLC_F	1	198.4	WP_342677025.1
GCF_002498315.1	FAcD	0		
GCF_002502735.1	Fluc_CrcB	2	110.4	WP_292370686.1;WP_292370687.1
GCF_002502735.1	CLC_F	1	208.3	WP_292370695.1
GCF_002502735.1	FAcD	0		
GCF_002505485.1	Fluc_CrcB	2	122.3	WP_292389824.1;WP_292391424.1
GCF_002505485.1	CLC_F	1	199.6	WP_292390259.1
GCF_002505485.1	FAcD	0		
GCF_002506515.1	Fluc_CrcB	0		
GCF_002506515.1	CLC_F	1	247.6	WP_349681918.1
GCF_002506515.1	FAcD	0		
GCF_002506585.1	Fluc_CrcB	0		
GCF_002506585.1	CLC_F	0		
GCF_002506585.1	FAcD	0		
GCF_002507545.1	Fluc_CrcB	0		
GCF_002507545.1	CLC_F	1	257.5	WP_290598183.1
GCF_002507545.1	FAcD	0		
GCF_002508705.1	Fluc_CrcB	0		
GCF_002508705.1	CLC_F	0		
GCF_002508705.1	FAcD	0		
GCF_002572525.1	Fluc_CrcB	2	101.0	WP_098724794.1;WP_394340728.1
GCF_002572525.1	CLC_F	0		
GCF_002572525.1	FAcD	0		
GCF_002727125.1	Fluc_CrcB	0		
GCF_002727125.1	CLC_F	0		
GCF_002727125.1	FAcD	0		
GCF_002761295.1	Fluc_CrcB	2	94.6	WP_072360612.1;WP_072360614.1
GCF_002761295.1	CLC_F	1	223.2	WP_072360494.1
GCF_002761295.1	FAcD	0		
GCF_002787055.1	Fluc_CrcB	1	95.6	WP_100181702.1
GCF_002787055.1	CLC_F	0		
GCF_002787055.1	FAcD	0		
GCF_002788215.1	Fluc_CrcB	2	96.1	WP_089673295.1;WP_089673296.1
GCF_002788215.1	CLC_F	0		
GCF_002788215.1	FAcD	0		
GCF_002813695.1	Fluc_CrcB	0		
GCF_002813695.1	CLC_F	0		
GCF_002813695.1	FAcD	0		
GCF_002844195.1	Fluc_CrcB	2	89.4	WP_101294581.1;WP_199174706.1
GCF_002844195.1	CLC_F	0		
GCF_002844195.1	FAcD	0		
GCF_002906575.1	Fluc_CrcB	2	72.4	WP_103424128.1;WP_103424129.1
GCF_002906575.1	CLC_F	0		
GCF_002906575.1	FAcD	1	358.1	WP_216824827.1
GCF_002945325.1	Fluc_CrcB	1	130.2	WP_104838322.1
GCF_002945325.1	CLC_F	0		
GCF_002945325.1	FAcD	0		
GCF_002952775.1	Fluc_CrcB	2	91.1	WP_119815598.1;WP_119815601.1
GCF_002952775.1	CLC_F	0		
GCF_002952775.1	FAcD	0		
GCF_003058365.1	Fluc_CrcB	2	76.4	WP_108383066.1;WP_233357327.1
GCF_003058365.1	CLC_F	0		
GCF_003058365.1	FAcD	0		
GCF_003111605.1	Fluc_CrcB	0		
GCF_003111605.1	CLC_F	0		
GCF_003111605.1	FAcD	0		
GCF_003111625.1	Fluc_CrcB	0		
GCF_003111625.1	CLC_F	0		
GCF_003111625.1	FAcD	0		
GCF_003149675.1	Fluc_CrcB	0		
GCF_003149675.1	CLC_F	0		
GCF_003149675.1	FAcD	0		
GCF_003170075.1	Fluc_CrcB	0		
GCF_003170075.1	CLC_F	0		
GCF_003170075.1	FAcD	0		
GCF_003173335.1	Fluc_CrcB	2	101.4	WP_109940325.1;WP_109940326.1
GCF_003173335.1	CLC_F	1	206.6	WP_109941467.1
GCF_003173335.1	FAcD	0		
GCF_003173355.1	Fluc_CrcB	2	97.9	WP_109969257.1;WP_109969258.1
GCF_003173355.1	CLC_F	1	217.7	WP_109968121.1
GCF_003173355.1	FAcD	0		
GCF_003201675.2	Fluc_CrcB	0		
GCF_003201675.2	CLC_F	1	230.5	WP_054836458.1
GCF_003201675.2	FAcD	0		
GCF_003201765.2	Fluc_CrcB	0		
GCF_003201765.2	CLC_F	1	241.7	WP_110379097.1
GCF_003201765.2	FAcD	0		
GCF_003201835.2	Fluc_CrcB	0		
GCF_003201835.2	CLC_F	1	196.4	WP_110269974.1
GCF_003201835.2	FAcD	0		
GCF_003205235.1	Fluc_CrcB	0		
GCF_003205235.1	CLC_F	1	231.8	WP_110642790.1
GCF_003205235.1	FAcD	0		
GCF_003264935.1	Fluc_CrcB	0		
GCF_003264935.1	CLC_F	0		
GCF_003264935.1	FAcD	0		
GCF_003268005.1	Fluc_CrcB	1	94.3	WP_112123496.1
GCF_003268005.1	CLC_F	0		
GCF_003268005.1	FAcD	0		
GCF_003287355.1	Fluc_CrcB	2	63.2	WP_112079352.1;WP_112079401.1
GCF_003287355.1	CLC_F	0		
GCF_003287355.1	FAcD	0		
GCF_003336245.1	Fluc_CrcB	2	94.9	WP_114447834.1;WP_114447835.1
GCF_003336245.1	CLC_F	0		
GCF_003336245.1	FAcD	0		
GCF_003342675.1	Fluc_CrcB	2	93.5	WP_114585670.1;WP_114605732.1
GCF_003342675.1	CLC_F	0		
GCF_003342675.1	FAcD	0		
GCF_003351865.1	Fluc_CrcB	1	121.3	WP_148120317.1
GCF_003351865.1	CLC_F	0		
GCF_003351865.1	FAcD	0		
GCF_003369835.1	Fluc_CrcB	2	88.7	WP_115798805.1;WP_115798806.1
GCF_003369835.1	CLC_F	0		
GCF_003369835.1	FAcD	0		
GCF_003382685.1	Fluc_CrcB	2	90.2	WP_115865209.1;WP_115865210.1
GCF_003382685.1	CLC_F	0		
GCF_003382685.1	FAcD	0		
GCF_003383095.1	Fluc_CrcB	2	71.8	WP_115879856.1;WP_115879858.1
GCF_003383095.1	CLC_F	0		
GCF_003383095.1	FAcD	0		
GCF_003430825.1	Fluc_CrcB	2	87.6	WP_117365428.1;WP_117365944.1
GCF_003430825.1	CLC_F	0		
GCF_003430825.1	FAcD	0		
GCF_003431325.1	Fluc_CrcB	0		
GCF_003431325.1	CLC_F	1	197.2	WP_158543109.1
GCF_003431325.1	FAcD	0		
GCF_003439925.1	Fluc_CrcB	2	89.1	WP_117595470.1;WP_117595628.1
GCF_003439925.1	CLC_F	0		
GCF_003439925.1	FAcD	0		
GCF_003491305.1	Fluc_CrcB	0		
GCF_003491305.1	CLC_F	1	216.1	WP_292612043.1
GCF_003491305.1	FAcD	0		
GCF_003605575.1	Fluc_CrcB	0		
GCF_003605575.1	CLC_F	0		
GCF_003605575.1	FAcD	0		
GCF_003605635.1	Fluc_CrcB	1	69.7	WP_120082813.1
GCF_003605635.1	CLC_F	0		
GCF_003605635.1	FAcD	0		
GCF_003610195.1	Fluc_CrcB	2	98.7	WP_120245412.1;WP_120245413.1
GCF_003610195.1	CLC_F	0		
GCF_003610195.1	FAcD	0		
GCF_003666015.1	Fluc_CrcB	2	61.4	WP_121595474.1;WP_121595475.1
GCF_003666015.1	CLC_F	0		
GCF_003666015.1	FAcD	0		
GCF_003670115.1	Fluc_CrcB	2	96.7	WP_121743820.1;WP_121743821.1
GCF_003670115.1	CLC_F	0		
GCF_003670115.1	FAcD	0		
GCF_003675855.1	Fluc_CrcB	2	98.6	WP_121823525.1;WP_121823526.1
GCF_003675855.1	CLC_F	0		
GCF_003675855.1	FAcD	0		
GCF_003675875.1	Fluc_CrcB	2	100.0	WP_121816217.1;WP_205596897.1
GCF_003675875.1	CLC_F	0		
GCF_003675875.1	FAcD	0		
GCF_003697815.1	Fluc_CrcB	2	107.0	WP_122090018.1;WP_122090019.1
GCF_003697815.1	CLC_F	0		
GCF_003697815.1	FAcD	0		
GCF_003697845.1	Fluc_CrcB	2	65.2	WP_122103892.1;WP_122103893.1
GCF_003697845.1	CLC_F	0		
GCF_003697845.1	FAcD	0		
GCF_003721435.2	Fluc_CrcB	2	62.4	WP_123113971.1;WP_123113972.1
GCF_003721435.2	CLC_F	0		
GCF_003721435.2	FAcD	0		
GCF_003722075.1	Fluc_CrcB	2	94.2	WP_123136184.1;WP_123136185.1
GCF_003722075.1	CLC_F	1	222.1	WP_123137155.1
GCF_003722075.1	FAcD	0		
GCF_003730195.1	Fluc_CrcB	4	107.2	WP_123539281.1;WP_123539282.1;WP_394339031.1;WP_394339032.1
GCF_003730195.1	CLC_F	0		
GCF_003730195.1	FAcD	0		
GCF_003781945.1	Fluc_CrcB	2	66.7	WP_123620166.1;WP_123620167.1
GCF_003781945.1	CLC_F	0		
GCF_003781945.1	FAcD	0		
GCF_003814835.1	Fluc_CrcB	0		
GCF_003814835.1	CLC_F	0		
GCF_003814835.1	FAcD	0		
GCF_003841465.1	Fluc_CrcB	2	96.5	WP_124192493.1;WP_124192575.1
GCF_003841465.1	CLC_F	0		
GCF_003841465.1	FAcD	0		
GCF_003841485.1	Fluc_CrcB	2	97.6	WP_124177762.1;WP_124177834.1
GCF_003841485.1	CLC_F	0		
GCF_003841485.1	FAcD	0		
GCF_003841505.1	Fluc_CrcB	2	94.6	WP_124194497.1;WP_124194749.1
GCF_003841505.1	CLC_F	0		
GCF_003841505.1	FAcD	0		
GCF_003856835.1	Fluc_CrcB	2	104.5	WP_121919719.1;WP_121919720.1
GCF_003856835.1	CLC_F	0		
GCF_003856835.1	FAcD	0		
GCF_003862495.1	Fluc_CrcB	2	91.1	WP_124954642.1;WP_124954720.1
GCF_003862495.1	CLC_F	0		
GCF_003862495.1	FAcD	0		
GCF_003967175.1	Fluc_CrcB	0		
GCF_003967175.1	CLC_F	1	212.6	WP_126450973.1
GCF_003967175.1	FAcD	0		
GCF_003977755.1	Fluc_CrcB	2	97.4	WP_126663717.1;WP_126663718.1
GCF_003977755.1	CLC_F	0		
GCF_003977755.1	FAcD	0		
GCF_003990725.2	Fluc_CrcB	2	67.9	WP_127116614.1;WP_127116615.1
GCF_003990725.2	CLC_F	0		
GCF_003990725.2	FAcD	0		
GCF_004087835.1	Fluc_CrcB	2	89.4	WP_128477357.1;WP_128477358.1
GCF_004087835.1	CLC_F	0		
GCF_004087835.1	FAcD	0		
GCF_004099695.1	Fluc_CrcB	2	113.9	WP_128507356.1;WP_370273835.1
GCF_004099695.1	CLC_F	1	222.6	WP_128507714.1
GCF_004099695.1	FAcD	0		
GCF_004102725.1	Fluc_CrcB	0		
GCF_004102725.1	CLC_F	1	189.5	WP_128694838.1
GCF_004102725.1	FAcD	0		
GCF_004114375.1	Fluc_CrcB	3	93.2	WP_128908400.1;WP_128909951.1;WP_128909952.1
GCF_004114375.1	CLC_F	0		
GCF_004114375.1	FAcD	0		
GCF_004118325.1	Fluc_CrcB	2	97.4	WP_129067943.1;WP_129067944.1
GCF_004118325.1	CLC_F	0		
GCF_004118325.1	FAcD	0		
GCF_004143485.2	Fluc_CrcB	2	95.2	WP_132056871.1;WP_132056873.1
GCF_004143485.2	CLC_F	0		
GCF_004143485.2	FAcD	0		
GCF_004297185.1	Fluc_CrcB	0		
GCF_004297185.1	CLC_F	1	191.0	WP_235855636.1
GCF_004297185.1	FAcD	0		
GCF_004310395.1	Fluc_CrcB	1	120.9	WP_131007113.1
GCF_004310395.1	CLC_F	0		
GCF_004310395.1	FAcD	0		
GCF_004698125.1	Fluc_CrcB	2	93.8	WP_135365124.1;WP_135365125.1
GCF_004698125.1	CLC_F	0		
GCF_004698125.1	FAcD	0		
GCF_004745425.1	Fluc_CrcB	3	126.3	WP_135388805.1;WP_135390448.1;WP_235856163.1
GCF_004745425.1	CLC_F	0		
GCF_004745425.1	FAcD	0		
GCF_004765785.1	Fluc_CrcB	2	96.6	WP_135826838.1;WP_246045761.1
GCF_004765785.1	CLC_F	0		
GCF_004765785.1	FAcD	0		
GCF_004765795.1	Fluc_CrcB	2	92.3	WP_134669512.1;WP_135805778.1
GCF_004765795.1	CLC_F	0		
GCF_004765795.1	FAcD	0		
GCF_004765815.2	Fluc_CrcB	2	93.4	WP_135852201.1;WP_135852202.1
GCF_004765815.2	CLC_F	0		
GCF_004765815.2	FAcD	0		
GCF_004785955.1	Fluc_CrcB	2	95.6	WP_135819647.1;WP_135819648.1
GCF_004785955.1	CLC_F	0		
GCF_004785955.1	FAcD	0		
GCF_004799665.1	Fluc_CrcB	2	93.6	WP_049995132.1;WP_049995133.1
GCF_004799665.1	CLC_F	0		
GCF_004799665.1	FAcD	0		
GCF_004799685.1	Fluc_CrcB	2	72.7	WP_103990739.1;WP_103991248.1
GCF_004799685.1	CLC_F	0		
GCF_004799685.1	FAcD	0		
GCF_004944975.1	Fluc_CrcB	2	90.4	WP_136687339.1;WP_136687341.1
GCF_004944975.1	CLC_F	0		
GCF_004944975.1	FAcD	0		
GCF_005049285.1	Fluc_CrcB	2	100.9	WP_136716620.1;WP_136716621.1
GCF_005049285.1	CLC_F	0		
GCF_005049285.1	FAcD	0		
GCF_005239135.1	Fluc_CrcB	2	95.3	WP_137277363.1;WP_137277364.1
GCF_005239135.1	CLC_F	0		
GCF_005239135.1	FAcD	1	414.6	WP_137277299.1
GCF_005406125.1	Fluc_CrcB	2	98.7	WP_137683658.1;WP_137683659.1
GCF_005406125.1	CLC_F	0		
GCF_005406125.1	FAcD	0		
GCF_005435165.1	Fluc_CrcB	2	60.0	WP_137686955.1;WP_137686956.1
GCF_005435165.1	CLC_F	0		
GCF_005435165.1	FAcD	0		
GCF_005543295.1	Fluc_CrcB	2	93.8	WP_138005438.1;WP_138005439.1
GCF_005543295.1	CLC_F	0		
GCF_005543295.1	FAcD	0		
GCF_005576615.1	Fluc_CrcB	2	102.4	WP_138246454.1;WP_138246455.1
GCF_005576615.1	CLC_F	0		
GCF_005576615.1	FAcD	0		
GCF_006274605.1	Fluc_CrcB	1	123.0	WP_139680760.1
GCF_006274605.1	CLC_F	1	200.4	WP_139680462.1
GCF_006274605.1	FAcD	0		
GCF_006543045.1	Fluc_CrcB	2	89.8	WP_141466507.1;WP_246084536.1
GCF_006543045.1	CLC_F	0		
GCF_006543045.1	FAcD	0		
GCF_006546655.1	Fluc_CrcB	2	115.5	WP_154810664.1;WP_328287533.1
GCF_006546655.1	CLC_F	1	217.3	WP_230375577.1
GCF_006546655.1	FAcD	0		
GCF_006740685.1	Fluc_CrcB	1	109.3	WP_141977031.1
GCF_006740685.1	CLC_F	0		
GCF_006740685.1	FAcD	0		
GCF_006861665.1	Fluc_CrcB	2	90.8	WP_142979497.1;WP_142979498.1
GCF_006861665.1	CLC_F	0		
GCF_006861665.1	FAcD	0		
GCF_007004735.1	Fluc_CrcB	2	73.3	WP_136603084.1;WP_142860103.1
GCF_007004735.1	CLC_F	0		
GCF_007004735.1	FAcD	0		
GCF_007421925.1	Fluc_CrcB	2	93.4	WP_144262772.1;WP_144262773.1
GCF_007421925.1	CLC_F	0		
GCF_007421925.1	FAcD	0		
GCF_007655485.1	Fluc_CrcB	2	66.8	WP_144905220.1;WP_144905351.1
GCF_007655485.1	CLC_F	0		
GCF_007655485.1	FAcD	0		
GCF_007671685.1	Fluc_CrcB	2	68.2	WP_144924430.1;WP_144924433.1
GCF_007671685.1	CLC_F	0		
GCF_007671685.1	FAcD	0		
GCF_007671725.1	Fluc_CrcB	2	58.2	WP_144799724.1;WP_144799725.1
GCF_007671725.1	CLC_F	0		
GCF_007671725.1	FAcD	0		
GCF_007826885.1	Fluc_CrcB	1	94.4	WP_144734971.1
GCF_007826885.1	CLC_F	0		
GCF_007826885.1	FAcD	0		
GCF_007833275.1	Fluc_CrcB	2	104.8	WP_145847872.1;WP_370516757.1
GCF_007833275.1	CLC_F	0		
GCF_007833275.1	FAcD	0		
GCF_008122205.1	Fluc_CrcB	4	107.4	WP_148857053.1;WP_148857122.1;WP_148859662.1;WP_233710744.1
GCF_008122205.1	CLC_F	0		
GCF_008122205.1	FAcD	1	406.2	WP_148859665.1
GCF_008124605.1	Fluc_CrcB	2	84.8	WP_010903408.1;WP_010903409.1
GCF_008124605.1	CLC_F	0		
GCF_008124605.1	FAcD	0		
GCF_008245225.1	Fluc_CrcB	2	90.3	WP_149081127.1;WP_149081209.1
GCF_008245225.1	CLC_F	0		
GCF_008245225.1	FAcD	0		
GCF_008326425.1	Fluc_CrcB	0		
GCF_008326425.1	CLC_F	1	239.7	WP_054846234.1
GCF_008326425.1	FAcD	0		
GCF_008389435.1	Fluc_CrcB	1	96.1	WP_149863601.1
GCF_008389435.1	CLC_F	0		
GCF_008389435.1	FAcD	0		
GCF_008709555.1	Fluc_CrcB	0		
GCF_008709555.1	CLC_F	1	232.0	WP_297027898.1
GCF_008709555.1	FAcD	0		
GCF_008729015.1	Fluc_CrcB	2	97.0	WP_151101862.1;WP_151101863.1
GCF_008729015.1	CLC_F	0		
GCF_008729015.1	FAcD	0		
GCF_008831545.1	Fluc_CrcB	2	91.6	WP_158055352.1;WP_158055353.1
GCF_008831545.1	CLC_F	0		
GCF_008831545.1	FAcD	0		
GCF_009184545.1	Fluc_CrcB	2	95.7	WP_152120274.1;WP_197739309.1
GCF_009184545.1	CLC_F	0		
GCF_009184545.1	FAcD	0		
GCF_009392895.1	Fluc_CrcB	2	91.4	WP_152939420.1;WP_168927110.1
GCF_009392895.1	CLC_F	0		
GCF_009392895.1	FAcD	0		
GCF_009601705.1	Fluc_CrcB	0		
GCF_009601705.1	CLC_F	1	233.3	WP_153424259.1
GCF_009601705.1	FAcD	0		
GCF_009617975.1	Fluc_CrcB	0		
GCF_009617975.1	CLC_F	0		
GCF_009617975.1	FAcD	0		
GCF_009617995.1	Fluc_CrcB	2	103.7	WP_153554595.1;WP_153554596.1
GCF_009617995.1	CLC_F	0		
GCF_009617995.1	FAcD	0		
GCF_009663395.1	Fluc_CrcB	2	92.0	WP_075937534.1;WP_075937535.1
GCF_009663395.1	CLC_F	0		
GCF_009663395.1	FAcD	0		
GCF_009674585.1	Fluc_CrcB	2	75.5	WP_151134878.1;WP_151134880.1
GCF_009674585.1	CLC_F	0		
GCF_009674585.1	FAcD	0		
GCF_009674605.1	Fluc_CrcB	2	73.3	WP_151161680.1;WP_151161681.1
GCF_009674605.1	CLC_F	0		
GCF_009674605.1	FAcD	0		
GCF_009690625.1	Fluc_CrcB	2	86.7	WP_154551111.1;WP_154553167.1
GCF_009690625.1	CLC_F	0		
GCF_009690625.1	FAcD	0		
GCF_009729015.1	Fluc_CrcB	0		
GCF_009729015.1	CLC_F	1	197.7	WP_152942244.1
GCF_009729015.1	FAcD	0		
GCF_009729035.1	Fluc_CrcB	0		
GCF_009729035.1	CLC_F	1	233.6	WP_156006692.1
GCF_009729035.1	FAcD	0		
GCF_009729055.1	Fluc_CrcB	0		
GCF_009729055.1	CLC_F	1	231.7	WP_156015523.1
GCF_009729055.1	FAcD	0		
GCF_009729545.1	Fluc_CrcB	0		
GCF_009729545.1	CLC_F	1	199.1	WP_155864017.1
GCF_009729545.1	FAcD	0		
GCF_009741925.1	Fluc_CrcB	0		
GCF_009741925.1	CLC_F	0		
GCF_009741925.1	FAcD	0		
GCF_009791395.1	Fluc_CrcB	2	80.4	WP_158205256.1;WP_368280188.1
GCF_009791395.1	CLC_F	0		
GCF_009791395.1	FAcD	0		
GCF_009831455.1	Fluc_CrcB	2	94.3	WP_159898829.1;WP_394350868.1
GCF_009831455.1	CLC_F	0		
GCF_009831455.1	FAcD	0		
GCF_009831575.1	Fluc_CrcB	2	96.0	WP_159763805.1;WP_159763806.1
GCF_009831575.1	CLC_F	0		
GCF_009831575.1	FAcD	0		
GCF_009831625.1	Fluc_CrcB	2	85.2	WP_159664829.1;WP_394351373.1
GCF_009831625.1	CLC_F	0		
GCF_009831625.1	FAcD	0		
GCF_009834785.1	Fluc_CrcB	2	97.5	WP_160066061.1;WP_328821405.1
GCF_009834785.1	CLC_F	0		
GCF_009834785.1	FAcD	0		
GCF_009900715.1	Fluc_CrcB	2	102.8	WP_160133677.1;WP_160133678.1
GCF_009900715.1	CLC_F	0		
GCF_009900715.1	FAcD	0		
GCF_010119195.1	Fluc_CrcB	2	97.3	WP_162415017.1;WP_162415018.1
GCF_010119195.1	CLC_F	0		
GCF_010119195.1	FAcD	0		
GCF_010119205.1	Fluc_CrcB	2	79.7	WP_162317385.1;WP_206674390.1
GCF_010119205.1	CLC_F	0		
GCF_010119205.1	FAcD	0		
GCF_010747475.1	Fluc_CrcB	2	89.8	WP_163522607.1;WP_163522608.1
GCF_010747475.1	CLC_F	0		
GCF_010747475.1	FAcD	0		
GCF_011043775.1	Fluc_CrcB	2	94.2	WP_165160731.1;WP_165161302.1
GCF_011043775.1	CLC_F	0		
GCF_011043775.1	FAcD	0		
GCF_011440375.1	Fluc_CrcB	2	97.3	WP_166036523.1;WP_166036524.1
GCF_011440375.1	CLC_F	0		
GCF_011440375.1	FAcD	0		
GCF_011620785.1	Fluc_CrcB	0		
GCF_011620785.1	CLC_F	1	191.9	WP_348303990.1
GCF_011620785.1	FAcD	0		
GCF_011734195.1	Fluc_CrcB	2	97.1	WP_167247312.1;WP_347877811.1
GCF_011734195.1	CLC_F	0		
GCF_011734195.1	FAcD	0		
GCF_012027305.1	Fluc_CrcB	1	123.6	WP_167892214.1
GCF_012027305.1	CLC_F	1	206.1	WP_167891837.1
GCF_012027305.1	FAcD	0		
GCF_012027325.1	Fluc_CrcB	1	126.8	WP_167886756.1
GCF_012027325.1	CLC_F	1	184.5	WP_167885213.1
GCF_012027325.1	FAcD	0		
GCF_012027355.1	Fluc_CrcB	1	126.2	WP_167893514.1
GCF_012027355.1	CLC_F	1	203.8	WP_167895235.1
GCF_012027355.1	FAcD	0		
GCF_012027395.1	Fluc_CrcB	1	125.7	WP_167900658.1
GCF_012027395.1	CLC_F	1	211.6	WP_167900339.1
GCF_012027395.1	FAcD	0		
GCF_012027425.1	Fluc_CrcB	1	121.3	WP_167887592.1
GCF_012027425.1	CLC_F	1	215.1	WP_167888367.1
GCF_012027425.1	FAcD	0		
GCF_012027495.1	Fluc_CrcB	1	124.2	WP_167902654.1
GCF_012027495.1	CLC_F	1	200.8	WP_167903016.1
GCF_012027495.1	FAcD	0		
GCF_012027555.1	Fluc_CrcB	1	128.4	WP_167905528.1
GCF_012027555.1	CLC_F	1	208.7	WP_167906046.1
GCF_012027555.1	FAcD	0		
GCF_012027595.1	Fluc_CrcB	1	123.8	WP_167909574.1
GCF_012027595.1	CLC_F	1	190.7	WP_167910356.1
GCF_012027595.1	FAcD	0		
GCF_012027615.1	Fluc_CrcB	1	125.3	WP_167912089.1
GCF_012027615.1	CLC_F	1	201.6	WP_167911803.1
GCF_012027615.1	FAcD	0		
GCF_012027635.1	Fluc_CrcB	1	129.1	WP_167914982.1
GCF_012027635.1	CLC_F	1	202.9	WP_167914668.1
GCF_012027635.1	FAcD	0		
GCF_012027645.1	Fluc_CrcB	1	123.3	WP_167890834.1
GCF_012027645.1	CLC_F	1	202.0	WP_167890507.1
GCF_012027645.1	FAcD	0		
GCF_012222305.1	Fluc_CrcB	0		
GCF_012222305.1	CLC_F	1	224.1	WP_168066780.1
GCF_012222305.1	FAcD	0		
GCF_013267195.1	Fluc_CrcB	2	63.7	WP_173228738.1;WP_173228740.1
GCF_013267195.1	CLC_F	0		
GCF_013267195.1	FAcD	0		
GCF_013340765.1	Fluc_CrcB	0		
GCF_013340765.1	CLC_F	1	223.8	WP_174449003.1
GCF_013340765.1	FAcD	0		
GCF_013342145.1	Fluc_CrcB	2	96.4	WP_174681502.1;WP_174681503.1
GCF_013342145.1	CLC_F	0		
GCF_013342145.1	FAcD	0		
GCF_013343295.1	Fluc_CrcB	0		
GCF_013343295.1	CLC_F	1	239.0	WP_174630907.1
GCF_013343295.1	FAcD	0		
GCF_013377755.1	Fluc_CrcB	0		
GCF_013377755.1	CLC_F	0		
GCF_013377755.1	FAcD	0		
GCF_013388255.1	Fluc_CrcB	1	103.0	WP_176966413.1
GCF_013388255.1	CLC_F	1	207.0	WP_425487361.1
GCF_013388255.1	FAcD	0		
GCF_013388945.1	Fluc_CrcB	1	101.1	WP_292640557.1
GCF_013388945.1	CLC_F	0		
GCF_013388945.1	FAcD	0		
GCF_013391085.1	Fluc_CrcB	2	93.3	WP_178290542.1;WP_178290543.1
GCF_013391085.1	CLC_F	0		
GCF_013391085.1	FAcD	0		
GCF_013391105.1	Fluc_CrcB	2	88.5	WP_178334082.1;WP_178334083.1
GCF_013391105.1	CLC_F	0		
GCF_013391105.1	FAcD	0		
GCF_013401515.1	Fluc_CrcB	2	74.8	WP_179170772.1;WP_246310180.1
GCF_013401515.1	CLC_F	0		
GCF_013401515.1	FAcD	0		
GCF_013402815.2	Fluc_CrcB	2	97.9	WP_179262342.1;WP_179262344.1
GCF_013402815.2	CLC_F	0		
GCF_013402815.2	FAcD	0		
GCF_013402875.1	Fluc_CrcB	2	94.4	WP_179270696.1;WP_345777011.1
GCF_013402875.1	CLC_F	0		
GCF_013402875.1	FAcD	0		
GCF_013407145.1	Fluc_CrcB	1	112.6	WP_179360859.1
GCF_013407145.1	CLC_F	0		
GCF_013407145.1	FAcD	0		
GCF_013407165.1	Fluc_CrcB	1	101.4	WP_179362746.1
GCF_013407165.1	CLC_F	0		
GCF_013407165.1	FAcD	0		
GCF_013407185.1	Fluc_CrcB	1	105.3	WP_179371715.1
GCF_013407185.1	CLC_F	0		
GCF_013407185.1	FAcD	0		
GCF_013407275.1	Fluc_CrcB	2	97.1	WP_179368617.1;WP_255486600.1
GCF_013407275.1	CLC_F	0		
GCF_013407275.1	FAcD	0		
GCF_013415885.1	Fluc_CrcB	2	89.6	WP_179909793.1;WP_179909794.1
GCF_013415885.1	CLC_F	0		
GCF_013415885.1	FAcD	0		
GCF_013760955.1	Fluc_CrcB	1	128.2	WP_011976924.1
GCF_013760955.1	CLC_F	0		
GCF_013760955.1	FAcD	0		
GCF_013839425.1	Fluc_CrcB	2	93.6	WP_181685484.1;WP_181685485.1
GCF_013839425.1	CLC_F	0		
GCF_013839425.1	FAcD	0		
GCF_013839515.1	Fluc_CrcB	2	94.6	WP_181692208.1;WP_181692209.1
GCF_013839515.1	CLC_F	0		
GCF_013839515.1	FAcD	0		
GCF_014078525.1	Fluc_CrcB	1	110.0	WP_182127986.1
GCF_014078525.1	CLC_F	0		
GCF_014078525.1	FAcD	0		
GCF_014212355.1	Fluc_CrcB	2	66.9	WP_185193508.1;WP_185193509.1
GCF_014212355.1	CLC_F	0		
GCF_014212355.1	FAcD	0		
GCF_014646875.1	Fluc_CrcB	2	67.7	WP_188786312.1;WP_229663747.1
GCF_014646875.1	CLC_F	0		
GCF_014646875.1	FAcD	0		
GCF_014647115.1	Fluc_CrcB	2	90.8	WP_188869266.1;WP_188869267.1
GCF_014647115.1	CLC_F	0		
GCF_014647115.1	FAcD	0		
GCF_014647155.1	Fluc_CrcB	2	88.4	WP_188876682.1;WP_188876684.1
GCF_014647155.1	CLC_F	0		
GCF_014647155.1	FAcD	0		
GCF_014647235.1	Fluc_CrcB	2	82.6	WP_188999576.1;WP_229783159.1
GCF_014647235.1	CLC_F	0		
GCF_014647235.1	FAcD	1	402.4	WP_188997694.1
GCF_014647415.1	Fluc_CrcB	4	98.2	WP_188975105.1;WP_188975107.1;WP_188980779.1;WP_188980781.1
GCF_014647415.1	CLC_F	0		
GCF_014647415.1	FAcD	0		
GCF_014647455.2	Fluc_CrcB	4	105.8	WP_188879502.1;WP_188879504.1;WP_188884141.1;WP_188884142.1
GCF_014647455.2	CLC_F	0		
GCF_014647455.2	FAcD	0		
GCF_014647475.1	Fluc_CrcB	2	90.5	WP_188979917.1;WP_188979919.1
GCF_014647475.1	CLC_F	0		
GCF_014647475.1	FAcD	0		
GCF_014876775.1	Fluc_CrcB	0		
GCF_014876775.1	CLC_F	0		
GCF_014876775.1	FAcD	0		
GCF_014889545.1	Fluc_CrcB	0		
GCF_014889545.1	CLC_F	0		
GCF_014889545.1	FAcD	0		
GCF_014962245.1	Fluc_CrcB	0		
GCF_014962245.1	CLC_F	0		
GCF_014962245.1	FAcD	0		
GCF_015062935.1	Fluc_CrcB	0		
GCF_015062935.1	CLC_F	0		
GCF_015062935.1	FAcD	0		
GCF_015521605.1	Fluc_CrcB	1	123.6	WP_297093011.1
GCF_015521605.1	CLC_F	1	202.8	WP_297092123.1
GCF_015521605.1	FAcD	0		
GCF_015523185.1	Fluc_CrcB	1	133.4	WP_297063710.1
GCF_015523185.1	CLC_F	1	191.1	WP_297072487.1
GCF_015523185.1	FAcD	0		
GCF_016065055.1	Fluc_CrcB	2	87.6	WP_198060686.1;WP_198060687.1
GCF_016065055.1	CLC_F	0		
GCF_016065055.1	FAcD	0		
GCF_016217785.1	Fluc_CrcB	0		
GCF_016217785.1	CLC_F	0		
GCF_016217785.1	FAcD	0		
GCF_016278365.1	Fluc_CrcB	1	95.9	WP_292463180.1
GCF_016278365.1	CLC_F	1	206.6	WP_292462160.1
GCF_016278365.1	FAcD	0		
GCF_016278385.1	Fluc_CrcB	2	114.6	WP_292466949.1;WP_292467197.1
GCF_016278385.1	CLC_F	1	210.9	WP_292466274.1
GCF_016278385.1	FAcD	0		
GCF_016282985.1	Fluc_CrcB	1	101.8	WP_292473487.1
GCF_016282985.1	CLC_F	0		
GCF_016282985.1	FAcD	0		
GCF_016294135.1	Fluc_CrcB	0		
GCF_016294135.1	CLC_F	0		
GCF_016294135.1	FAcD	0		
GCF_016706325.1	Fluc_CrcB	0		
GCF_016706325.1	CLC_F	0		
GCF_016706325.1	FAcD	0		
GCF_016757965.1	Fluc_CrcB	0		
GCF_016757965.1	CLC_F	3	256.1	WP_202319797.1;WP_202320100.1;WP_202320284.1
GCF_016757965.1	FAcD	0		
GCF_017094465.1	Fluc_CrcB	2	94.6	WP_229121043.1;WP_229121044.1
GCF_017094465.1	CLC_F	0		
GCF_017094465.1	FAcD	0		
GCF_017094485.1	Fluc_CrcB	2	97.9	WP_238479769.1;WP_238479770.1
GCF_017094485.1	CLC_F	0		
GCF_017094485.1	FAcD	0		
GCF_017094505.1	Fluc_CrcB	2	90.9	WP_229115551.1;WP_229115552.1
GCF_017094505.1	CLC_F	0		
GCF_017094505.1	FAcD	0		
GCF_017094525.1	Fluc_CrcB	2	92.2	WP_229109067.1;WP_229109068.1
GCF_017094525.1	CLC_F	0		
GCF_017094525.1	FAcD	0		
GCF_017352095.1	Fluc_CrcB	2	104.3	WP_207271912.1;WP_207271913.1
GCF_017352095.1	CLC_F	0		
GCF_017352095.1	FAcD	0		
GCF_017352155.2	Fluc_CrcB	2	99.6	WP_207290677.1;WP_207290875.1
GCF_017352155.2	CLC_F	0		
GCF_017352155.2	FAcD	0		
GCF_017357105.1	Fluc_CrcB	0		
GCF_017357105.1	CLC_F	0		
GCF_017357105.1	FAcD	0		
GCF_017357525.1	Fluc_CrcB	2	116.0	WP_265581550.1;WP_265582153.1
GCF_017357525.1	CLC_F	1	207.0	WP_265580872.1
GCF_017357525.1	FAcD	0		
GCF_017409525.1	Fluc_CrcB	0		
GCF_017409525.1	CLC_F	0		
GCF_017409525.1	FAcD	0		
GCF_017410345.1	Fluc_CrcB	0		
GCF_017410345.1	CLC_F	0		
GCF_017410345.1	FAcD	0		
GCF_017447225.1	Fluc_CrcB	0		
GCF_017447225.1	CLC_F	0		
GCF_017447225.1	FAcD	0		
GCF_017468685.1	Fluc_CrcB	0		
GCF_017468685.1	CLC_F	0		
GCF_017468685.1	FAcD	0		
GCF_017656475.1	Fluc_CrcB	0		
GCF_017656475.1	CLC_F	1	253.2	WP_290725539.1
GCF_017656475.1	FAcD	0		
GCF_017656495.1	Fluc_CrcB	1	126.2	WP_297124156.1
GCF_017656495.1	CLC_F	1	186.8	WP_297126468.1
GCF_017656495.1	FAcD	0		
GCF_017873335.1	Fluc_CrcB	1	127.6	WP_209477749.1
GCF_017873335.1	CLC_F	1	208.7	WP_209476977.1
GCF_017873335.1	FAcD	0		
GCF_017873415.1	Fluc_CrcB	2	113.7	WP_209615655.1;WP_209615658.1
GCF_017873415.1	CLC_F	1	225.3	WP_342451813.1
GCF_017873415.1	FAcD	0		
GCF_017873555.1	Fluc_CrcB	2	63.7	WP_210113494.1;WP_210113495.1
GCF_017873555.1	CLC_F	0		
GCF_017873555.1	FAcD	0		
GCF_017873625.1	Fluc_CrcB	0		
GCF_017873625.1	CLC_F	0		
GCF_017873625.1	FAcD	0		
GCF_017873815.1	Fluc_CrcB	2	75.3	WP_209485616.1;WP_321168693.1
GCF_017873815.1	CLC_F	0		
GCF_017873815.1	FAcD	0		
GCF_017873855.1	Fluc_CrcB	0		
GCF_017873855.1	CLC_F	1	213.7	WP_209673691.1
GCF_017873855.1	FAcD	0		
GCF_017874375.1	Fluc_CrcB	2	93.8	WP_209682102.1;WP_209682105.1
GCF_017874375.1	CLC_F	0		
GCF_017874375.1	FAcD	0		
GCF_017874455.1	Fluc_CrcB	0		
GCF_017874455.1	CLC_F	0		
GCF_017874455.1	FAcD	0		
GCF_017875315.1	Fluc_CrcB	1	118.2	WP_209690425.1
GCF_017875315.1	CLC_F	1	207.1	WP_209689531.1
GCF_017875315.1	FAcD	0		
GCF_017875325.1	Fluc_CrcB	1	116.4	WP_209629246.1
GCF_017875325.1	CLC_F	1	212.7	WP_209628633.1
GCF_017875325.1	FAcD	0		
GCF_017875395.1	Fluc_CrcB	1	128.2	WP_209732218.1
GCF_017875395.1	CLC_F	0		
GCF_017875395.1	FAcD	0		
GCF_017940815.1	Fluc_CrcB	0		
GCF_017940815.1	CLC_F	0		
GCF_017940815.1	FAcD	0		
GCF_018128925.1	Fluc_CrcB	1	104.4	WP_211687246.1
GCF_018128925.1	CLC_F	0		
GCF_018128925.1	FAcD	0		
GCF_018132105.1	Fluc_CrcB	0		
GCF_018132105.1	CLC_F	0		
GCF_018132105.1	FAcD	0		
GCF_018141185.1	Fluc_CrcB	0		
GCF_018141185.1	CLC_F	0		
GCF_018141185.1	FAcD	0		
GCF_018228765.1	Fluc_CrcB	2	61.9	WP_017342337.1;WP_017342338.1
GCF_018228765.1	CLC_F	0		
GCF_018228765.1	FAcD	0		
GCF_018433835.1	Fluc_CrcB	0		
GCF_018433835.1	CLC_F	1	196.5	WP_214019495.1
GCF_018433835.1	FAcD	0		
GCF_018609725.1	Fluc_CrcB	2	101.6	WP_292486439.1;WP_342765708.1
GCF_018609725.1	CLC_F	1	203.4	WP_292486303.1
GCF_018609725.1	FAcD	0		
GCF_018623055.1	Fluc_CrcB	2	59.0	WP_215087506.1;WP_215087507.1
GCF_018623055.1	CLC_F	0		
GCF_018623055.1	FAcD	0		
GCF_018687785.1	Fluc_CrcB	0		
GCF_018687785.1	CLC_F	1	180.3	WP_319642749.1
GCF_018687785.1	FAcD	0		
GCF_019175345.1	Fluc_CrcB	0		
GCF_019175345.1	CLC_F	1	230.4	WP_218266731.1
GCF_019175345.1	FAcD	0		
GCF_019263745.1	Fluc_CrcB	0		
GCF_019263745.1	CLC_F	1	203.3	WP_218607278.1
GCF_019263745.1	FAcD	0		
GCF_019599405.1	Fluc_CrcB	2	101.0	WP_220588710.1;WP_220588711.1
GCF_019599405.1	CLC_F	0		
GCF_019599405.1	FAcD	0		
GCF_019599465.1	Fluc_CrcB	2	82.2	WP_220617858.1;WP_220617859.1
GCF_019599465.1	CLC_F	0		
GCF_019599465.1	FAcD	0		
GCF_019633745.1	Fluc_CrcB	1	109.0	WP_220682518.1
GCF_019633745.1	CLC_F	1	214.0	WP_246589202.1
GCF_019633745.1	FAcD	0		
GCF_019669925.1	Fluc_CrcB	0		
GCF_019669925.1	CLC_F	0		
GCF_019669925.1	FAcD	0		
GCF_019669965.1	Fluc_CrcB	0		
GCF_019669965.1	CLC_F	1	190.8	WP_221056684.1
GCF_019669965.1	FAcD	0		
GCF_019693215.1	Fluc_CrcB	2	96.6	WP_221171099.1;WP_221171100.1
GCF_019693215.1	CLC_F	0		
GCF_019693215.1	FAcD	0		
GCF_019704315.1	Fluc_CrcB	0		
GCF_019704315.1	CLC_F	1	232.1	WP_221289693.1
GCF_019704315.1	FAcD	0		
GCF_019823105.1	Fluc_CrcB	2	89.9	WP_222606973.1;WP_222606974.1
GCF_019823105.1	CLC_F	0		
GCF_019823105.1	FAcD	0		
GCF_019879105.1	Fluc_CrcB	4	106.0	WP_222920274.1;WP_222920275.1;WP_255681627.1;WP_345779389.1
GCF_019879105.1	CLC_F	0		
GCF_019879105.1	FAcD	0		
GCF_019880225.1	Fluc_CrcB	2	92.6	WP_222916656.1;WP_222917837.1
GCF_019880225.1	CLC_F	0		
GCF_019880225.1	FAcD	0		
GCF_019880245.1	Fluc_CrcB	4	94.0	WP_222921606.1;WP_222923456.1;WP_222923608.1;WP_222923609.1
GCF_019880245.1	CLC_F	0		
GCF_019880245.1	FAcD	0		
GCF_019931065.1	Fluc_CrcB	0		
GCF_019931065.1	CLC_F	0		
GCF_019931065.1	FAcD	0		
GCF_020097815.1	Fluc_CrcB	2	90.0	WP_224270808.1;WP_224270809.1
GCF_020097815.1	CLC_F	0		
GCF_020097815.1	FAcD	0		
GCF_020097835.1	Fluc_CrcB	2	98.5	WP_224332846.1;WP_224332847.1
GCF_020097835.1	CLC_F	0		
GCF_020097835.1	FAcD	0		
GCF_020148105.1	Fluc_CrcB	0		
GCF_020148105.1	CLC_F	0		
GCF_020148105.1	FAcD	0		
GCF_020150815.1	Fluc_CrcB	2	96.2	WP_224447834.1;WP_224447835.1
GCF_020150815.1	CLC_F	0		
GCF_020150815.1	FAcD	0		
GCF_020177375.1	Fluc_CrcB	2	92.6	WP_224828410.1;WP_224828478.1
GCF_020177375.1	CLC_F	0		
GCF_020177375.1	FAcD	0		
GCF_020217425.1	Fluc_CrcB	2	82.5	WP_225332982.1;WP_225332983.1
GCF_020217425.1	CLC_F	0		
GCF_020217425.1	FAcD	0		
GCF_020386975.1	Fluc_CrcB	1	123.8	WP_225806806.1
GCF_020386975.1	CLC_F	0		
GCF_020386975.1	FAcD	0		
GCF_020405185.1	Fluc_CrcB	2	88.0	WP_226011807.1;WP_226011808.1
GCF_020405185.1	CLC_F	0		
GCF_020405185.1	FAcD	0		
GCF_020405205.1	Fluc_CrcB	2	104.8	WP_226005085.1;WP_226005086.1
GCF_020405205.1	CLC_F	0		
GCF_020405205.1	FAcD	0		
GCF_020405225.1	Fluc_CrcB	2	100.3	WP_226040109.1;WP_226042560.1
GCF_020405225.1	CLC_F	0		
GCF_020405225.1	FAcD	0		
GCF_020515625.1	Fluc_CrcB	2	100.9	WP_226482463.1;WP_226482464.1
GCF_020515625.1	CLC_F	0		
GCF_020515625.1	FAcD	0		
GCF_020567425.1	Fluc_CrcB	2	72.8	WP_227230317.1;WP_227230318.1
GCF_020567425.1	CLC_F	0		
GCF_020567425.1	FAcD	0		
GCF_020567525.1	Fluc_CrcB	2	91.0	WP_227131018.1;WP_227131019.1
GCF_020567525.1	CLC_F	0		
GCF_020567525.1	FAcD	0		
GCF_020614395.1	Fluc_CrcB	2	105.9	WP_227262235.1;WP_227262236.1
GCF_020614395.1	CLC_F	0		
GCF_020614395.1	FAcD	0		
GCF_020696975.1	Fluc_CrcB	0		
GCF_020696975.1	CLC_F	1	186.3	WP_292517510.1
GCF_020696975.1	FAcD	0		
GCF_020804225.1	Fluc_CrcB	2	113.6	WP_229387915.1;WP_229387917.1
GCF_020804225.1	CLC_F	1	218.0	WP_229391675.1
GCF_020804225.1	FAcD	0		
GCF_020886315.1	Fluc_CrcB	0		
GCF_020886315.1	CLC_F	1	234.7	WP_229570803.1
GCF_020886315.1	FAcD	0		
GCF_021023085.1	Fluc_CrcB	2	96.8	WP_230743222.1;WP_369424444.1
GCF_021023085.1	CLC_F	1	396.9	WP_230742423.1
GCF_021023085.1	FAcD	0		
GCF_021028995.1	Fluc_CrcB	2	87.3	WP_230889582.1;WP_269069954.1
GCF_021028995.1	CLC_F	0		
GCF_021028995.1	FAcD	0		
GCF_021184045.1	Fluc_CrcB	2	103.1	WP_233084072.1;WP_233084073.1
GCF_021184045.1	CLC_F	1	206.1	WP_233084023.1
GCF_021184045.1	FAcD	0		
GCF_021233415.1	Fluc_CrcB	2	85.4	WP_232571487.1;WP_232571488.1
GCF_021233415.1	CLC_F	0		
GCF_021233415.1	FAcD	0		
GCF_021233435.1	Fluc_CrcB	2	91.2	WP_232588069.1;WP_232588070.1
GCF_021233435.1	CLC_F	0		
GCF_021233435.1	FAcD	0		
GCF_021249345.1	Fluc_CrcB	2	87.0	WP_232702875.1;WP_232702876.1
GCF_021249345.1	CLC_F	0		
GCF_021249345.1	FAcD	0		
GCF_021249405.1	Fluc_CrcB	2	90.8	WP_232686378.1;WP_232686379.1
GCF_021249405.1	CLC_F	0		
GCF_021249405.1	FAcD	0		
GCF_021431925.1	Fluc_CrcB	2	90.7	WP_234298795.1;WP_234298796.1
GCF_021431925.1	CLC_F	0		
GCF_021431925.1	FAcD	0		
GCF_021655615.1	Fluc_CrcB	0		
GCF_021655615.1	CLC_F	1	205.1	WP_236752934.1
GCF_021655615.1	FAcD	0		
GCF_022014235.1	Fluc_CrcB	0		
GCF_022014235.1	CLC_F	0		
GCF_022014235.1	FAcD	0		
GCF_022064045.1	Fluc_CrcB	0		
GCF_022064045.1	CLC_F	1	232.2	WP_238027203.1
GCF_022064045.1	FAcD	0		
GCF_022693705.1	Fluc_CrcB	0		
GCF_022693705.1	CLC_F	1	234.3	WP_318537008.1
GCF_022693705.1	FAcD	0		
GCF_022768985.1	Fluc_CrcB	0		
GCF_022768985.1	CLC_F	0		
GCF_022768985.1	FAcD	0		
GCF_022869805.1	Fluc_CrcB	2	108.1	WP_265108725.1;WP_265108726.1
GCF_022869805.1	CLC_F	0		
GCF_022869805.1	FAcD	1	411.0	WP_265108392.1
GCF_023008545.1	Fluc_CrcB	2	105.3	WP_246975882.1;WP_246975885.1
GCF_023008545.1	CLC_F	0		
GCF_023008545.1	FAcD	1	413.6	WP_246970115.1
GCF_023016325.1	Fluc_CrcB	2	85.8	WP_247140067.1;WP_247140068.1
GCF_023016325.1	CLC_F	0		
GCF_023016325.1	FAcD	0		
GCF_023028105.1	Fluc_CrcB	2	89.4	WP_247003780.1;WP_425603049.1
GCF_023028105.1	CLC_F	0		
GCF_023028105.1	FAcD	0		
GCF_023028225.1	Fluc_CrcB	2	101.2	WP_247006227.1;WP_247006244.1
GCF_023028225.1	CLC_F	0		
GCF_023028225.1	FAcD	0		
GCF_023074835.1	Fluc_CrcB	2	79.4	WP_247413730.1;WP_368409033.1
GCF_023074835.1	CLC_F	0		
GCF_023074835.1	FAcD	0		
GCF_023093535.1	Fluc_CrcB	0		
GCF_023093535.1	CLC_F	0		
GCF_023093535.1	FAcD	0		
GCF_023115355.1	Fluc_CrcB	2	92.4	WP_247992938.1;WP_247992939.1
GCF_023115355.1	CLC_F	0		
GCF_023115355.1	FAcD	0		
GCF_023167465.1	Fluc_CrcB	0		
GCF_023167465.1	CLC_F	0		
GCF_023167465.1	FAcD	0		
GCF_023169545.1	Fluc_CrcB	0		
GCF_023169545.1	CLC_F	0		
GCF_023169545.1	FAcD	0		
GCF_023195915.1	Fluc_CrcB	0		
GCF_023195915.1	CLC_F	1	185.9	WP_248535418.1
GCF_023195915.1	FAcD	0		
GCF_023204835.1	Fluc_CrcB	2	74.5	WP_248515643.1;WP_248515644.1
GCF_023204835.1	CLC_F	0		
GCF_023204835.1	FAcD	0		
GCF_023227715.1	Fluc_CrcB	0		
GCF_023227715.1	CLC_F	0		
GCF_023227715.1	FAcD	0		
GCF_023227875.1	Fluc_CrcB	0		
GCF_023227875.1	CLC_F	1	215.8	WP_292546543.1
GCF_023227875.1	FAcD	0		
GCF_023238205.1	Fluc_CrcB	2	89.3	WP_248652208.1;WP_248652209.1
GCF_023238205.1	CLC_F	1	170.7	WP_248651994.1
GCF_023238205.1	FAcD	0		
GCF_023238445.1	Fluc_CrcB	2	93.9	WP_248656656.1;WP_248656657.1
GCF_023238445.1	CLC_F	0		
GCF_023238445.1	FAcD	0		
GCF_023256255.1	Fluc_CrcB	0		
GCF_023256255.1	CLC_F	1	249.7	WP_291999480.1
GCF_023256255.1	FAcD	0		
GCF_023256325.1	Fluc_CrcB	0		
GCF_023256325.1	CLC_F	1	188.2	WP_292319692.1
GCF_023256325.1	FAcD	0		
GCF_023256435.1	Fluc_CrcB	0		
GCF_023256435.1	CLC_F	0		
GCF_023256435.1	FAcD	0		
GCF_023276355.1	Fluc_CrcB	4	105.2	WP_248897841.1;WP_248897842.1;WP_248898353.1;WP_248898354.1
GCF_023276355.1	CLC_F	0		
GCF_023276355.1	FAcD	0		
GCF_023566055.1	Fluc_CrcB	2	103.7	WP_250140342.1;WP_250140343.1
GCF_023566055.1	CLC_F	0		
GCF_023566055.1	FAcD	0		
GCF_023617305.1	Fluc_CrcB	0		
GCF_023617305.1	CLC_F	0		
GCF_023617305.1	FAcD	0		
GCF_023638035.1	Fluc_CrcB	2	97.7	WP_174652100.1;WP_250583506.1
GCF_023638035.1	CLC_F	0		
GCF_023638035.1	FAcD	0		
GCF_023638055.1	Fluc_CrcB	2	94.7	WP_250596584.1;WP_250596585.1
GCF_023638055.1	CLC_F	0		
GCF_023638055.1	FAcD	0		
GCF_023684405.1	Fluc_CrcB	2	107.1	WP_250868478.1;WP_420846937.1
GCF_023684405.1	CLC_F	1	199.1	WP_250867355.1
GCF_023684405.1	FAcD	0		
GCF_023698535.1	Fluc_CrcB	2	94.1	WP_092694489.1;WP_092694491.1
GCF_023698535.1	CLC_F	0		
GCF_023698535.1	FAcD	0		
GCF_023699475.1	Fluc_CrcB	2	78.4	WP_250871708.1;WP_250871709.1
GCF_023699475.1	CLC_F	0		
GCF_023699475.1	FAcD	0		
GCF_023702065.1	Fluc_CrcB	0		
GCF_023702065.1	CLC_F	1	186.2	WP_250987364.1
GCF_023702065.1	FAcD	0		
GCF_023702125.1	Fluc_CrcB	2	59.1	WP_008582118.1;WP_008582120.1
GCF_023702125.1	CLC_F	0		
GCF_023702125.1	FAcD	0		
GCF_023703775.1	Fluc_CrcB	2	94.7	WP_251344160.1;WP_251344161.1
GCF_023703775.1	CLC_F	0		
GCF_023703775.1	FAcD	0		
GCF_023703795.1	Fluc_CrcB	2	91.3	WP_251329943.1;WP_345780707.1
GCF_023703795.1	CLC_F	0		
GCF_023703795.1	FAcD	0		
GCF_023746595.1	Fluc_CrcB	1	124.0	WP_251947346.1
GCF_023746595.1	CLC_F	1	217.6	WP_251950222.1
GCF_023746595.1	FAcD	0		
GCF_023913515.1	Fluc_CrcB	2	94.8	WP_252488946.1;WP_252488947.1
GCF_023913515.1	CLC_F	0		
GCF_023913515.1	FAcD	0		
GCF_023973145.1	Fluc_CrcB	2	85.7	WP_252698112.1;WP_252701416.1
GCF_023973145.1	CLC_F	0		
GCF_023973145.1	FAcD	0		
GCF_024022995.1	Fluc_CrcB	1	124.2	WP_253304665.1
GCF_024022995.1	CLC_F	1	211.4	WP_253304873.1
GCF_024022995.1	FAcD	0		
GCF_024054535.1	Fluc_CrcB	1	126.2	WP_252743938.1
GCF_024054535.1	CLC_F	1	206.4	WP_252743169.1
GCF_024054535.1	FAcD	0		
GCF_024138125.1	Fluc_CrcB	2	93.5	WP_253483105.1;WP_253483107.1
GCF_024138125.1	CLC_F	0		
GCF_024138125.1	FAcD	0		
GCF_024138145.1	Fluc_CrcB	2	98.1	WP_253430315.1;WP_253430318.1
GCF_024138145.1	CLC_F	0		
GCF_024138145.1	FAcD	0		
GCF_024138165.1	Fluc_CrcB	2	89.0	WP_253512998.1;WP_253520215.1
GCF_024138165.1	CLC_F	0		
GCF_024138165.1	FAcD	0		
GCF_024170505.1	Fluc_CrcB	2	97.9	WP_253487328.1;WP_253487329.1
GCF_024170505.1	CLC_F	0		
GCF_024170505.1	FAcD	0		
GCF_024178165.1	Fluc_CrcB	1	50.3	WP_253738925.1
GCF_024178165.1	CLC_F	0		
GCF_024178165.1	FAcD	0		
GCF_024204665.1	Fluc_CrcB	2	98.4	WP_254158324.1;WP_254160656.1
GCF_024204665.1	CLC_F	0		
GCF_024204665.1	FAcD	0		
GCF_024218775.1	Fluc_CrcB	2	84.0	WP_254273161.1;WP_254273162.1
GCF_024218775.1	CLC_F	0		
GCF_024218775.1	FAcD	0		
GCF_024227435.1	Fluc_CrcB	2	98.7	WP_254522103.1;WP_254525457.1
GCF_024227435.1	CLC_F	0		
GCF_024227435.1	FAcD	0		
GCF_024227715.1	Fluc_CrcB	2	87.8	WP_254537115.1;WP_254538110.1
GCF_024227715.1	CLC_F	0		
GCF_024227715.1	FAcD	0		
GCF_024228315.1	Fluc_CrcB	2	95.2	WP_254543147.1;WP_254543148.1
GCF_024228315.1	CLC_F	1	171.5	WP_254545564.1
GCF_024228315.1	FAcD	0		
GCF_024228675.1	Fluc_CrcB	2	74.8	WP_318567273.1;WP_318567274.1
GCF_024228675.1	CLC_F	0		
GCF_024228675.1	FAcD	0		
GCF_024296665.1	Fluc_CrcB	2	89.1	WP_254765966.1;WP_425504335.1
GCF_024296665.1	CLC_F	0		
GCF_024296665.1	FAcD	0		
GCF_024296685.1	Fluc_CrcB	2	100.9	WP_254762732.1;WP_254765170.1
GCF_024296685.1	CLC_F	0		
GCF_024296685.1	FAcD	0		
GCF_024298825.1	Fluc_CrcB	2	96.8	WP_254829471.1;WP_254829472.1
GCF_024298825.1	CLC_F	0		
GCF_024298825.1	FAcD	0		
GCF_024298845.1	Fluc_CrcB	2	90.9	WP_254807504.1;WP_254810454.1
GCF_024298845.1	CLC_F	0		
GCF_024298845.1	FAcD	0		
GCF_024298905.1	Fluc_CrcB	2	88.1	WP_254839652.1;WP_254839653.1
GCF_024298905.1	CLC_F	0		
GCF_024298905.1	FAcD	0		
GCF_024300625.1	Fluc_CrcB	2	98.6	WP_254864248.1;WP_254864249.1
GCF_024300625.1	CLC_F	0		
GCF_024300625.1	FAcD	0		
GCF_024300825.1	Fluc_CrcB	2	89.0	WP_254858542.1;WP_254858543.1
GCF_024300825.1	CLC_F	0		
GCF_024300825.1	FAcD	0		
GCF_024362485.1	Fluc_CrcB	2	100.1	WP_255192637.1;WP_255194538.1
GCF_024362485.1	CLC_F	1	219.7	WP_255194216.1
GCF_024362485.1	FAcD	0		
GCF_024362525.1	Fluc_CrcB	2	92.6	WP_255169085.1;WP_255169086.1
GCF_024362525.1	CLC_F	0		
GCF_024362525.1	FAcD	0		
GCF_024372725.1	Fluc_CrcB	2	111.3	WP_255333855.1;WP_255334030.1
GCF_024372725.1	CLC_F	1	211.8	WP_255336631.1
GCF_024372725.1	FAcD	0		
GCF_024372745.1	Fluc_CrcB	0		
GCF_024372745.1	CLC_F	0		
GCF_024372745.1	FAcD	0		
GCF_024449025.1	Fluc_CrcB	2	99.8	WP_256031006.1;WP_256031008.1
GCF_024449025.1	CLC_F	0		
GCF_024449025.1	FAcD	0		
GCF_024464185.1	Fluc_CrcB	2	91.0	WP_256298833.1;WP_256298834.1
GCF_024464185.1	CLC_F	0		
GCF_024464185.1	FAcD	0		
GCF_024464595.1	Fluc_CrcB	2	69.5	WP_256306449.1;WP_256306450.1
GCF_024464595.1	CLC_F	0		
GCF_024464595.1	FAcD	0		
GCF_024464655.1	Fluc_CrcB	2	68.2	WP_256288863.1;WP_256288915.1
GCF_024464655.1	CLC_F	0		
GCF_024464655.1	FAcD	0		
GCF_024490875.1	Fluc_CrcB	1	128.3	WP_297317568.1
GCF_024490875.1	CLC_F	1	203.0	WP_297318274.1
GCF_024490875.1	FAcD	0		
GCF_024494575.1	Fluc_CrcB	2	68.1	WP_256402994.1;WP_256402995.1
GCF_024494575.1	CLC_F	0		
GCF_024494575.1	FAcD	0		
GCF_024494595.1	Fluc_CrcB	2	68.5	WP_256420031.1;WP_256420032.1
GCF_024494595.1	CLC_F	0		
GCF_024494595.1	FAcD	0		
GCF_024494645.1	Fluc_CrcB	2	95.5	WP_256395197.1;WP_256395198.1
GCF_024494645.1	CLC_F	0		
GCF_024494645.1	FAcD	0		
GCF_024494685.1	Fluc_CrcB	2	71.5	WP_256412607.1;WP_256412608.1
GCF_024494685.1	CLC_F	0		
GCF_024494685.1	FAcD	0		
GCF_024494725.1	Fluc_CrcB	2	93.4	WP_256404842.1;WP_256404843.1
GCF_024494725.1	CLC_F	0		
GCF_024494725.1	FAcD	0		
GCF_024495425.1	Fluc_CrcB	2	86.3	WP_256400061.1;WP_256400062.1
GCF_024495425.1	CLC_F	0		
GCF_024495425.1	FAcD	0		
GCF_024498175.1	Fluc_CrcB	2	97.8	WP_157688790.1;WP_157688791.1
GCF_024498175.1	CLC_F	0		
GCF_024498175.1	FAcD	0		
GCF_024498195.1	Fluc_CrcB	2	96.7	WP_256533089.1;WP_256533090.1
GCF_024498195.1	CLC_F	0		
GCF_024498195.1	FAcD	0		
GCF_024500045.1	Fluc_CrcB	1	95.9	WP_342765634.1
GCF_024500045.1	CLC_F	1	207.6	WP_256622134.1
GCF_024500045.1	FAcD	0		
GCF_024508235.1	Fluc_CrcB	2	95.8	WP_256686897.1;WP_256686898.1
GCF_024508235.1	CLC_F	0		
GCF_024508235.1	FAcD	0		
GCF_024518575.1	Fluc_CrcB	0		
GCF_024518575.1	CLC_F	0		
GCF_024518575.1	FAcD	0		
GCF_024609245.1	Fluc_CrcB	2	89.0	WP_257298866.1;WP_257298867.1
GCF_024609245.1	CLC_F	0		
GCF_024609245.1	FAcD	0		
GCF_024662215.1	Fluc_CrcB	0		
GCF_024662215.1	CLC_F	1	218.3	WP_257742190.1
GCF_024662215.1	FAcD	0		
GCF_024707485.1	Fluc_CrcB	1	123.6	WP_258084280.1
GCF_024707485.1	CLC_F	1	204.5	WP_258084645.1
GCF_024707485.1	FAcD	0		
GCF_024807035.1	Fluc_CrcB	1	128.9	WP_209591035.1
GCF_024807035.1	CLC_F	0		
GCF_024807035.1	FAcD	0		
GCF_024807655.1	Fluc_CrcB	1	129.5	WP_013179496.1
GCF_024807655.1	CLC_F	0		
GCF_024807655.1	FAcD	0		
GCF_024808815.1	Fluc_CrcB	2	100.2	WP_259133777.1;WP_259133778.1
GCF_024808815.1	CLC_F	0		
GCF_024808815.1	FAcD	0		
GCF_024972735.1	Fluc_CrcB	2	92.7	WP_259534081.1;WP_259534082.1
GCF_024972735.1	CLC_F	0		
GCF_024972735.1	FAcD	0		
GCF_024972755.1	Fluc_CrcB	2	92.1	WP_259519229.1;WP_259519230.1
GCF_024972755.1	CLC_F	0		
GCF_024972755.1	FAcD	0		
GCF_025231485.1	Fluc_CrcB	2	98.0	WP_260593186.1;WP_260593187.1
GCF_025231485.1	CLC_F	0		
GCF_025231485.1	FAcD	0		
GCF_025384765.1	Fluc_CrcB	0		
GCF_025384765.1	CLC_F	1	187.0	WP_261598353.1
GCF_025384765.1	FAcD	0		
GCF_025397995.1	Fluc_CrcB	0		
GCF_025397995.1	CLC_F	0		
GCF_025397995.1	FAcD	0		
GCF_025399835.1	Fluc_CrcB	2	92.5	WP_261650978.1;WP_261652551.1
GCF_025399835.1	CLC_F	0		
GCF_025399835.1	FAcD	0		
GCF_025457605.1	Fluc_CrcB	2	102.8	WP_262179589.1;WP_262179590.1
GCF_025457605.1	CLC_F	0		
GCF_025457605.1	FAcD	0		
GCF_025517485.1	Fluc_CrcB	2	93.8	WP_338003118.1;WP_338008071.1
GCF_025517485.1	CLC_F	0		
GCF_025517485.1	FAcD	0		
GCF_025517525.1	Fluc_CrcB	2	88.7	WP_342806399.1;WP_342806401.1
GCF_025517525.1	CLC_F	0		
GCF_025517525.1	FAcD	0		
GCF_025517535.1	Fluc_CrcB	2	95.5	WP_315908082.1;WP_315908083.1
GCF_025517535.1	CLC_F	0		
GCF_025517535.1	FAcD	0		
GCF_025629245.1	Fluc_CrcB	2	89.0	WP_263020918.1;WP_263020919.1
GCF_025629245.1	CLC_F	0		
GCF_025629245.1	FAcD	0		
GCF_025641885.1	Fluc_CrcB	0		
GCF_025641885.1	CLC_F	0		
GCF_025641885.1	FAcD	0		
GCF_025698945.1	Fluc_CrcB	1	108.0	WP_297594161.1
GCF_025698945.1	CLC_F	0		
GCF_025698945.1	FAcD	0		
GCF_025699065.1	Fluc_CrcB	1	108.8	WP_297464980.1
GCF_025699065.1	CLC_F	0		
GCF_025699065.1	FAcD	0		
GCF_025699125.1	Fluc_CrcB	1	108.9	WP_297473482.1
GCF_025699125.1	CLC_F	0		
GCF_025699125.1	FAcD	0		
GCF_025699255.1	Fluc_CrcB	1	107.4	WP_297441489.1
GCF_025699255.1	CLC_F	0		
GCF_025699255.1	FAcD	0		
GCF_025913575.1	Fluc_CrcB	2	103.7	WP_248903474.1;WP_248903475.1
GCF_025913575.1	CLC_F	0		
GCF_025913575.1	FAcD	0		
GCF_025998175.1	Fluc_CrcB	1	109.0	WP_109877596.1
GCF_025998175.1	CLC_F	0		
GCF_025998175.1	FAcD	0		
GCF_026000775.1	Fluc_CrcB	0		
GCF_026000775.1	CLC_F	1	250.6	WP_188602954.1
GCF_026000775.1	FAcD	0		
GCF_026242195.1	Fluc_CrcB	2	90.8	WP_266086155.1;WP_266086157.1
GCF_026242195.1	CLC_F	0		
GCF_026242195.1	FAcD	0		
GCF_026248685.1	Fluc_CrcB	2	91.2	WP_266075143.1;WP_266075145.1
GCF_026248685.1	CLC_F	0		
GCF_026248685.1	FAcD	0		
GCF_026586625.1	Fluc_CrcB	2	75.4	WP_267624108.1;WP_267624109.1
GCF_026586625.1	CLC_F	0		
GCF_026586625.1	FAcD	0		
GCF_026586665.1	Fluc_CrcB	2	95.7	WP_267637683.1;WP_267637684.1
GCF_026586665.1	CLC_F	0		
GCF_026586665.1	FAcD	0		
GCF_026586675.1	Fluc_CrcB	2	61.3	WP_267665436.1;WP_267665437.1
GCF_026586675.1	CLC_F	0		
GCF_026586675.1	FAcD	0		
GCF_026616195.1	Fluc_CrcB	2	96.5	WP_267639185.1;WP_267639186.1
GCF_026616195.1	CLC_F	0		
GCF_026616195.1	FAcD	0		
GCF_026616205.1	Fluc_CrcB	2	90.5	WP_267647628.1;WP_267647630.1
GCF_026616205.1	CLC_F	0		
GCF_026616205.1	FAcD	0		
GCF_026684035.1	Fluc_CrcB	0		
GCF_026684035.1	CLC_F	1	200.9	WP_268187235.1
GCF_026684035.1	FAcD	0		
GCF_026768455.1	Fluc_CrcB	1	94.6	WP_268541321.1
GCF_026768455.1	CLC_F	0		
GCF_026768455.1	FAcD	0		
GCF_026891935.1	Fluc_CrcB	0		
GCF_026891935.1	CLC_F	1	200.3	WP_268923434.1
GCF_026891935.1	FAcD	0		
GCF_026891975.1	Fluc_CrcB	0		
GCF_026891975.1	CLC_F	1	199.9	WP_268924287.1
GCF_026891975.1	FAcD	0		
GCF_026988555.1	Fluc_CrcB	0		
GCF_026988555.1	CLC_F	1	197.0	WP_297439008.1
GCF_026988555.1	FAcD	0		
GCF_027011145.1	Fluc_CrcB	1	134.7	WP_297549125.1
GCF_027011145.1	CLC_F	1	200.2	WP_297548881.1
GCF_027011145.1	FAcD	0		
GCF_027023865.1	Fluc_CrcB	1	116.7	WP_297419339.1
GCF_027023865.1	CLC_F	1	190.2	WP_366938884.1
GCF_027023865.1	FAcD	0		
GCF_027052235.1	Fluc_CrcB	1	123.8	WP_297507429.1
GCF_027052235.1	CLC_F	1	209.2	WP_297506817.1
GCF_027052235.1	FAcD	0		
GCF_027257195.1	Fluc_CrcB	2	64.1	WP_281194656.1;WP_281194657.1
GCF_027257195.1	CLC_F	0		
GCF_027257195.1	FAcD	0		
GCF_028278985.1	Fluc_CrcB	1	108.4	WP_299292759.1
GCF_028278985.1	CLC_F	0		
GCF_028278985.1	FAcD	0		
GCF_028693135.1	Fluc_CrcB	2	115.3	WP_300104836.1;WP_300104837.1
GCF_028693135.1	CLC_F	1	213.9	WP_300099889.1
GCF_028693135.1	FAcD	0		
GCF_028702905.1	Fluc_CrcB	0		
GCF_028702905.1	CLC_F	1	197.7	WP_300166342.1
GCF_028702905.1	FAcD	0		
GCF_028712425.1	Fluc_CrcB	0		
GCF_028712425.1	CLC_F	0		
GCF_028712425.1	FAcD	0		
GCF_028890305.1	Fluc_CrcB	0		
GCF_028890305.1	CLC_F	0		
GCF_028890305.1	FAcD	0		
GCF_029167205.1	Fluc_CrcB	0		
GCF_029167205.1	CLC_F	2	197.7	WP_316969257.1;WP_316969258.1
GCF_029167205.1	FAcD	0		
GCF_029207735.1	Fluc_CrcB	0		
GCF_029207735.1	CLC_F	0		
GCF_029207735.1	FAcD	0		
GCF_029229925.1	Fluc_CrcB	2	87.5	WP_275882004.1;WP_275882005.1
GCF_029229925.1	CLC_F	0		
GCF_029229925.1	FAcD	0		
GCF_029232205.1	Fluc_CrcB	0		
GCF_029232205.1	CLC_F	0		
GCF_029232205.1	FAcD	0		
GCF_029278565.1	Fluc_CrcB	2	78.9	WP_276178146.1;WP_276178148.1
GCF_029278565.1	CLC_F	0		
GCF_029278565.1	FAcD	0		
GCF_029338195.1	Fluc_CrcB	2	104.0	WP_276270524.1;WP_276270525.1
GCF_029338195.1	CLC_F	0		
GCF_029338195.1	FAcD	0		
GCF_029338255.1	Fluc_CrcB	2	85.5	WP_276412859.1;WP_276412861.1
GCF_029338255.1	CLC_F	0		
GCF_029338255.1	FAcD	0		
GCF_029338275.1	Fluc_CrcB	2	87.5	WP_276297796.1;WP_276297797.1
GCF_029338275.1	CLC_F	0		
GCF_029338275.1	FAcD	0		
GCF_029338295.1	Fluc_CrcB	2	80.4	WP_276246756.1;WP_276274989.1
GCF_029338295.1	CLC_F	0		
GCF_029338295.1	FAcD	0		
GCF_029338355.1	Fluc_CrcB	2	91.5	WP_276236120.1;WP_382211109.1
GCF_029338355.1	CLC_F	0		
GCF_029338355.1	FAcD	0		
GCF_029338375.1	Fluc_CrcB	2	91.8	WP_276299987.1;WP_337250804.1
GCF_029338375.1	CLC_F	0		
GCF_029338375.1	FAcD	0		
GCF_029338395.1	Fluc_CrcB	2	92.7	WP_276280590.1;WP_276280591.1
GCF_029338395.1	CLC_F	0		
GCF_029338395.1	FAcD	0		
GCF_029338515.1	Fluc_CrcB	2	91.1	WP_276260015.1;WP_276260016.1
GCF_029338515.1	CLC_F	0		
GCF_029338515.1	FAcD	0		
GCF_029338555.1	Fluc_CrcB	2	90.4	WP_276237582.1;WP_276237583.1
GCF_029338555.1	CLC_F	0		
GCF_029338555.1	FAcD	0		
GCF_029490015.1	Fluc_CrcB	2	96.4	WP_277553779.1;WP_277553780.1
GCF_029490015.1	CLC_F	0		
GCF_029490015.1	FAcD	0		
GCF_029502005.1	Fluc_CrcB	2	100.7	WP_277523482.1;WP_277523484.1
GCF_029502005.1	CLC_F	0		
GCF_029502005.1	FAcD	0		
GCF_029633915.1	Fluc_CrcB	0		
GCF_029633915.1	CLC_F	0		
GCF_029633915.1	FAcD	0		
GCF_029633965.1	Fluc_CrcB	0		
GCF_029633965.1	CLC_F	1	193.6	WP_278154342.1
GCF_029633965.1	FAcD	0		
GCF_029688845.1	Fluc_CrcB	2	99.5	WP_278289982.1;WP_278290406.1
GCF_029688845.1	CLC_F	1	216.0	WP_278292337.1
GCF_029688845.1	FAcD	0		
GCF_029688865.1	Fluc_CrcB	2	98.6	WP_278304470.1;WP_278304471.1
GCF_029688865.1	CLC_F	0		
GCF_029688865.1	FAcD	0		
GCF_029848115.1	Fluc_CrcB	0		
GCF_029848115.1	CLC_F	1	219.0	WP_048072428.1
GCF_029848115.1	FAcD	0		
GCF_029854155.1	Fluc_CrcB	2	82.1	WP_280108788.1;WP_280108789.1
GCF_029854155.1	CLC_F	0		
GCF_029854155.1	FAcD	0		
GCF_029872365.1	Fluc_CrcB	2	89.0	WP_237005440.1;WP_237005441.1
GCF_029872365.1	CLC_F	0		
GCF_029872365.1	FAcD	0		
GCF_029882185.1	Fluc_CrcB	1	98.5	WP_300323086.1
GCF_029882185.1	CLC_F	0		
GCF_029882185.1	FAcD	0		
GCF_029889805.1	Fluc_CrcB	2	60.7	WP_280587034.1;WP_280587035.1
GCF_029889805.1	CLC_F	0		
GCF_029889805.1	FAcD	0		
GCF_030019085.1	Fluc_CrcB	0		
GCF_030019085.1	CLC_F	1	189.5	WP_300235314.1
GCF_030019085.1	FAcD	0		
GCF_030055425.1	Fluc_CrcB	0		
GCF_030055425.1	CLC_F	0		
GCF_030055425.1	FAcD	0		
GCF_030055435.1	Fluc_CrcB	0		
GCF_030055435.1	CLC_F	0		
GCF_030055435.1	FAcD	0		
GCF_030055635.1	Fluc_CrcB	0		
GCF_030055635.1	CLC_F	0		
GCF_030055635.1	FAcD	0		
GCF_030068615.1	Fluc_CrcB	2	95.9	WP_283834863.1;WP_283834991.1
GCF_030068615.1	CLC_F	0		
GCF_030068615.1	FAcD	0		
GCF_030127105.1	Fluc_CrcB	2	88.1	WP_284007029.1;WP_284007030.1
GCF_030127105.1	CLC_F	0		
GCF_030127105.1	FAcD	0		
GCF_030127145.1	Fluc_CrcB	2	90.9	WP_284061620.1;WP_321170851.1
GCF_030127145.1	CLC_F	0		
GCF_030127145.1	FAcD	0		
GCF_030127165.1	Fluc_CrcB	2	96.6	WP_284032263.1;WP_284032264.1
GCF_030127165.1	CLC_F	0		
GCF_030127165.1	FAcD	0		
GCF_030186535.1	Fluc_CrcB	0		
GCF_030186535.1	CLC_F	0		
GCF_030186535.1	FAcD	0		
GCF_030273315.1	Fluc_CrcB	2	86.6	WP_285928659.1;WP_285928660.1
GCF_030273315.1	CLC_F	1	229.9	WP_285926241.1
GCF_030273315.1	FAcD	1	402.9	WP_285928862.1
GCF_030287405.1	Fluc_CrcB	2	95.4	WP_286044385.1;WP_286044387.1
GCF_030287405.1	CLC_F	0		
GCF_030287405.1	FAcD	0		
GCF_030323845.1	Fluc_CrcB	0		
GCF_030323845.1	CLC_F	0		
GCF_030323845.1	FAcD	0		
GCF_030464345.1	Fluc_CrcB	0		
GCF_030464345.1	CLC_F	1	187.1	WP_301663014.1
GCF_030464345.1	FAcD	0		
GCF_030464365.1	Fluc_CrcB	0		
GCF_030464365.1	CLC_F	1	186.9	WP_301678208.1
GCF_030464365.1	FAcD	0		
GCF_030539665.1	Fluc_CrcB	0		
GCF_030539665.1	CLC_F	0		
GCF_030539665.1	FAcD	0		
GCF_030539875.1	Fluc_CrcB	0		
GCF_030539875.1	CLC_F	0		
GCF_030539875.1	FAcD	0		
GCF_030553305.1	Fluc_CrcB	2	86.6	WP_304448351.1;WP_304448352.1
GCF_030553305.1	CLC_F	0		
GCF_030553305.1	FAcD	0		
GCF_030655665.1	Fluc_CrcB	0		
GCF_030655665.1	CLC_F	1	207.6	WP_304911289.1
GCF_030655665.1	FAcD	0		
GCF_030682845.1	Fluc_CrcB	1	101.7	WP_305311465.1
GCF_030682845.1	CLC_F	0		
GCF_030682845.1	FAcD	0		
GCF_030734285.1	Fluc_CrcB	2	95.1	WP_306055247.1;WP_306055249.1
GCF_030734285.1	CLC_F	0		
GCF_030734285.1	FAcD	0		
GCF_030848565.1	Fluc_CrcB	2	95.4	WP_306759768.1;WP_306759769.1
GCF_030848565.1	CLC_F	1	221.7	WP_306759817.1
GCF_030848565.1	FAcD	1	404.7	WP_306759638.1
GCF_030848575.1	Fluc_CrcB	2	96.6	WP_306709239.1;WP_306709241.1
GCF_030848575.1	CLC_F	0		
GCF_030848575.1	FAcD	0		
GCF_031200575.1	Fluc_CrcB	0		
GCF_031200575.1	CLC_F	1	225.8	WP_309215707.1
GCF_031200575.1	FAcD	0		
GCF_031312535.1	Fluc_CrcB	2	109.4	WP_309307957.1;WP_309307958.1
GCF_031312535.1	CLC_F	1	214.7	WP_309307053.1
GCF_031312535.1	FAcD	0		
GCF_031312595.1	Fluc_CrcB	2	114.9	WP_309312230.1;WP_309312231.1
GCF_031312595.1	CLC_F	1	215.3	WP_438861582.1
GCF_031312595.1	FAcD	0		
GCF_031432215.1	Fluc_CrcB	2	100.6	WP_310554110.1;WP_310554111.1
GCF_031432215.1	CLC_F	0		
GCF_031432215.1	FAcD	0		
GCF_031454185.1	Fluc_CrcB	2	107.7	WP_270096141.1;WP_270096142.1
GCF_031454185.1	CLC_F	1	195.1	WP_309739132.1
GCF_031454185.1	FAcD	0		
GCF_031461075.1	Fluc_CrcB	1	113.5	WP_310575410.1
GCF_031461075.1	CLC_F	0		
GCF_031461075.1	FAcD	0		
GCF_031624315.1	Fluc_CrcB	2	97.3	WP_310894581.1;WP_310894582.1
GCF_031624315.1	CLC_F	0		
GCF_031624315.1	FAcD	0		
GCF_031624395.1	Fluc_CrcB	2	105.0	WP_310921380.1;WP_310921381.1
GCF_031624395.1	CLC_F	0		
GCF_031624395.1	FAcD	0		
GCF_031624495.1	Fluc_CrcB	2	69.5	WP_310922434.1;WP_310922435.1
GCF_031624495.1	CLC_F	0		
GCF_031624495.1	FAcD	0		
GCF_031624635.1	Fluc_CrcB	4	105.1	WP_310930460.1;WP_310931019.1;WP_425499638.1;WP_425499668.1
GCF_031624635.1	CLC_F	0		
GCF_031624635.1	FAcD	0		
GCF_031823395.1	Fluc_CrcB	2	74.0	WP_311170742.1;WP_311170743.1
GCF_031823395.1	CLC_F	0		
GCF_031823395.1	FAcD	0		
GCF_032116555.1	Fluc_CrcB	2	74.2	WP_313691785.1;WP_313691786.1
GCF_032116555.1	CLC_F	0		
GCF_032116555.1	FAcD	0		
GCF_036323395.1	Fluc_CrcB	1	115.3	WP_338248848.1
GCF_036323395.1	CLC_F	2	195.2	WP_338248911.1;WP_338252730.1
GCF_036323395.1	FAcD	0		
GCF_036429475.1	Fluc_CrcB	2	88.8	WP_331235825.1;WP_331236591.1
GCF_036429475.1	CLC_F	0		
GCF_036429475.1	FAcD	0		
GCF_037081775.1	Fluc_CrcB	2	100.5	WP_332899713.1;WP_336359840.1
GCF_037081775.1	CLC_F	0		
GCF_037081775.1	FAcD	0		
GCF_037198285.1	Fluc_CrcB	2	107.6	WP_338729478.1;WP_338729479.1
GCF_037198285.1	CLC_F	0		
GCF_037198285.1	FAcD	0		
GCF_037996645.1	Fluc_CrcB	2	96.7	WP_340602903.1;WP_340603121.1
GCF_037996645.1	CLC_F	0		
GCF_037996645.1	FAcD	0		
GCF_038751955.1	Fluc_CrcB	0		
GCF_038751955.1	CLC_F	0		
GCF_038751955.1	FAcD	0		
GCF_038871235.1	Fluc_CrcB	0		
GCF_038871235.1	CLC_F	0		
GCF_038871235.1	FAcD	0		
GCF_039522665.1	Fluc_CrcB	2	92.5	WP_343774546.1;WP_343774547.1
GCF_039522665.1	CLC_F	0		
GCF_039522665.1	FAcD	0		
GCF_041205745.1	Fluc_CrcB	2	90.2	WP_369729972.1;WP_369730072.1
GCF_041205745.1	CLC_F	0		
GCF_041205745.1	FAcD	0		
GCF_041361345.1	Fluc_CrcB	2	71.5	WP_370903170.1;WP_370903171.1
GCF_041361345.1	CLC_F	0		
GCF_041361345.1	FAcD	0		
GCF_041361465.1	Fluc_CrcB	2	73.8	WP_370899966.1;WP_370899968.1
GCF_041361465.1	CLC_F	0		
GCF_041361465.1	FAcD	0		
GCF_041447285.1	Fluc_CrcB	3	127.3	WP_371852469.1;WP_371852610.1;WP_371852611.1
GCF_041447285.1	CLC_F	1	226.5	WP_371853236.1
GCF_041447285.1	FAcD	0		
GCF_041477585.1	Fluc_CrcB	2	70.2	WP_372390750.1;WP_372390752.1
GCF_041477585.1	CLC_F	0		
GCF_041477585.1	FAcD	0		
GCF_041645475.1	Fluc_CrcB	2	98.0	WP_372959616.1;WP_372959617.1
GCF_041645475.1	CLC_F	0		
GCF_041645475.1	FAcD	0		
GCF_041647995.1	Fluc_CrcB	0		
GCF_041647995.1	CLC_F	1	222.9	WP_372915189.1
GCF_041647995.1	FAcD	0		
GCF_041663825.1	Fluc_CrcB	0		
GCF_041663825.1	CLC_F	1	209.3	WP_373005424.1
GCF_041663825.1	FAcD	0		
GCF_041821085.1	Fluc_CrcB	2	105.1	WP_373617050.1;WP_373617051.1
GCF_041821085.1	CLC_F	0		
GCF_041821085.1	FAcD	0		
GCF_041821145.1	Fluc_CrcB	4	95.3	WP_373673981.1;WP_373673982.1;WP_373674174.1;WP_373674175.1
GCF_041821145.1	CLC_F	0		
GCF_041821145.1	FAcD	0		
GCF_041859935.1	Fluc_CrcB	0		
GCF_041859935.1	CLC_F	1	200.2	WP_373839271.1
GCF_041859935.1	FAcD	0		
GCF_900079115.1	Fluc_CrcB	0		
GCF_900079115.1	CLC_F	1	234.3	WP_009991679.1
GCF_900079115.1	FAcD	0		
GCF_900083515.1	Fluc_CrcB	0		
GCF_900083515.1	CLC_F	1	253.7	WP_083705254.1
GCF_900083515.1	FAcD	0		
GCF_900095295.1	Fluc_CrcB	0		
GCF_900095295.1	CLC_F	0		
GCF_900095295.1	FAcD	0		
GCF_900095385.1	Fluc_CrcB	0		
GCF_900095385.1	CLC_F	1	191.7	WP_074370025.1
GCF_900095385.1	FAcD	0		
GCF_900100335.1	Fluc_CrcB	2	95.4	WP_090308637.1;WP_090308641.1
GCF_900100335.1	CLC_F	0		
GCF_900100335.1	FAcD	0		
GCF_900100385.1	Fluc_CrcB	2	95.4	WP_092702667.1;WP_092702669.1
GCF_900100385.1	CLC_F	0		
GCF_900100385.1	FAcD	0		
GCF_900100715.1	Fluc_CrcB	2	115.2	WP_091708778.1;WP_091708780.1
GCF_900100715.1	CLC_F	1	218.1	WP_394328630.1
GCF_900100715.1	FAcD	0		
GCF_900100875.1	Fluc_CrcB	2	70.6	WP_092538135.1;WP_092538137.1
GCF_900100875.1	CLC_F	0		
GCF_900100875.1	FAcD	0		
GCF_900102375.1	Fluc_CrcB	2	61.9	WP_149797394.1;WP_149797395.1
GCF_900102375.1	CLC_F	0		
GCF_900102375.1	FAcD	0		
GCF_900103415.1	Fluc_CrcB	0		
GCF_900103415.1	CLC_F	0		
GCF_900103415.1	FAcD	0		
GCF_900103505.1	Fluc_CrcB	2	88.0	WP_089731411.1;WP_089731412.1
GCF_900103505.1	CLC_F	0		
GCF_900103505.1	FAcD	0		
GCF_900103715.1	Fluc_CrcB	2	77.8	WP_089693818.1;WP_089693819.1
GCF_900103715.1	CLC_F	0		
GCF_900103715.1	FAcD	0		
GCF_900104065.1	Fluc_CrcB	2	97.3	WP_090375867.1;WP_090375870.1
GCF_900104065.1	CLC_F	0		
GCF_900104065.1	FAcD	0		
GCF_900107195.1	Fluc_CrcB	2	71.2	WP_089766929.1;WP_089766930.1
GCF_900107195.1	CLC_F	0		
GCF_900107195.1	FAcD	0		
GCF_900107205.1	Fluc_CrcB	2	98.4	WP_021073201.1;WP_092733390.1
GCF_900107205.1	CLC_F	0		
GCF_900107205.1	FAcD	0		
GCF_900107665.1	Fluc_CrcB	2	91.5	WP_092632244.1;WP_092632247.1
GCF_900107665.1	CLC_F	0		
GCF_900107665.1	FAcD	0		
GCF_900108095.1	Fluc_CrcB	2	97.1	WP_090507671.1;WP_090507672.1
GCF_900108095.1	CLC_F	0		
GCF_900108095.1	FAcD	0		
GCF_900108505.1	Fluc_CrcB	2	103.8	WP_092816687.1;WP_092816856.1
GCF_900108505.1	CLC_F	0		
GCF_900108505.1	FAcD	0		
GCF_900110215.1	Fluc_CrcB	2	97.3	WP_092661891.1;WP_092661893.1
GCF_900110215.1	CLC_F	0		
GCF_900110215.1	FAcD	0		
GCF_900110455.1	Fluc_CrcB	2	96.4	WP_049991230.1;WP_049991231.1
GCF_900110455.1	CLC_F	0		
GCF_900110455.1	FAcD	0		
GCF_900110535.1	Fluc_CrcB	2	84.9	WP_089669589.1;WP_089669590.1
GCF_900110535.1	CLC_F	0		
GCF_900110535.1	FAcD	0		
GCF_900110865.1	Fluc_CrcB	2	103.9	WP_090618154.1;WP_175480134.1
GCF_900110865.1	CLC_F	0		
GCF_900110865.1	FAcD	0		
GCF_900111485.1	Fluc_CrcB	2	106.4	WP_092933198.1;WP_092933200.1
GCF_900111485.1	CLC_F	0		
GCF_900111485.1	FAcD	0		
GCF_900111645.1	Fluc_CrcB	2	102.7	WP_091688212.1;WP_091688214.1
GCF_900111645.1	CLC_F	1	205.8	WP_091688325.1
GCF_900111645.1	FAcD	0		
GCF_900111935.1	Fluc_CrcB	2	60.1	WP_092920886.1;WP_092920887.1
GCF_900111935.1	CLC_F	0		
GCF_900111935.1	FAcD	0		
GCF_900112175.1	Fluc_CrcB	2	72.0	WP_089804339.1;WP_089806969.1
GCF_900112175.1	CLC_F	0		
GCF_900112175.1	FAcD	0		
GCF_900112205.1	Fluc_CrcB	2	101.9	WP_089784416.1;WP_089784418.1
GCF_900112205.1	CLC_F	0		
GCF_900112205.1	FAcD	0		
GCF_900113245.1	Fluc_CrcB	2	101.5	WP_092890176.1;WP_092890179.1
GCF_900113245.1	CLC_F	0		
GCF_900113245.1	FAcD	0		
GCF_900113615.1	Fluc_CrcB	2	67.4	WP_149785411.1;WP_149785439.1
GCF_900113615.1	CLC_F	0		
GCF_900113615.1	FAcD	0		
GCF_900114435.1	Fluc_CrcB	2	90.4	WP_089815676.1;WP_089817136.1
GCF_900114435.1	CLC_F	0		
GCF_900114435.1	FAcD	0		
GCF_900114455.1	Fluc_CrcB	2	87.5	WP_009366680.1;WP_009366681.1
GCF_900114455.1	CLC_F	0		
GCF_900114455.1	FAcD	0		
GCF_900114585.1	Fluc_CrcB	0		
GCF_900114585.1	CLC_F	0		
GCF_900114585.1	FAcD	0		
GCF_900114835.1	Fluc_CrcB	2	112.7	WP_091934723.1;WP_245747932.1
GCF_900114835.1	CLC_F	1	218.0	WP_091937670.1
GCF_900114835.1	FAcD	0		
GCF_900115675.1	Fluc_CrcB	2	91.6	WP_074879777.1;WP_074879780.1
GCF_900115675.1	CLC_F	0		
GCF_900115675.1	FAcD	0		
GCF_900115785.1	Fluc_CrcB	2	69.2	WP_089876445.1;WP_089876447.1
GCF_900115785.1	CLC_F	0		
GCF_900115785.1	FAcD	0		
GCF_900116205.1	Fluc_CrcB	2	99.9	WP_092905839.1;WP_245779472.1
GCF_900116205.1	CLC_F	0		
GCF_900116205.1	FAcD	0		
GCF_900129775.1	Fluc_CrcB	2	92.7	WP_073306693.1;WP_073307040.1
GCF_900129775.1	CLC_F	0		
GCF_900129775.1	FAcD	0		
GCF_900143675.1	Fluc_CrcB	1	106.7	WP_101009576.1
GCF_900143675.1	CLC_F	0		
GCF_900143675.1	FAcD	0		
GCF_900156475.1	Fluc_CrcB	2	91.5	WP_076609879.1;WP_235847812.1
GCF_900156475.1	CLC_F	0		
GCF_900156475.1	FAcD	0		
GCF_900167955.1	Fluc_CrcB	2	105.0	WP_101476936.1;WP_245867420.1
GCF_900167955.1	CLC_F	0		
GCF_900167955.1	FAcD	0		
GCF_900176435.1	Fluc_CrcB	0		
GCF_900176435.1	CLC_F	1	231.8	WP_084273060.1
GCF_900176435.1	FAcD	0		
GCF_900177045.1	Fluc_CrcB	1	102.2	WP_157926539.1
GCF_900177045.1	CLC_F	0		
GCF_900177045.1	FAcD	0		
GCF_900182635.1	Fluc_CrcB	2	70.0	WP_142985356.1;WP_142985357.1
GCF_900182635.1	CLC_F	0		
GCF_900182635.1	FAcD	0		
GCF_900188065.1	Fluc_CrcB	4	72.1	WP_089384334.1;WP_089384335.1;WP_089386068.1;WP_089386069.1
GCF_900188065.1	CLC_F	0		
GCF_900188065.1	FAcD	0		
GCF_900198835.1	Fluc_CrcB	1	129.4	WP_099210942.1
GCF_900198835.1	CLC_F	1	203.0	WP_099210253.1
GCF_900198835.1	FAcD	0		
GCF_900215215.1	Fluc_CrcB	2	92.3	WP_096711969.1;WP_096711970.1
GCF_900215215.1	CLC_F	1	213.8	WP_096712681.1
GCF_900215215.1	FAcD	0		
GCF_900215575.1	Fluc_CrcB	2	96.1	WP_245838488.1;WP_245838489.1
GCF_900215575.1	CLC_F	0		
GCF_900215575.1	FAcD	0		
GCF_900248165.1	Fluc_CrcB	0		
GCF_900248165.1	CLC_F	0		
GCF_900248165.1	FAcD	0		
GCF_900314615.1	Fluc_CrcB	0		
GCF_900314615.1	CLC_F	0		
GCF_900314615.1	FAcD	0		
GCF_900314695.1	Fluc_CrcB	0		
GCF_900314695.1	CLC_F	0		
GCF_900314695.1	FAcD	0		
GCF_900696045.1	Fluc_CrcB	1	96.8	WP_134484890.1
GCF_900696045.1	CLC_F	0		
GCF_900696045.1	FAcD	0		
GCF_900774055.1	Fluc_CrcB	2	101.1	WP_135609635.1;WP_135609637.1
GCF_900774055.1	CLC_F	1	209.0	WP_135609533.1
GCF_900774055.1	FAcD	0		
GCF_900880625.1	Fluc_CrcB	2	88.6	WP_135667336.1;WP_135667338.1
GCF_900880625.1	CLC_F	0		
GCF_900880625.1	FAcD	0		
GCF_901686465.1	Fluc_CrcB	2	60.0	WP_283403167.1;WP_283403168.1
GCF_901686465.1	CLC_F	0		
GCF_901686465.1	FAcD	0		
GCF_902764455.1	Fluc_CrcB	0		
GCF_902764455.1	CLC_F	0		
GCF_902764455.1	FAcD	0		
GCF_902771225.1	Fluc_CrcB	0		
GCF_902771225.1	CLC_F	0		
GCF_902771225.1	FAcD	0		
GCF_902774605.1	Fluc_CrcB	0		
GCF_902774605.1	CLC_F	0		
GCF_902774605.1	FAcD	0		
GCF_902784195.1	Fluc_CrcB	0		
GCF_902784195.1	CLC_F	0		
GCF_902784195.1	FAcD	0		
GCF_902785855.1	Fluc_CrcB	0		
GCF_902785855.1	CLC_F	0		
GCF_902785855.1	FAcD	0		
GCF_902788255.1	Fluc_CrcB	0		
GCF_902788255.1	CLC_F	0		
GCF_902788255.1	FAcD	0		
GCF_902827225.1	Fluc_CrcB	1	126.0	WP_214400211.1
GCF_902827225.1	CLC_F	1	207.7	WP_250543598.1
GCF_902827225.1	FAcD	0		
GCF_904067545.1	Fluc_CrcB	1	123.5	WP_188202140.1
GCF_904067545.1	CLC_F	1	202.7	WP_188201817.1
GCF_904067545.1	FAcD	0		
GCF_905235195.1	Fluc_CrcB	0		
GCF_905235195.1	CLC_F	0		
GCF_905235195.1	FAcD	0		
GCF_934746965.1	Fluc_CrcB	0		
GCF_934746965.1	CLC_F	0		
GCF_934746965.1	FAcD	0		
GCF_937881195.1	Fluc_CrcB	0		
GCF_937881195.1	CLC_F	0		
GCF_937881195.1	FAcD	0		
GCF_937898925.1	Fluc_CrcB	0		
GCF_937898925.1	CLC_F	0		
GCF_937898925.1	FAcD	0		
GCF_937919355.1	Fluc_CrcB	1	118.7	WP_298665844.1
GCF_937919355.1	CLC_F	0		
GCF_937919355.1	FAcD	0		
GCF_946463545.1	Fluc_CrcB	1	128.1	WP_018154402.1
GCF_946463545.1	CLC_F	0		
GCF_946463545.1	FAcD	0		
GCF_963082495.1	Fluc_CrcB	0		
GCF_963082495.1	CLC_F	0		
GCF_963082495.1	FAcD	0		
GCF_963457545.1	Fluc_CrcB	1	110.9	WP_316506770.1
GCF_963457545.1	CLC_F	0		
GCF_963457545.1	FAcD	0		
GCF_963662735.1	Fluc_CrcB	2	94.1	WP_320160749.1;WP_320160750.1
GCF_963662735.1	CLC_F	1	223.4	WP_320160965.1
GCF_963662735.1	FAcD	0		
GCF_963665055.1	Fluc_CrcB	0		
GCF_963665055.1	CLC_F	0		
GCF_963665055.1	FAcD	0		
GCF_963665675.1	Fluc_CrcB	2	113.5	WP_321431328.1;WP_321431329.1
GCF_963665675.1	CLC_F	1	218.6	WP_321430429.1
GCF_963665675.1	FAcD	0		
GCF_963666025.1	Fluc_CrcB	0		
GCF_963666025.1	CLC_F	0		
GCF_963666025.1	FAcD	0		
GCF_963667555.1	Fluc_CrcB	2	115.6	WP_321496642.1;WP_321498988.1
GCF_963667555.1	CLC_F	1	225.5	WP_321497465.1
GCF_963667555.1	FAcD	0		
GCF_963667735.1	Fluc_CrcB	2	102.2	WP_319376445.1;WP_319376446.1
GCF_963667735.1	CLC_F	1	215.1	WP_319376546.1
GCF_963667735.1	FAcD	0		
GCF_963667985.1	Fluc_CrcB	0		
GCF_963667985.1	CLC_F	0		
GCF_963667985.1	FAcD	0		
GCF_963668475.1	Fluc_CrcB	2	103.0	WP_319538318.1;WP_319538319.1
GCF_963668475.1	CLC_F	1	218.4	WP_319538157.1
GCF_963668475.1	FAcD	0		
GCF_963677065.1	Fluc_CrcB	2	103.3	WP_321349514.1;WP_321349516.1
GCF_963677065.1	CLC_F	1	214.0	WP_321353324.1
GCF_963677065.1	FAcD	0		
GCF_963678545.1	Fluc_CrcB	2	104.6	WP_321420259.1;WP_321420260.1
GCF_963678545.1	CLC_F	1	228.8	WP_321420628.1
GCF_963678545.1	FAcD	0		
GCF_963678795.1	Fluc_CrcB	0		
GCF_963678795.1	CLC_F	0		
GCF_963678795.1	FAcD	0		
