accession	layer	phylum	class	order	family	genus	completeness	contamination	genome_size	n_proteins
GCA_023137195.1	1	EX4484-52	EX4484-52	EX4484-52	EX4484-52	EX4484-52	84.78	0.72	1419684	1350
GCA_029775995.1	1	Thermoproteota	Nitrososphaeria	Nitrososphaerales	JARVJX01	JARVJX01	94.13	1.07	1889933	2114
GCA_016213555.1	1	Aenigmatarchaeota	Aenigmatarchaeia	GW2011-AR5	JACRAC01	JACRAC01	87.02	1.21	878832	1124
GCA_000166095.1	1	Methanobacteriota	Methanobacteria	Methanobacteriales	Methanothermaceae	Methanothermus	99.87	0.1	1243342	1318
GCA_018303425.1	1	Nanobdellota	Nanobdellia	Woesearchaeales	JAGVYF01	JAGVYF01	96.38	0.03	936881	1024
GCA_024860865.1	1	JACRDV01	JACRDV01	JACRDV01	JACRDV01	JACRDV01	92.45	0.71	1544231	1876
GCA_019322545.1	1	Nanobdellota	Nanobdellia	Woesearchaeales	JAHWIL01	JAHWIL01	73.35	0.34	676563	888
GCA_016212475.1	1	Micrarchaeota	Micrarchaeia	Norongarragalinales	SBBD01	JACRGC01	91.63	0.69	1373094	1408
GCA_030700155.1	1	Nanobdellota	Nanobdellia	SCGC-AAA011-G17	JAUYJU01	JAUYJU01	96.32	1.4	788180	1053
GCA_016927245.1	1	Nanobdellota	Nanobdellia	Woesearchaeales	WJKR01	WJKR01	100.0	0.11	1109711	1183
GCA_938091495.1	1	Thermoproteota	Nitrososphaeria	Nitrososphaerales	JACAEJ01	JACAEJ01	96.6	1.71	1386331	1645
GCA_030740765.1	1	Thermoplasmatota	EX4484-6	JASLWR01	JASLWR01	JASLWR01	93.73	1.81	3585932	2781
GCA_018303225.1	1	Nanobdellota	Nanobdellia	Woesearchaeales	JAGVYO01	JAGVYO01	56.35	0.0	614033	734
GCA_003650925.1	1	Thermoproteota	Thermoprotei	QMSL01	QMSL01	B12-G16	98.57	1.53	2143158	2388
GCA_007117065.1	1	Nanobdellota	Nanobdellia	Woesearchaeales	SKIA01	SKIA01	97.02	0.26	907019	1090
GCA_038884455.1	1	Thermoplasmatota	E2	DHVEG-1	DHVEG-1	JAWABU01	97.89	0.42	1703580	1657
GCA_027491845.1	1	Korarchaeota	JAOZGF01	JAOZGF01	JAOZGF01	JAOZGF01	71.37	1.06	1360802	1627
GCA_029259355.1	1	Thermoproteota	Bathyarchaeia	JAPDIZ01	JAPDIZ01	JAPDIZ01	95.28	3.36	1736533	1980
GCA_030590605.1	1	Nanobdellota	Nanobdellia	Woesearchaeales	JAUUYB01	JAUUYB01	84.21	0.36	1129084	1331
GCA_027051165.1	1	Hydrothermarchaeota	Hydrothermarchaeia	JALTZZ01	JALTZZ01	JALTZZ01	100.0	3.65	2376348	2828
GCA_021162855.1	1	Thermoplasmatota	B47-G6	B47-G6B	47-G6	B47-G6	81.96	0.0	1198836	1181
GCA_021160575.1	1	Thermoproteota	Methanomethylicia	Methanomethylicales	JAGHCH01	JAGHCH01	91.89	0.97	1402444	1667
GCA_002687935.1	1	Undinarchaeota	Undinarchaeia	Undinarchaeales	Undinarchaeaceae	Undinarchaeum	86.59	0.67	666542	763
GCA_027076285.1	1	EX4484-52	EX4484-52	EX4484-52	JAADEF01	WAOB01	87.6	1.11	959129	1170
GCA_002011155.2	1	Halobacteriota	Archaeoglobi	Mnemosynellales	Mnemosynellaceae	Mnemosynella	100.0	0.37	1465354	1711
GCA_937906345.1	1	Nanobdellota	Nanobdellia	Woesearchaeales	CALCXY01	CALCXY01	77.06	0.59	1641313	1819
GCA_003019535.1	1	Thermoproteota	Thermoprotei_A	Marsarchaeales	Marsarchaeaceae	ECH-B-1	93.11	4.39	2552355	2754
GCA_023246445.1	1	Nanobdellota	Nanobdellia	SCGC-AAA011-G17	JACQNH01	JACQNH01	90.83	0.98	883077	1055
GCA_023247085.1	1	Micrarchaeota	Micrarchaeia	Norongarragalinales	JAHFHC01	JAHFHC01	91.97	0.26	892562	986
GCF_000403645.1	1	Halobacteriota	Halobacteria	Halobacteriales	Salinarchaeaceae	Salinarchaeum	99.21	0.79	3255260	3105
GCA_036171435.1	1	Aenigmatarchaeota	Aenigmatarchaeia	Aenigmatarchaeales	DAIDAN01	DAIDAN01	92.37	1.04	882607	1128
GCA_018675335.1	1	Nanobdellota	Nanobdellia	Woesearchaeales	UBA11576	JABJCP01	96.99	1.77	1706412	1591
GCA_041650355.1	1	Micrarchaeota	Micrarchaeia	Anstonellales	Bilamarchaeaceae	JAHJBR01	97.0	1.99	942768	1072
GCA_034659995.1	1	Methanobacteriota_B	Thermococci	Methanofastidiosales	B48-G16	JAYEIH01	94.79	0.05	1525151	1805
GCF_000828575.1	1	Methanobacteriota	Methanobacteria	Methanobacteriales	Methanothermobacteraceae	Methanothermobacter	99.96	0.1	1731018	1790
GCA_038890815.1	1	Micrarchaeota	Micrarchaeia	JACRGF01	JACRGF01	JAWAFC01	95.78	0.66	1156615	1208
GCA_002780285.1	1	Nanobdellota	Nanobdellia	Pacearchaeales	PEVX01	PEVX01	87.55	0.37	566508	698
GCF_003610195.1	1	Halobacteriota	Halobacteria	Halobacteriales	Natrialbaceae	Halopiger	100.0	4.42	4865231	4664
GCA_023266675.1	1	Nanobdellota	Nanobdellia	Woesearchaeales	BM511	JAHFPP01	95.86	0.9	1224635	1452
GCA_035289885.1	1	Nanobdellota	Nanobdellia	SCGC-AAA011-G17	DATDVX01	DATDVX01	88.23	1.07	827036	1097
GCA_018302085.1	1	Nanobdellota	Nanobdellia	Woesearchaeales	JAGWAF01	JAGWAF01	94.57	1.4	1290910	1537
GCA_035289865.1	1	Nanobdellota	Nanobdellia	Woesearchaeales	JACQNA01	JACQNA01	99.67	0.28	1323584	1556
GCF_000008665.1	1	Halobacteriota	Archaeoglobi	Archaeoglobales	Archaeoglobaceae	Archaeoglobus	99.99	0.25	2178400	2518
GCA_034722435.1	1	Nanobdellota	Nanobdellia	Woesearchaeales	JAHWHD01	JAHWHD01	94.54	2.05	1299201	1468
GCA_018829485.1	1	Nanobdellota	Nanobdellia	Pacearchaeales	UBA12030	JAHJTU01	82.67	0.69	649105	887
GCA_016188215.1	1	Nanobdellota	Nanobdellia	Woesearchaeales	JACPIF01	JACPIF01	91.16	0.8	1114660	1326
GCA_003650545.1	1	Nanobdellota	Nanobdellia	Woesearchaeales	B72-G16	B72-G16	85.05	3.89	1637707	1643
GCA_029881805.1	1	Thermoproteota	Bathyarchaeia	Bathyarchaeales	Bathycorpusculaceae	JAOULW01	100.0	2.63	2203294	2433
GCA_009903795.1	1	Thermoproteota	Nitrososphaeria	Conexivisphaerales	UBA164	UBA164	92.49	0.68	1364732	1484
GCA_030837285.1	1	Thermoproteota	Bathyarchaeia	RBG-16-48-13	GCA-020355125	JAUPKU01	89.46	4.09	2740938	3102
GCA_016840465.1	1	Asgardarchaeota	Baldrarchaeia	Baldrarchaeales	Baldrarchaeaceae	Baldrarchaeum	96.13	1.72	2267786	2518
GCA_037442745.1	1	SpSt-1190	SpSt-1190	DYHY01	DYHY01	JBBIPP01	94.52	0.62	1136343	1225
GCA_030606525.1	1	Thermoplasmatota	Thermoplasmata	JAUWGG01	JAUWGG01	JAUWGG01	74.68	1.14	1244646	1446
GCA_002011125.2	1	Hydrothermarchaeota	Hydrothermarchaeia	Hydrothermarchaeales	Hydrothermarchaeaceae	Hydrothermarchaeum	97.65	1.46	2186281	2424
GCA_026015185.1	1	Thermoproteota	Bathyarchaeia	40CM-2-53-6	RBG-13-38-9	JAOZGX01	96.6	2.59	1808448	2003
GCA_004212085.1	1	Halobacteriota	Methanoliparia	Methanoliparales	Methanoliparaceae	Methanolliviera	91.54	1.36	1664055	1904
GCA_028715295.1	1	Nanobdellota	Nanobdellia	JAQUSD01	JAQUSD01	JAQUSD01	93.92	0.77	777463	980
GCA_021734865.1	1	Nanobdellota	Nanobdellia	Woesearchaeales	JAIPIC01	JAIPIC01	87.38	1.49	2011050	1848
GCA_018920255.1	1	Aenigmatarchaeota	Aenigmatarchaeia	Aenigmatarchaeales	JAHLMR01	JAHLMR01	94.63	0.01	552063	653
GCA_021498095.1	1	Asgardarchaeota	Lokiarchaeia	Sigynarchaeales	MK-D1	Harpocratesius	93.56	4.49	4361485	3706
GCA_023898365.1	1	Nanobdellota	Nanobdellia	Woesearchaeales	GCA-023898365	GCA-023898365	93.63	0.16	1131583	1103
GCA_001552015.1	1	Nanobdellota	Nanobdellia	Nanobdellales	Nanobdellaceae	Nanobdella	95.27	0.58	605887	665
GCA_038842485.1	1	Hadarchaeota	Hadarchaeia	Hadarchaeales	JAWBSP01	JAWBSP01	88.89	0.42	943141	1062
GCA_041306075.1	1	Altiarchaeota	Altiarchaeia	IMC4	SCGC-AAA252-I15	JAHIYG01	92.72	0.89	1750027	1890
GCA_016211995.1	1	Nanobdellota	Nanobdellia	Pacearchaeales	DTIR01	JACRHU01	78.08	0.96	924676	1147
GCA_014189685.1	1	Undinarchaeota	Undinarchaeia	Undinarchaeales	Naiadarchaeaceae	Naiadarchaeum	98.08	0.77	983883	1124
GCA_016840315.1	1	Asgardarchaeota	Sifarchaeia	Borrarchaeales	Borrarchaeaceae	Borrarchaeum	76.66	1.92	1702742	1678
GCA_028716125.1	1	Thermoplasmatota	JAQUQK01	JAQUQK01	JAQUQK01	JAQUQK01	78.37	1.97	1807149	1944
GCA_001940655.1	1	Asgardarchaeota	Lokiarchaeia	Sigynarchaeales	CR-4	CR-4	66.59	2.33	4334170	4413
GCA_039794045.1	1	Micrarchaeota	Micrarchaeia	Norongarragalinales	UBA8480	JBAMLY01	92.12	0.03	655099	705
GCA_013791785.1	1	Thermoplasmatota	Thermoplasmata	SG8-5	SG8-5	UBA147	92.66	0.34	2622349	2260
GCA_028715985.1	1	Halobacteriota	UBA148	UBA148	UBA148	UBA148	96.38	0.0	1504798	1557
GCA_020637495.1	1	Nanobdellota	Nanobdellia	Woesearchaeales	JACJVV01	JACJVV01	93.81	0.03	1322844	1393
GCA_016840425.1	1	Asgardarchaeota	Wukongarchaeia	Wukongarchaeales	Wukongarchaeaceae	Wukongarchaeum	92.0	3.26	2156567	2344
GCA_038874075.1	1	Nanobdellota	Nanobdellia	Jingweiarchaeales	Jingweiarchaeaceae	Jingweiarchaeum	92.73	0.44	1066049	1142
GCA_003649915.1	1	Thermoplasmatota	Thermoplasmata	B31-G17	B31-G17	B31-G17	78.35	0.68	1294542	1440
GCA_015661515.1	1	Aenigmatarchaeota	Aenigmatarchaeia	Aenigmatarchaeales	SZUA-1535	SZUA-1535	92.2	0.56	664916	826
GCA_002507085.1	1	Thermoproteota	Thermoprotei_A	Marsarchaeales	UBA168	UBA168	80.46	0.03	889165	1015
GCA_030649345.1	1	Iainarchaeota	Iainarchaeia	Iainarchaeales	0-14-0-20-34-12	JAUSKK01	94.63	0.86	1315630	1443
GCA_017601265.1	1	Thermoproteota	EX4484-205	EX4484-205	DTQO01	DTQO01	77.71	1.34	2032251	2227
GCA_038889235.1	1	Asgardarchaeota	Jordiarchaeia	Jordiarchaeales	Freyrarchaeaceae	DTBI01	95.03	3.27	2143519	2142
GCA_020057405.1	1	Micrarchaeota	Micrarchaeia	Norongarragalinales	UBA97	JAGVFW01	90.63	0.27	1224631	1317
GCF_003205235.1	1	Thermoplasmatota	Thermoplasmata	Thermoplasmatales	Thermoplasmataceae	Thermoplasma	99.98	0.79	1790060	1836
GCA_002011395.1	1	Thermoplasmatota	Thermoplasmata	Aciduliprofundales	JdFR-45	JdFR-45	80.47	0.12	1249758	1423
GCA_016212785.1	1	Hydrothermarchaeota	Hydrothermarchaeia	Hydrothermarchaeales	JACRDW01	JACRDW01	93.0	1.88	1114762	1457
GCA_041653315.1	1	Micrarchaeota	Micrarchaeia	Anstonellales	JAHKLY01	JAHKLY01	98.12	1.3	1335315	1545
GCA_015661855.1	1	Thermoproteota	Thermoprotei_A	EX4484-217-1	SZUA-1508	SZUA-1508	93.09	0.22	1167650	1349
GCA_030688545.1	1	Iainarchaeota	Iainarchaeia	Iainarchaeales	VGJJ01	VGJJ01	96.18	1.58	1134318	1234
GCA_019056805.1	1	Asgardarchaeota	Baldrarchaeia	Baldrarchaeales	DXJG01	DXJG01	91.16	3.57	1922513	1916
GCA_002495315.1	1	Thermoproteota	Nitrososphaeria	Nitrososphaerales	UBA141	UBA141	89.19	1.88	1688885	1707
GCA_020696385.1	1	Thermoplasmatota	Thermoplasmata	SG8-5	JAGLSY01	JAGLSY01	94.48	0.39	2277883	1888
GCA_025059375.1	1	Thermoproteota	Methanomethylicia	Nezhaarchaeales	WYZ-LMO8	WYZ-LMO8	96.25	1.98	1472334	1525
GCA_026396285.1	1	Micrarchaeota	Micrarchaeia	Norongarragalinales	JAPLXB01	JAPLXB01	91.35	0.73	1026323	1143
GCA_038868975.1	1	Thermoproteota	Nitrososphaeria	Nitrososphaerales	UBA213	JAWCSA01	97.81	0.31	1816666	2228
GCA_038046405.1	1	Nanobdellota	Nanobdellia	SCGC-AAA011-G17	JAGVZF01	JACPNH01	96.6	0.36	931160	1123
GCF_002153915.1	1	Halobacteriota	Methanonatronarchaeia	Methanonatronarchaeales	Methanonatronarchaeaceae	Methanonatronarchaeum	100.0	1.48	1513137	1523
GCA_030018435.1	1	Halobacteriota	UBA148	UBA148	JAUWXC01	JAUWXC01	94.99	0.14	1018655	1274
GCF_000204415.1	1	Halobacteriota	Methanosarcinia	Methanotrichales	Methanotrichaceae	Methanothrix	99.96	1.21	3026645	3049
GCA_029259535.1	1	Halobacteriota	Syntropharchaeia	Alkanophagales	B39-G2	Alkanophaga	90.41	1.21	1914207	2045
GCA_002010305.1	1	Halobacteriota	Archaeoglobi	Archaeoglobales	JdFR-42	JdFR-42	99.59	2.15	2148619	2389
GCA_038736355.1	1	Hadarchaeota	Hadarchaeia	Hadarchaeales	WYZ-LMO6	WYZ-LMO6	95.76	0.14	1272294	1331
GCA_014361245.1	1	Thermoplasmatota	E2	UBA202	JdFR-43	JACIWB01	98.96	0.28	1476408	1572
GCA_038874435.1	1	Thermoplasmatota	Thermoplasmata	UBA184	SKW197	SKW197	95.07	0.36	2155484	1752
GCA_030630685.1	1	Thermoplasmatota	DAOVMN01	DAOVMN01	DAOVMN01	DAOVMN01	81.52	2.7	2669006	2385
GCF_017873335.1	1	Methanobacteriota_B	Thermococci	Thermococcales	Thermococcaceae	Thermococcus	100.0	1.05	2034780	2282
GCA_029258915.1	1	Thermoproteota	Thermoprotei_A	EX4484-217-1	EX4484-217-1	EX4484-217-1	99.66	0.75	1597638	1784
GCA_023131225.1	1	Thermoproteota	Bathyarchaeia	Bathyarchaeales	SOJC01	JAGLZW01	100.0	2.97	1916045	2063
GCA_026414265.1	1	Micrarchaeota	Micrarchaeia	Anstonellales	SKW190	SKW190	90.68	3.3	1179173	1191
GCA_024707015.1	1	Thermoproteota	Methanomethylicia	Culexarchaeales	Culexarchaeaceae	Culexarchaeum	99.41	1.51	1706783	1768
GCA_001723845.1	1	Altiarchaeota	Altiarchaeia	IMC4	WOR-SM1-SCG	WOR-SM1-SCG	74.47	2.41	2549736	2588
GCA_030669205.1	1	Nanobdellota	Nanobdellia	B33-G15	DAOVEB01	DAOVEB01	87.57	0.48	911091	1105
GCF_000007185.1	1	Methanobacteriota	Methanopyri	Methanopyrales	Methanopyraceae	Methanopyrus	99.97	0.22	1694969	1814
GCA_902385045.1	1	Micrarchaeota	Micrarchaeia	Norongarragalinales	CABMDW01	CABMDW01	87.86	0.71	929680	1087
GCA_014361295.1	1	Thermoplasmatota	Thermoplasmata	Methanomassiliicoccales	JACIVX01	JACIVX01	99.82	3.71	2290500	2314
GCA_021162685.1	1	B1Sed10-29	B1Sed10-29	WALL01	WALL01	JAGGYF01	98.41	0.01	1113673	1300
GCA_001742785.1	1	Altiarchaeota	Altiarchaeia	IMC4	IMC4	IMC4	90.41	1.49	1390915	1458
GCA_002502685.1	1	Thermoplasmatota	E2	UBA202	UBA202	UBA202	71.15	0.19	1030420	1036
GCA_030690755.1	1	Nanobdellota	Nanobdellia	Woesearchaeales	JAUYGA01	JAUYGA01	86.68	0.51	1657808	1870
GCA_003558235.1	1	B1Sed10-29	B1Sed10-29	B1Sed10-29	B1Sed10-29	CSSED10-269	81.97	0.07	829326	910
GCA_033485155.1	1	Thermoplasmatota	Thermoplasmata	Methanomassiliicoccales	Methanomassiliicoccaceae	UBA6	99.96	3.04	2807156	2843
GCA_003662535.1	1	Thermoproteota	Bathyarchaeia	EX4484-135	B24-G1	B24-G1	58.52	0.44	721938	939
GCA_003009755.1	1	Thermoplasmatota	SW-10-69-26	SW-10-69-26	SW-10-69-26	SW-10-69-26	95.01	2.19	2816557	2711
GCA_001871535.1	1	Micrarchaeota	Micrarchaeia	Anstonellales	UBA8471	UBA8471	82.15	0.53	1178602	1280
GCA_016932615.1	1	Aenigmatarchaeota	Aenigmatarchaeia	QMZS01	QMZS01	JAFGCN01	96.94	1.08	1263699	1402
GCA_029776065.1	1	Thermoproteota	Nitrososphaeria	JACIWG01	JACIWG01	JACIWG01	95.54	3.2	1740315	1849
GCA_963676045.1	1	Thermoplasmatota	Thermoplasmata	Methanomassiliicoccales	Methanomethylophilaceae	Methanogranum	99.97	0.28	1594785	1647
GCA_035291025.1	1	Iainarchaeota	Iainarchaeia	JAFGOX01	DATDTB01	DATDTB01	87.56	0.25	1025266	1228
GCA_019322805.1	1	Nanobdellota	Nanobdellia	Woesearchaeales	JAHWIC01	JAHWIC01	92.8	0.87	1516480	1585
GCA_030633635.1	1	Altiarchaeota	Altiarchaeia	IMC4	DAOVSA01	DAOVSA01	70.95	1.61	868591	1085
GCA_036795795.1	1	Thermoplasmatota	Thermoplasmata	SG8-5	DAIRED01	DAIRED01	84.51	1.46	2281136	2229
GCA_030614005.1	1	Asgardarchaeota	Heimdallarchaeia	JABLTI01	JABLTI01	JABLTI01	90.42	3.4	3621305	3389
GCA_029258825.1	1	Nanobdellota	Nanobdellia	Pacearchaeales	JAPDKA01	JAPDKA01	92.58	0.57	777342	844
GCA_014729345.1	1	Nanobdellota	Nanobdellia	Woesearchaeales	WJKB01	WJKB01	82.18	0.65	1295144	1363
GCA_026989875.1	1	Hydrothermarchaeota	Hydrothermarchaeia	Hydrothermarchaeales	BMS3B	JAADFH01	99.96	0.7	1444005	1720
GCA_017610325.1	1	Nanobdellota	Nanobdellia	Woesearchaeales	JAFCCF01	JAFCCF01	85.91	0.77	1119061	1291
GCA_038869515.1	1	Halobacteriota	Syntropharchaeia	JACQPP01	JACQPP01	JAWCQZ01	90.9	0.14	1984845	2021
GCA_002499185.1	1	Nanobdellota	Nanobdellia	Pacearchaeales	UBA284	UBA284	96.89	3.51	966772	1173
GCA_029258925.1	1	Thermoproteota	Thermoprotei_A	EX4484-217-1	JAPDJV01	JAPDJV01	98.4	0.52	1747272	1907
GCA_015660995.1	1	Thermoproteota	Methanomethylicia	Methanomethylicales	Methanomethylicaceae	JACTUC01	98.32	0.7	1627059	1785
GCF_000017165.1	1	Methanobacteriota	Methanococci	Methanococcales	Methanococcaceae	Methanococcus	99.96	0.28	1720048	1746
GCA_030753365.1	1	Nanobdellota	Nanobdellia	Woesearchaeales	GCA-2687795	GCA-2687795	94.52	1.49	896806	1031
GCA_034190325.1	1	Thermoplasmatota	UBA186	UBA287	UBA287	UBA287	91.08	4.71	1517064	1691
GCA_018221105.1	1	Nanobdellota	Nanobdellia	Woesearchaeales	JAAOYA01	JAAOYA01	92.24	0.21	1153743	1170
GCA_018920245.1	1	Aenigmatarchaeota	Aenigmatarchaeia	Aenigmatarchaeales	JAHLMS01	JAHLMS01	89.36	1.3	515419	637
GCA_021792255.1	1	Thermoplasmatota	Thermoplasmata	Thermoplasmatales	GCA-001856825	GCA-001856825	93.55	0.46	1587011	1601
GCA_016185635.1	1	Nanobdellota	Nanobdellia	SCGC-AAA011-G17	JACPIM01	JACPNF01	98.83	0.41	1024625	1401
GCF_000698785.1	1	Thermoproteota	Nitrososphaeria	Nitrososphaerales	Nitrososphaeraceae	Nitrososphaera	99.89	1.06	2527938	3015
GCA_021162845.1	1	Thermoproteota	Thermoprotei	QMSL01	B3-G16	JAGGXX01	94.97	0.48	2184099	2273
GCA_029258795.1	1	EX4484-52	EX4484-52	EX4484-52	WAPT01	WAPT01	96.3	0.0	1168407	1210
GCF_029232205.1	1	Nanohalarchaeota	Nanosalinia	Nanosalinales	Nanosalinaceae	Nanohalovita	99.95	0.56	1046959	1180
GCA_030748895.1	1	Thermoplasmatota	Poseidoniia	MGIII	CG-Epi1	UBA8886	97.28	0.38	1406388	1347
GCA_002254545.1	1	Aenigmatarchaeota	Aenigmatarchaeia	CG10238-14	EX4484-224	EX4484-224	80.51	0.64	485206	628
GCA_030611045.1	1	Halobacteriota	Syntropharchaeia	Alkanophagales	Methanospirareceae	JACGMN01	98.96	0.2	1537621	1795
GCA_003649695.1	1	Thermoplasmatota	Thermoplasmata	B87-G9	B87-G9	B87-G9	86.23	2.58	1347275	1606
GCA_020637435.1	1	Nanobdellota	Nanobdellia	Woesearchaeales	JACJVW01	JACJVW01	75.38	0.55	1133783	1161
GCA_905171695.1	1	Halobacteriota	Methanosarcinia	Methanosarcinales	EX4572-44	EX4572-44	94.37	0.14	1922745	2067
GCA_034190465.1	1	Nanohalarchaeota	Nanosalinia	Nanosalinales	Nanoanaerosalinaceae	Asbonarchaeum	92.39	1.27	1201103	1417
GCA_021812145.1	1	Micrarchaeota	Micrarchaeia	Norongarragalinales	DTNV01	DTNV01	77.71	0.26	757482	868
GCF_029338295.1	1	Halobacteriota	Halobacteria	Halobacteriales	QDMS2	QDMS2	99.96	2.97	3881291	4025
GCA_038872815.1	1	Thermoproteota	Bathyarchaeia	40CM-2-53-6	JAVZFM01	JAVZFM01	84.51	3.64	1503268	1731
GCA_019347805.1	1	Thermoplasmatota	E2	JACPAO01	JAHWKR01	JAHWKR01	90.93	0.26	2936912	2853
GCA_041305385.1	1	Micrarchaeota	Micrarchaeia	JAKAKT01	JAKAKT01	JAKAKT01	95.05	3.14	1498499	1623
GCA_035289105.1	1	Nanobdellota	Nanobdellia	Woesearchaeales	JACQSR01	JACQSR01	91.95	0.6	1315617	1561
GCA_002688325.1	1	Nanobdellota	Nanobdellia	SCGC-AAA011-G17	ARS1178	ARS1178	72.17	2.87	606505	782
GCF_000147875.1	1	Halobacteriota	Methanomicrobia	Methanomicrobiales	Methanomicrobiaceae	Methanolacinia	99.89	1.0	2843290	2821
GCA_027051265.1	1	Hydrothermarchaeota	Hydrothermarchaeia	JALTZZ01	JALUTC01	JALUTC01	95.01	1.09	1461718	1751
GCA_038046745.1	1	Hydrothermarchaeota	Hydrothermarchaeia	Hydrothermarchaeales	JACQPM01	JACQPM01	96.65	0.39	1458084	1884
GCA_041648335.1	1	Micrarchaeota	Micrarchaeia	Norongarragalinales	Norongarragalinaceae	UBA93	90.48	0.24	872553	979
GCA_018303405.1	1	Nanobdellota	Nanobdellia	Woesearchaeales	JABMPP01	JAGVYD01	95.01	0.93	1605204	1595
GCA_003021085.1	1	Halobacteriota	Halobacteria	Halobacteriales	PXRE01	PXRE01	81.5	0.72	3385703	3627
GCA_019323355.1	1	Nanobdellota	Nanobdellia	Woesearchaeales	WJKV01	JAGLWF01	99.87	3.58	1097139	1220
GCA_029775915.1	1	Thermoproteota	Nitrososphaeria	Nitrososphaerales	JANXEG01	JANXEG01	99.15	1.32	1470771	1530
GCA_027021185.1	1	Hydrothermarchaeota	Hydrothermarchaeia	Hydrothermarchaeales	JALUUU01	JALUUU01	94.62	3.37	1597295	2046
GCA_902384795.1	1	Micrarchaeota	Micrarchaeia	Gugararchaeales	Gugararchaeaceae	Gugararchaeum	93.18	2.1	1472780	1469
GCF_003675875.1	1	Halobacteriota	Halobacteria	Halobacteriales	QS-9-68-17	Halostella	99.93	2.49	4117014	4167
GCF_000025665.1	1	Thermoplasmatota	Thermoplasmata	Aciduliprofundales	Aciduliprofundaceae	Aciduliprofundum	99.91	0.16	1486778	1558
GCA_041660725.1	1	Micrarchaeota	Micrarchaeia	Burarchaeales	Burarchaeaceae	JBAZVU01	86.15	1.3	1005589	1198
GCA_025920425.1	1	Nanobdellota	Nanobdellia	JAPDLS01	Haiyanarchaeaceae	Haiyanarchaeum	92.18	0.09	723196	800
GCA_028866575.1	1	Micrarchaeota	Micrarchaeia	Micrarchaeales	Micrarchaeaceae	UBA12276	97.5	0.48	1127809	1218
GCA_028279805.1	1	Iainarchaeota	Iainarchaeia	Iainarchaeales	JANQMZ01	JANQMZ01	93.73	0.61	875691	928
GCA_016202815.1	1	Aenigmatarchaeota	Aenigmatarchaeia	JACPZZ01	JACPZZ01	JACPZZ01	91.0	0.07	946720	1065
GCA_038046785.1	1	Thermoplasmatota	E2	JACPAO01	JAHFTW01	JAHFTW01	94.79	0.12	1699269	1719
GCA_016192995.1	1	Nanobdellota	Nanobdellia	Woesearchaeales	DSVV01	JACPTB01	99.6	1.66	1617290	1738
GCA_024720975.1	1	Asgardarchaeota	Njordarchaeia	Njordarchaeales	Panguiarchaeaceae	Panguiarchaeum	81.31	1.88	1356939	1296
GCA_007118975.1	1	Halobacteriota	Halobacteria	Halobacteriales	SKNY01	SKNY01	78.28	1.47	3432512	3617
GCA_028279595.1	1	Thermoplasmatota	JAKEGO01	JAKEGO01	JAKEGO01	JANQNK01	85.96	0.2	2293074	1788
GCA_018304635.1	1	Aenigmatarchaeota	Aenigmatarchaeia	GW2011-AR5	JACRMX01	JAGVVW01	88.41	0.72	1077561	1237
GCA_018675975.1	1	Nanobdellota	Nanobdellia	Woesearchaeales	JABGXB01	JABGXB01	100.0	0.16	1028475	1048
GCA_002763115.1	1	Nanobdellota	Nanobdellia	Pacearchaeales	CG1-02-31-27	CG1-02-31-27	89.36	0.79	635659	747
GCA_016845225.1	1	Nanobdellota	Nanobdellia	SCGC-AAA011-G17	UBA489	JABIKK01	98.1	0.27	678935	794
GCA_041485285.1	1	Thermoplasmatota	DTKX01	DTKX01	DATEUP01	DATEUP01	88.35	3.52	3057216	2730
GCF_004118325.1	1	Halobacteriota	Halobacteria	Halobacteriales	Haloarculaceae	Halorientalis	100.0	0.54	4087668	4205
GCA_041599855.1	1	Thermoplasmatota	SW-10-69-26	JACQPN01	JAJPHT01	JBFILE01	100.0	3.72	4493641	4204
GCA_021158105.1	1	Micrarchaeota	Micrarchaeia	Anstonellales	JAGGVH01	JAGGVH01	88.84	0.12	961869	1011
GCA_017608235.1	1	Nanobdellota	Nanobdellia	UBA10117	JAFCGI01	JAFCGI01	93.29	0.93	1203899	1583
GCA_018825425.1	1	Nanobdellota	Nanobdellia	Woesearchaeales	JAHJEM01	JAHJEM01	81.83	3.26	1512693	1614
GCF_036429475.1	1	Halobacteriota	Halobacteria	Halobacteriales	Halalkalicoccaceae	SKXI01	99.69	1.69	4035917	4167
GCA_023265395.1	1	Thermoplasmatota	DTKX01	JAHFTX01	JAHFTX01	JAHFTX01	88.7	1.7	2775582	2169
GCA_001873845.1	1	Altiarchaeota	Altiarchaeia	Altiarchaeales	Altiarchaeaceae	Altiarchaeum	87.6	1.49	1660967	1628
GCA_013329495.1	1	Thermoplasmatota	E2	UBA9212	UBA9212	UBA9212	81.91	2.79	1488914	1560
GCA_018220955.1	1	SpSt-1190	SpSt-1190	SpSt-1190	SpSt-1190	JAAOXV01	90.43	0.59	644673	799
GCA_035632695.1	1	Thermoplasmatota	Thermoplasmata	RBG-16-68-12	RBG-16-68-12	RBG-16-68-12	98.77	3.31	2456787	2704
GCA_038869735.1	1	Micrarchaeota	Micrarchaeia	Anstonellales	CG1-02-47-40	JAWCQO01	96.85	0.07	884197	877
GCA_003661365.1	1	Korarchaeota	Korarchaeia	Korarchaeales	QMVU01	QMVU01	78.48	1.91	1823627	2156
GCA_013152815.1	1	Nanobdellota	Nanobdellia	Woesearchaeales	JAADFO01	JAADFO01	90.73	0.74	1494016	1499
GCA_035290625.1	1	Nanobdellota	Nanobdellia	Woesearchaeales	DATDTY01	DATDTY01	100.0	1.14	1369920	1506
GCA_028716945.1	1	Nanobdellota	Nanobdellia	SCGC-AAA011-G17	JAFCDX01	JAQUOT01	97.57	0.65	803636	978
GCA_038894115.1	1	Nanobdellota	Nanobdellia	Woesearchaeales	JAWAQC01	JAWAQC01	72.1	0.57	936896	936
GCA_015521325.1	1	Thermoproteota	Thermoprotei_A	Sulfolobales	NBVN01	WAOK01	99.78	1.06	1720470	1878
GCA_016219835.1	1	Nanobdellota	Nanobdellia	Woesearchaeales	JACRKL01	JACRKL01	92.35	0.01	1340958	1581
GCA_038852285.1	1	Thermoproteota	Bathyarchaeia	40CM-2-53-6	DTGE01	JAWCKG01	98.99	1.78	1715533	1809
GCA_937138345.1	1	Nanobdellota	Nanobdellia	Woesearchaeales	UBA583	UBA583	95.42	3.45	1802117	2130
GCA_035289205.1	1	Aenigmatarchaeota	Aenigmatarchaeia	Aenigmatarchaeales	DATDXV01	DATDXV01	90.34	0.27	708062	893
GCA_021161255.1	1	Thermoproteota	Bathyarchaeia	B24	B24	B24	95.62	1.16	1673789	1854
GCA_002687185.1	1	Nanobdellota	Nanobdellia	SCGC-AAA011-G17	GCA-2687185	GCA-2687185	86.65	4.95	1583763	1891
GCA_035541015.1	1	Thermoplasmatota	SW-10-69-26	JACQPN01	JAIVGT01	DATLFM01	96.05	1.85	2208438	2271
GCA_021161045.1	1	Thermoproteota	Bathyarchaeia	TCS64	B23	B23	97.42	1.41	1260819	1533
GCA_016931255.1	1	Aenigmatarchaeota	Aenigmatarchaeia	QMZP01	JAFGSV01	JAFGFG01	93.23	0.04	929379	1056
GCA_016181215.1	1	Nanobdellota	Nanobdellia	SCGC-AAA011-G17	JACOZS01	JACOZS01	66.04	0.31	450027	644
GCA_000270325.1	1	Thermoproteota	Nitrososphaeria_A	Caldarchaeales	Caldarchaeaceae	Caldarchaeum	99.64	0.4	1680938	1855
GCA_003694805.1	1	Nanobdellota	Nanobdellia	Woesearchaeales	J110	J110	96.2	1.81	1210546	1215
GCA_014730275.1	1	Asgardarchaeota	Thorarchaeia	Thorarchaeales	Thorarchaeaceae	WJIL01	99.51	2.97	3643580	3468
GCA_038890615.1	1	Micrarchaeota	Micrarchaeia	Anstonellales	J096	JAWAFI01	94.07	0.72	845764	901
GCA_011041895.1	1	Thermoproteota	DRAE01	DRAE01	DRAE01	DRAE01	85.12	0.0	938088	1112
GCF_004102725.1	1	Halobacteriota	Methanomicrobia	Methanomicrobiales	Methanoculleaceae	Methanoculleus_A	99.98	1.57	2750720	2673
GCA_021818905.1	1	Nanobdellota	Nanobdellia	Parvarchaeales	Parvarchaeaceae	JAJYZA01	100.0	0.27	944665	1109
GCA_016207545.1	1	Thermoplasmatota	Thermoplasmata	RBG-16-68-12	EA-27	EA-27	85.05	2.79	1549587	1857
GCA_011040545.1	1	Thermoproteota	Bathyarchaeia	EX4484-135	EX4484-135	EX4484-135	85.85	0.54	1060883	1321
GCA_030604085.1	1	Halobacteriota	Methanosarcinia	Methanosarcinales	Methanogasteraceae	Methanogaster_A	94.57	1.34	2005013	2231
GCA_003695045.1	1	Nanobdellota	Nanobdellia	Woesearchaeales	J091	J091	83.83	2.07	1061362	1213
GCA_016432325.1	1	Aenigmatarchaeota	Aenigmatarchaeia	PWEA01	JACQIF01	JACQIF01	90.14	0.56	874869	1066
GCA_028691765.1	1	Nanobdellota	Nanobdellia	Woesearchaeales	SKGA01	JAQUYS01	99.48	1.7	1093016	1281
GCA_018303285.1	1	Nanobdellota	Nanobdellia	Woesearchaeales	JAGVYL01	JAGVYL01	93.64	0.62	994507	1171
GCA_018304465.1	1	Iainarchaeota	Iainarchaeia	Iainarchaeales	JAGVWC01	JAGVWC01	91.88	0.41	1246008	1292
GCA_003695265.1	1	Nanobdellota	Nanobdellia	Woesearchaeales	J072	J072	94.62	0.57	1055801	1169
GCA_030019205.1	1	Halobacteriota	Methanomicrobia	Methanomicrobiales	JACTUA01	JASEFH01	99.59	0.38	2733939	2750
GCA_038870415.1	1	Thermoproteota	Bathyarchaeia	B24	JAWCPE01	JAWCPE01	88.15	3.3	2058045	2235
GCA_018303545.1	1	Nanobdellota	Nanobdellia	SCGC-AAA011-G17	JAGVXY01	JAGVXY01	96.15	0.73	897592	989
GCA_028710695.1	1	Iainarchaeota	Iainarchaeia	0-14-0-20-30-16	0-14-0-20-30-16	JAQTTP01	85.98	0.67	898712	953
GCA_041661025.1	1	Micrarchaeota	Micrarchaeia	Norongarragalinales	CAINOH01	DAHXMR01	90.34	0.0	1315022	1266
GCA_023140195.1	1	Thermoplasmatota	Thermoplasmata	RBG-16-68-12	SOIM01	JAGLME01	94.91	1.12	2980902	2735
GCA_035288565.1	1	Iainarchaeota	Iainarchaeia	Iainarchaeales	DATDZZ01	DATDZZ01	90.1	0.56	1010574	1209
GCA_035290505.1	1	Aenigmatarchaeota	Aenigmatarchaeia	GW2011-AR5	DATDUE01	DATDUE01	79.86	0.49	579004	866
GCA_016207515.1	1	Thermoplasmatota	SW-10-69-26	JACQPN01	JACQPN01	JACQPN01	98.37	1.81	2666392	2444
GCA_028693395.1	1	Nanobdellota	Nanobdellia	Woesearchaeales	JAQUVJ01	JAQUVJ01	88.47	1.2	1121361	1046
GCA_037444485.1	1	Micrarchaeota	Micrarchaeia	Norongarragalinales	CAITNU01	JBBIMI01	95.07	0.2	961727	972
GCA_019429005.1	1	EX4484-52	EX4484-52	EX4484-52	GLR71	JAHYJR01	93.55	1.1	1078986	1083
GCA_018396815.1	1	Thermoproteota	Bathyarchaeia	40CM-2-53-6	DTDX01	DTDX01	100.0	0.91	1485783	1565
GCA_023128135.1	1	Thermoproteota	Bathyarchaeia	RBG-16-48-13	JAGMEO01	JAGMEO01	76.02	0.04	620187	776
GCA_020052545.1	1	Nanobdellota	Nanobdellia	Woesearchaeales	JAGVOV01	JAGVOV01	87.39	0.08	1105540	1389
GCA_027078545.1	1	Thermoproteota	Nitrososphaeria	Geothermarchaeales	JDFR-13	SZUA-1514	91.97	0.68	1242470	1279
GCA_018813725.1	1	Nanobdellota	Nanobdellia	Woesearchaeales	JAHJBD01	JAHJBD01	93.22	2.2	1475482	1693
GCA_002813105.2	1	Halobacteriota	UBA148	UBA148	JAJOKI01	JAJOKI01	97.24	0.02	1067436	1336
GCA_034190545.1	1	Halobacteriota	Halobacteria	Halorutilales	Halorutilaceae	Afararchaeum	98.93	0.04	1895979	2058
GCA_038849525.1	1	Nanobdellota	Nanobdellia	Pacearchaeales	JAHJTO01	JAWCMS01	94.35	0.71	659512	727
GCA_017610305.1	1	Iainarchaeota	Iainarchaeia	Iainarchaeales	JAFCCJ01	JAFCCJ01	89.1	0.52	1238464	1378
GCA_035299465.1	1	Nanobdellota	Nanobdellia	Woesearchaeales	DATGWN01	DATGWN01	94.81	0.42	1212964	1405
GCA_003144275.1	1	Asgardarchaeota	Heimdallarchaeia	Hodarchaeales	Hodarchaeaceae	Hodarchaeum	93.97	3.93	3948260	3621
GCA_016207165.1	1	Micrarchaeota	Micrarchaeia	Norongarragalinales	JACPGT01	JACPGT01	90.22	0.43	1268999	1414
GCA_041489255.1	1	Thermoplasmatota	Thermoplasmata	RBG-16-68-12	JAFNFQ01	JAFNFQ01	96.47	2.73	2740437	2464
GCA_038728585.1	1	Thermoproteota	Nitrososphaeria	Conexivisphaerales	DTJL01	JAVYTR01	99.59	0.74	1933178	2007
GCA_036444275.1	1	Hydrothermarchaeota	Hydrothermarchaeia	Hydrothermarchaeales	JAZGAD01	JAZGAD01	81.23	0.11	1486092	1680
GCA_030619735.1	1	Aenigmatarchaeota	Aenigmatarchaeia	QMZP01	JAUXAV01	JAUXAV01	82.06	2.59	1476666	2008
GCA_031961865.1	1	Thermoplasmatota	Thermoplasmata	Aciduliprofundales	ARK-15	JAVRLB01	98.8	0.0	1271463	1288
GCA_016219455.1	1	Aenigmatarchaeota	Aenigmatarchaeia	PWEA01	JACRMZ01	JACRMZ01	64.76	0.7	866430	1204
GCA_021324265.1	1	Thermoproteota	Thermoprotei	Gearchaeales	Gearchaeaceae	DSFO01	95.18	0.69	1449046	1573
GCA_023128965.1	1	Aenigmatarchaeota	Aenigmatarchaeia	QMZP01	QMZT01	JAZGEG01	92.68	0.8	1034484	1246
GCA_017608625.1	1	Nanobdellota	Nanobdellia	Woesearchaeales	JAFCFN01	JAFCFN01	98.72	0.19	645741	741
GCA_003023195.1	1	Halobacteriota	Halobacteria	Halobacteriales	SW-7-71-33	SW-7-71-33	86.9	2.43	3291641	3140
GCA_013329175.1	1	Nanobdellota	Nanobdellia	Woesearchaeales	UBA11716	UBA11716	86.47	0.91	1561490	1523
GCA_003648985.1	1	Nanobdellota	Nanobdellia	Woesearchaeales	B54-G15	B54-G15	81.16	4.54	563327	705
GCA_002687815.1	1	Nanobdellota	Nanobdellia	SCGC-AAA011-G17	GCA-2687815	GCA-2687815	87.99	3.81	819095	1011
GCA_017610385.1	1	Nanohalarchaeota	Nanosalinia	Nanosalinales	JAFCCC01	JAFCCC01	93.51	0.45	788277	868
GCA_029547605.1	1	Halobacteriota	Methanomicrobia	Methanomicrobiales	Methanospirillaceae	Methanolinea_A	100.0	1.45	2259423	2366
GCA_040755695.1	1	Iainarchaeota	Iainarchaeia	Iainarchaeales	1-14-0-10-31-34	JBFMAK01	99.85	0.94	1302901	1474
GCA_011605775.1	1	Thermoproteota	Nitrososphaeria	Nitrososphaerales	JAAOZN01	JAAOZN01	99.58	3.89	1623569	1929
GCA_018304425.1	1	Iainarchaeota	Iainarchaeia	Iainarchaeales	UBA10219	UBA10219	92.55	1.3	1477149	1593
GCA_021158055.1	1	Iainarchaeota	Iainarchaeia	JAGGVJ01	JAGGVJ01	JAGGVJ01	94.93	0.05	1147527	1127
GCA_021163205.1	1	Aenigmatarchaeota	Aenigmatarchaeia	GW2011-AR5	JAGGXF01	JAGGXF01	91.34	0.12	811017	883
GCA_041648435.1	1	Iainarchaeota	Iainarchaeia	Iainarchaeales	JBAZPA01	JBAZPA01	74.36	1.69	1339403	1453
GCA_015521825.1	1	Aenigmatarchaeota	Aenigmatarchaeia	Aenigmatarchaeales	JAADFI01	WANL01	87.94	0.5	495130	623
GCA_016180275.1	1	Nanobdellota	Nanobdellia	Woesearchaeales	UBA10200	UBA10200	76.23	0.01	1366263	1511
GCA_002688315.1	1	Nanobdellota	Nanobdellia	Woesearchaeales	UBA10216	UBA492	99.7	0.09	912474	1050
GCA_003660555.1	1	Hadarchaeota	B88-G9	B88-G9	B88-G9	B88-G9	91.04	0.61	1295439	1469
GCA_041306005.1	1	Altiarchaeota	Altiarchaeia	JAFGQM01	JAFGQM01	JBFYKJ01	81.83	0.09	1494685	1569
GCA_023261845.1	1	Thermoproteota	Nitrososphaeria_A	Caldarchaeales	Wolframiiraptoraceae	Terraquivivens	99.42	0.43	1221916	1316
GCA_035290825.1	1	Aenigmatarchaeota	Aenigmatarchaeia	QMZP01	JACQNV01	JACQNV01	82.65	3.28	1086118	1418
GCA_027077895.1	1	B1Sed10-29	B1Sed10-29	WALL01	WAMD01	JALWQZ01	89.59	0.26	678943	804
GCA_015520475.1	1	Thermoproteota	Bathyarchaeia	Bathyarchaeales	WAQA01	WAQA01	92.93	0.83	1634887	1787
GCA_018992685.1	1	Methanobacteriota_B	Thermococci	Methanofastidiosales	SZ-28-30	SZ-28-30	91.19	0.71	3026495	2968
GCA_013415695.1	1	Thermoplasmatota	Thermoplasmata	Methanomassiliicoccales	JAAEEP01	JAAEEP01	99.6	1.96	1992406	1988
GCF_900248165.1	1	Thermoproteota	Nitrososphaeria	Nitrososphaerales	Nitrosocaldaceae	Nitrosocaldus	99.37	0.11	1577284	1718
GCA_016184315.1	1	Thermoproteota	Nitrososphaeria	Nitrososphaerales	JACQRY01	JACQRY01	91.92	2.24	2015889	2300
GCF_000144915.1	1	Thermoproteota	Thermoprotei_A	Sulfolobales	Acidilobaceae	Acidilobus	99.96	0.39	1496453	1502
GCA_016866895.1	1	Micrarchaeota	Micrarchaeia	Anstonellales	VGKX01	VGKX01	95.69	3.4	1247274	1403
GCA_017608345.1	1	Nanobdellota	Nanobdellia	UBA10117	JAFCGA01	JAFCGA01	88.18	0.33	1046156	1135
GCA_028691435.1	1	Iainarchaeota	Iainarchaeia	Iainarchaeales	JAAZKV01	JABIDZ01	92.22	2.55	907846	965
GCA_937892815.1	1	Thermoproteota	Nitrososphaeria	Conexivisphaerales	CALBHZ01	CALBHZ01	86.74	3.43	1353712	1766
GCA_036004805.1	1	Micrarchaeota	Micrarchaeia	Norongarragalinales	DASYRB01	DASYRB01	89.93	0.81	808423	944
GCA_038884755.1	1	Micrarchaeota	Micrarchaeia	Norongarragalinales	UBA10210	UBA10210	93.13	0.32	926659	997
GCA_903884505.1	1	Micrarchaeota	Micrarchaeia	Fermentimicrarchaeales	Fermentimicrarchaeaceae	CAISET01	100.0	1.87	1508669	1555
GCA_028279585.1	1	Thermoplasmatota	EX4484-6	JANQNL01	JANQNL01	JANQNL01	85.4	3.39	3808224	2986
GCA_015519985.1	1	Nanobdellota	Nanobdellia	Woesearchaeales	WAPJ01	WIAN01	91.69	1.33	826223	990
GCA_003695745.1	1	Hydrothermarchaeota	Hydrothermarchaeia	Hydrothermarchaeales	SZUA-236	J060	90.19	0.59	1284962	1594
GCA_002490245.1	1	Thermoproteota	Bathyarchaeia	Bathyarchaeales	B24-2	B24-2	97.94	0.46	1347170	1460
GCA_030594725.1	1	Thermoplasmatota	DTKX01	DTKX01	GCA-020343715	GCA-020343715	81.26	2.31	2907817	2610
GCA_016180755.1	1	Thermoplasmatota	E2	JACPAO01	JACPAO01	JACPAO01	75.19	0.7	2310232	2512
GCF_024972755.1	1	Halobacteriota	Halobacteria	Halobacteriales	Halobacteriaceae	Halanaeroarchaeum	100.0	2.79	2787690	2881
GCA_027068385.1	1	Asgardarchaeota	Njordarchaeia	Njordarchaeales	JAMOTR01	JAMOTR01	77.75	0.09	912693	980
GCA_030631505.1	1	EX4484-52	EX4484-52	EX4484-52	DAOVKX01	DAOVKX01	78.4	1.48	1006350	1249
GCA_003558335.1	1	Methanobacteriota_B	Thermococci	Methanofastidiosales	Methanofastidiosaceae	Methanofastidiosum	99.34	1.28	1390794	1676
GCA_038046545.1	1	Nanobdellota	Nanobdellia	Woesearchaeales	JBBSVZ01	JBBSVZ01	93.34	1.99	1567515	1852
GCA_018831025.1	1	Nanobdellota	Nanobdellia	SCGC-AAA011-G17	ARS1403	JAHJRB01	95.2	2.91	938980	1190
GCA_035289665.1	1	Nanobdellota	Nanobdellia	Woesearchaeales	SM23-78	JBBSWA01	95.76	0.55	1450560	1858
GCF_013340765.1	1	Thermoproteota	Nitrososphaeria	Conexivisphaerales	Conexivisphaeraceae	Conexivisphaera	99.33	0.71	1593902	1614
GCA_018304505.1	1	B1Sed10-29	B1Sed10-29	B1Sed10-29	JAGVWA01	JAGVWA01	92.79	0.19	917116	1088
GCA_023266955.1	1	Thermoproteota	Nitrososphaeria	Nitrososphaerales	JAHFOH01	JAHFOH01	77.65	2.63	1668161	2188
GCA_021161745.1	1	Aenigmatarchaeota	Aenigmatarchaeia	CG10238-14	JAGHAA01	JAGHAA01	88.13	0.0	744764	889
GCA_038895395.1	1	Iainarchaeota	Iainarchaeia	Iainarchaeales	DTGL01	DTGL01	96.59	0.53	880139	916
GCA_011046235.1	1	Thermoplasmatota	Thermoplasmata	UBA10834	DTMW01	DSAX01	89.43	0.65	1567955	1568
GCA_002254595.1	1	Thermoproteota	Thermoprotei	Thermofilales	EX4484-15	EX4484-15	52.8	0.1	721479	853
GCA_015522865.1	1	Micrarchaeota	Micrarchaeia	Norongarragalinales	WALN01	WALN01	79.53	2.45	652037	752
GCA_029932465.1	1	Thermoplasmatota	EX4484-6	EX4484-6	EX4484-36	EX4484-36	94.57	0.05	1923536	1638
GCF_000015225.1	1	Thermoproteota	Thermoprotei	Thermofilales	Thermofilaceae	Thermofilum	99.99	0.43	1813393	1931
GCF_024170505.1	1	Halobacteriota	Methanomicrobia	Methanomicrobiales	Methanocorpusculaceae	Methanocalculus	99.89	0.21	2087147	2169
GCA_030651135.1	1	Nanobdellota	Nanobdellia	Woesearchaeales	JACPBO01	JACPBO01	100.0	3.03	1415394	1599
GCA_030638685.1	1	Asgardarchaeota	Heimdallarchaeia	Heimdallarchaeales	DAOWED01	DAOWED01	85.56	1.82	2331359	2270
GCF_000186365.1	1	Thermoproteota	Thermoprotei_A	Sulfolobales	Desulfurococcaceae	Desulfurococcus	100.0	0.18	1314639	1373
GCA_038734945.1	1	Thermoproteota	Thermoprotei_A	Sulfolobales	Fervidicoccaceae	ARK-14	99.95	0.21	1338861	1434
GCA_002685855.1	1	Nanobdellota	Nanobdellia	Woesearchaeales	GCA-2685855	GCA-2685855	94.15	0.86	953131	1084
GCA_003650815.1	1	Thermoproteota	Thermoprotei	Thermofilales	B15-G2	B15-G2	85.39	2.88	1990765	2178
GCA_040753455.1	1	Thermoplasmatota	Thermoplasmata	SG8-5	JACRNV01	JBFMEL01	92.99	1.64	1944450	1890
GCA_003564925.1	1	Nanobdellota	Nanobdellia	Woesearchaeales	PXDW01	PXDW01	77.02	2.28	883361	1072
GCA_016932875.1	1	Iainarchaeota	Iainarchaeia	Iainarchaeales	JAFGBZ01	JAFGBZ01	89.93	1.03	1000661	1135
GCA_013329045.1	1	Nanobdellota	Nanobdellia	Woesearchaeales	UBA9989	UBA9989	90.21	1.83	1740608	1849
GCA_018813685.1	1	Nanobdellota	Nanobdellia	Woesearchaeales	JACPBV01	JAHJAV01	93.61	1.17	1561238	1836
GCA_038883335.1	1	Thermoproteota	Bathyarchaeia	Hecatellales	JAVZMI01	JAVZMI01	98.9	0.57	1224167	1298
GCA_028279725.1	1	Nanobdellota	Nanobdellia	Woesearchaeales	JANQNQ01	JANQNQ01	95.83	1.58	1423921	1410
GCA_021163145.1	1	Aenigmatarchaeota	Aenigmatarchaeia	Aenigmatarchaeales	Aenigmatarchaeaceae	JAGGXH01	93.54	0.26	725527	887
GCA_030640025.1	1	Nanobdellota	Nanobdellia	Woesearchaeales	JAGLXL01	JAGLXL01	96.59	0.43	1299980	1447
GCA_001766815.1	1	Halobacteriota	Syntropharchaeia	Syntropharchaeales	Syntropharchaeaceae	Syntropharchaeum	95.83	0.21	1666081	1763
GCA_016207225.1	1	Micrarchaeota	Micrarchaeia	JACQQB01	JACQQB01	JACQQB01	73.46	0.29	747316	921
GCA_903904885.1	1	Nanobdellota	Nanobdellia	Woesearchaeales	CAIVOO01	CAIVED01	98.73	2.18	1310209	1457
GCA_037917675.1	1	Korarchaeota	Korarchaeia	B14-G2	B14-G2	B14-G2	92.71	1.92	1781937	1934
GCA_015522745.1	1	Aenigmatarchaeota	Aenigmatarchaeia	GW2011-AR5	WALA01	WALA01	94.26	0.55	533182	643
GCA_943788655.1	1	Thermoplasmatota	Poseidoniia	Poseidoniales	Poseidoniaceae	MGIIa-L1	97.31	0.78	2066972	1746
GCA_016928095.1	1	Thermoplasmatota	EX4484-6	EX4484-6	EX4484-6	JAFGLL01	95.93	1.42	2799415	2174
GCA_002494765.1	1	Thermoplasmatota	UBA186	UBA186	UBA186	UBA186	93.22	0.84	1615647	1703
GCA_019323235.1	1	Nanobdellota	Nanobdellia	Woesearchaeales	JABIAG01	JAHWHN01	98.78	4.89	1320382	1708
GCF_000017945.1	1	Thermoproteota	Thermoprotei_A	Sulfolobales	Ignicoccaceae	Ignicoccus	99.93	0.21	1297538	1490
GCA_038874215.1	1	Micrarchaeota	Micrarchaeia	JAVZCV01	JAVZCV01	JAVZCV01	91.01	1.12	1134811	1204
GCA_020723065.1	1	Micrarchaeota	Micrarchaeia	CABMEP01	CABMEP01	DTQF01	92.39	0.15	651815	687
GCA_020854775.1	1	Nanobdellota	Nanobdellia	Woesearchaeales	21-14-0-10-32-9	21-14-0-10-32-9	100.0	1.81	1179839	1267
GCA_021817605.1	1	Thermoplasmatota	Thermoplasmata	UBA184	UBA184	UBA184	100.0	0.14	1746615	1692
GCA_030156615.1	1	Nanobdellota	Nanobdellia	Woesearchaeales	UBA119	UBA119	96.26	1.32	860833	904
GCA_027491455.1	1	Korarchaeota	JAOZGF01	JAOZGF01	JAOZFZ01	JAOZFL01	94.08	3.64	2199694	2319
GCA_025061095.1	1	Thermoproteota	Methanomethylicia	Culexarchaeales	B10-G16	Culexmicrobium_B	93.01	3.57	1425202	1659
GCA_038851035.1	1	Thermoplasmatota	DTKX01	VGTL01	VGTL01	JAWCLH01	99.04	1.09	2687448	2033
GCA_018396535.1	1	Thermoproteota	Bathyarchaeia	B24	DRYS01	DRYS01	93.37	1.79	1414552	1442
GCA_016432545.1	1	Thermoproteota	Nitrososphaeria	Nitrososphaerales	UBA183	UBA183	100.0	0.6	1504337	1677
GCF_017094485.1	1	Halobacteriota	Halobacteria	Halobacteriales	Natronoarchaeaceae	Natranaeroarchaeum	99.32	0.22	3041127	3160
GCA_035289925.1	1	Nanobdellota	Nanobdellia	SCGC-AAA011-G17	DATDVL01	DATDVR01	88.53	1.15	915979	1164
GCA_020057295.1	1	Nanobdellota	Nanobdellia	Woesearchaeales	UBA9642	UBA9642	100.0	0.46	1201343	1227
GCA_018396395.1	1	Thermoproteota	Bathyarchaeia	B24	JAGTQN01	JAGTQN01	82.6	1.23	1674996	1722
GCF_000012285.1	1	Thermoproteota	Thermoprotei_A	Sulfolobales	Sulfolobaceae	Sulfolobus	100.0	0.16	2225959	2355
GCF_002243045.1	1	Halobacteriota	Methanosarcinia	Methanosarcinales	Methanosarcinaceae	Methanolobus	100.0	1.3	3164721	3052
GCA_002838935.1	1	Thermoplasmatota	E2	GCA-002838935	GCA-002838935	GCA-002838935	82.95	0.28	1445368	1400
GCA_017608025.1	1	Nanobdellota	Nanobdellia	UBA10117	JAFCGM01	JAFCGM01	91.54	2.24	700509	850
GCA_023379805.1	1	Thermoproteota	Nitrososphaeria	Nitrososphaerales	JACPRH01	JACPRH01	95.44	1.67	2341784	2430
GCA_021162085.1	1	Aenigmatarchaeota	Aenigmatarchaeia	PWEA01	JAGHBM01	JAGGZI01	87.55	0.01	789653	911
GCA_024274695.1	1	B1Sed10-29	B1Sed10-29	B1Sed10-29	JAJSAI01	JAJSAI01	91.11	0.25	825026	994
GCA_024276795.1	1	Asgardarchaeota	Heimdallarchaeia	Heimdallarchaeales	JAJRWK01	JAJRWK01	87.38	2.51	2721239	2650
GCA_037444945.1	1	Micrarchaeota	Micrarchaeia	Norongarragalinales	JBBILJ01	JBBILJ01	90.52	0.44	1080348	1277
GCA_015522765.1	1	Nanobdellota	Nanobdellia	Woesearchaeales	WALR01	WALR01	85.4	0.27	961221	1055
GCA_902812485.1	1	Thermoproteota	Nitrososphaeria	Nitrososphaerales	CADDZS01	CADDZS01	94.47	2.13	2356700	2414
GCA_035291225.1	1	Aenigmatarchaeota	Aenigmatarchaeia	Aenigmatarchaeales	JACQIB01	DATDSO01	92.76	0.67	885405	1031
GCA_903915225.1	1	Nanobdellota	Nanobdellia	Woesearchaeales	B29-G15	B29-G15	97.34	1.3	1694812	1945
GCA_041657955.1	1	Thermoplasmatota	JASEFT01	JBBABA01	JBBABA01	JBBABA01	94.84	0.82	2316873	2005
GCA_016187745.1	1	Iainarchaeota	Iainarchaeia	Iainarchaeales	JAXPJC01	JACPJC01	91.15	1.79	963943	1089
GCA_020348445.1	1	Thermoplasmatota	Thermoplasmata	GCA-020350865	GCA-020350865	GCA-020348445	81.66	3.77	5156303	3746
GCA_026414365.1	1	Iainarchaeota	Iainarchaeia	Iainarchaeales	SKW153	SKW153	68.54	0.02	578882	647
GCA_001593935.1	1	Thermoproteota	Bathyarchaeia	Bathyarchaeales	B26-1	B26-1	99.82	3.21	1890193	1932
GCA_003554845.1	1	Aenigmatarchaeota	Aenigmatarchaeia	PWEA01	PWEA01	PWEA01	94.88	0.0	633124	742
GCA_021161465.1	1	B1Sed10-29	B1Sed10-29	WALL01	JAGHAM01	JAGHAM01	92.99	0.17	976286	1104
GCA_018399355.1	1	Nanobdellota	Nanobdellia	Woesearchaeales	CG1-02-33-12	M55A3	97.51	0.69	918065	1135
GCA_018920305.1	1	Aenigmatarchaeota	Aenigmatarchaeia	CG10238-14	SpSt-28	JAHLMO01	94.76	0.5	553587	660
GCA_016292335.1	1	Asgardarchaeota	Sifarchaeia	Sifarchaeales	Sifarchaeaceae	Sifarchaeum	80.25	1.68	2016049	2112
GCA_963999255.1	1	Thermoproteota	Nitrososphaeria	Nitrososphaerales	CALBXV01	CALBXV01	60.43	0.75	855372	1026
GCA_026413765.1	1	Micrarchaeota	Micrarchaeia	Anstonellales	Anstonellaceae	JAOAKI01	100.0	1.02	840152	893
GCA_015660915.1	1	Halobacteriota	Bog-38	Bog-38	Bog-38	Bog-38	90.77	0.52	2043713	2234
GCA_038843675.1	1	Thermoproteota	Bathyarchaeia	40CM-2-53-6	CALIRQ01	CALIRQ01	97.72	2.8	1364237	1480
GCA_019057815.1	1	Asgardarchaeota	Heimdallarchaeia	Heimdallarchaeales	Heimdallarchaeaceae	18H4-34	95.38	2.07	3735735	3335
GCA_038874115.1	1	B1Sed10-29	B1Sed10-29	B1Sed10-29	JAVZDC01	JAVZDC01	91.68	0.04	569033	661
GCA_019429385.1	1	Halobacteriota	Methanosarcinia	Methanosarcinales	Methanocomedenaceae	QBUR01	100.0	0.35	2400975	2542
GCA_001940665.2	1	Asgardarchaeota	Odinarchaeia	Odinarchaeales	Odinarchaeaceae	Odinarchaeum	98.22	0.38	1418269	1504
GCA_021818925.1	1	Micrarchaeota	Micrarchaeia	Micrarchaeales	CABMGC01	JAJYVH01	97.55	0.2	760734	849
GCA_016205145.1	1	Iainarchaeota	Iainarchaeia	Iainarchaeales	JACQJH01	JACQJH01	97.78	0.0	1250269	1294
GCF_030186535.1	1	Thermoproteota	Thermoprotei_A	Sulfolobales	Ignisphaeraceae	Ignisphaera	99.92	0.29	1743696	1832
GCA_018302235.1	1	Nanobdellota	Nanobdellia	SCGC-AAA011-G17	GW2011-AR18	JAGVZW01	100.0	0.37	815828	958
GCA_009392915.1	1	Iainarchaeota	Iainarchaeia	CSSED10-239	CSSED10-239	Forterrea	94.61	0.12	839632	864
GCA_003649205.1	1	Thermoproteota	Thermoprotei	Thermoproteales	B15-G16	B15-G16	93.79	4.24	2066741	2428
GCA_035289625.1	1	Iainarchaeota	Iainarchaeia	Iainarchaeales	Iainarchaeaceae	UBA10205	94.6	0.16	1260786	1376
GCA_003661605.2	1	Thermoproteota	QMWL01	QMWL01	QMWL01	QMWL01	76.56	0.27	783987	911
GCA_018302465.1	1	Nanobdellota	Nanobdellia	SCGC-AAA011-G17	GW2011-AR20	JAGVZJ01	97.68	0.18	748631	978
GCA_016212465.1	1	Micrarchaeota	Micrarchaeia	Norongarragalinales	JACRGE01	JACRGE01	90.97	1.93	1199601	1249
GCA_014729675.1	1	Nanobdellota	Nanobdellia	Woesearchaeales	WJKL01	WJJM01	91.67	4.76	1441499	1596
GCA_016926295.1	1	Iainarchaeota	Iainarchaeia	JAFGOX01	JAFGOX01	JAFGOX01	79.36	0.06	592378	730
GCA_013378385.1	1	Thermoproteota	Nitrososphaeria	Nitrososphaerales	UBA57	UBA57	96.25	1.18	996535	1153
GCA_038851215.1	1	Nanobdellota	Nanobdellia	UBA10117	UBA10117	JAWCLD01	93.8	0.53	468477	586
GCA_016935155.1	1	Nanobdellota	Nanobdellia	Woesearchaeales	UBA10107	UBA10107	89.93	0.12	771067	956
GCA_027046625.1	1	Iainarchaeota	Iainarchaeia	JAADDC01	JAADDC01	WANZ01	94.21	0.51	652019	761
GCA_024281315.1	1	Thermoplasmatota	Thermoplasmata	JAJSAE01	JAJSAE01	JAJSAE01	91.45	0.1	1749131	1629
GCA_016185435.1	1	Aenigmatarchaeota	Aenigmatarchaeia	QMZP01	QMZP01	JACPNN01	95.05	0.78	1346455	1544
GCA_029856635.1	1	Asgardarchaeota	Njordarchaeia	Njordarchaeales	JAHKLH01	JAHKLH01	73.98	2.65	1827468	1948
GCA_023379385.1	1	Thermoplasmatota	Thermoplasmata	UBA184	JAMCUS01	JAMCUS01	93.8	0.51	1629248	1521
GCA_037439845.1	1	Nanobdellota	Nanobdellia	Woesearchaeales	JBBIVF01	JBBIVF01	98.62	0.46	797165	909
GCA_016932935.1	1	Asgardarchaeota	Lokiarchaeia	Sigynarchaeales	Sigynarchaeaceae	Sigynarchaeum	81.9	4.69	5105683	4707
GCA_000830275.1	1	Iainarchaeota	Iainarchaeia	Iainarchaeales	GW2011-AR10	GW2011-AR10	99.92	0.19	1241428	1341
GCA_016928155.1	1	Nanobdellota	Nanobdellia	Woesearchaeales	JAFGLG01	JAFGLG01	99.7	0.47	1483426	1495
GCA_038817485.1	1	Thermoproteota	Nitrososphaeria_A	Caldarchaeales	JAVZCJ01	JAVZCJ01	98.25	1.42	1443468	1591
GCA_038848185.1	1	Thermoproteota	EX4484-205	EX4484-205	JAAOZP01	JAAOZP01	93.51	0.83	1793021	1819
GCA_030595765.1	1	Thermoplasmatota	Thermoplasmata	GCA-020350865	JAUVCJ01	JAUVCJ01	89.46	1.88	2287502	2144
GCA_038874135.1	1	Nanobdellota	Nanobdellia	Woesearchaeales	0-14-0-80-44-23	0-14-0-80-44-23	99.38	0.24	909956	920
GCA_020356005.1	1	Thermoplasmatota	EX4484-6	JAEHCK01	GCA-020356005	GCA-020356005	78.42	1.25	3578571	2450
GCA_018816705.1	1	Nanobdellota	Nanobdellia	Woesearchaeales	JAHIVG01	JAHIVG01	94.37	0.58	1738914	1935
GCA_013152845.1	1	Hydrothermarchaeota	Hydrothermarchaeia	Hydrothermarchaeales	JAADFM01	JAADFM01	62.77	1.14	1172964	1611
GCA_016235495.1	1	Nanobdellota	Nanobdellia	SCGC-AAA011-G17	GW2011-AR17	GW2011-AR17	100.0	0.38	867040	1070
GCA_019594305.1	1	Thermoplasmatota	Thermoplasmata	Halarchaeoplasmatales	Halarchaeoplasmataceae	Haladaptatiplasma	95.65	3.95	2081988	2043
GCA_021163645.1	1	Micrarchaeota	Micrarchaeia	Anstonellales	JAGGTN01	JAGGTN01	88.6	0.19	894786	858
GCA_030651375.1	1	Nanobdellota	Nanobdellia	Woesearchaeales	UBA12501	JAUSFM01	100.0	0.91	1297443	1416
GCA_021158665.1	1	Aenigmatarchaeota	Aenigmatarchaeia	GW2011-AR5	JAHLMP01	JAGGUE01	87.34	0.26	738064	849
GCA_038823825.1	1	Hadarchaeota	Hadarchaeia	Hadarchaeales	Hadarchaeaceae	DYTO01	95.77	0.2	1050680	1066
GCA_003660975.1	1	B1Sed10-29	B1Sed10-29	B1Sed10-29	B47-G15	B47-G15	89.66	0.27	1333875	1420
GCA_021161405.1	1	Iainarchaeota	Iainarchaeia	Iainarchaeales	JAGHAR01	JAGHAR01	76.2	2.11	668527	829
GCA_038874655.1	1	Nanobdellota	Nanobdellia	Woesearchaeales	GW2011-AR15	JAAXVZ01	97.31	0.27	1263075	1268
GCA_041653515.1	1	Nanobdellota	Nanobdellia	WJKC01	WJKC01	JBAZFG01	96.95	1.78	1115368	1444
GCA_029258885.1	1	Thermoproteota	Thermoprotei	Thermofilales	B9-G17	B9-G17	99.89	0.6	2098864	2156
GCA_004376295.1	1	Thermoproteota	Bathyarchaeia	Bathyarchaeales	Bathyarchaeaceae	SOJZ01	99.79	1.22	1889860	2078
GCA_007122875.1	1	Halobacteriota	Halobacteria	Halobacteriales	QS-1-68-20	QS-1-68-20	59.68	1.51	1895399	1999
GCA_040290255.1	1	Thermoproteota	Nitrososphaeria	PSMU01	PSMU01	Australarchaeum	91.27	1.09	1213694	1344
GCA_030603445.1	1	Methanobacteriota_B	Thermococci	Methanofastidiosales	NM3	NM3	96.11	0.02	1619135	1713
GCA_021161865.1	1	Thermoplasmatota	E2	DHVEG-1	B18-G2	B91-G9	88.15	0.29	1439885	1534
GCA_035269625.1	1	Halobacteriota	Halobacteria	Halobacteriales	DATFIX01	DATFIX01	93.87	4.48	3016038	3346
GCA_038881635.1	1	Thermoproteota	Thermoprotei_A	Sulfolobales	AG1	WYEN01	97.21	0.44	1405049	1411
GCA_018302225.1	1	Nanobdellota	Nanobdellia	SCGC-AAA011-G17	JAGVZY01	JAGVZY01	99.43	0.78	813919	924
GCF_000337035.1	1	Halobacteriota	Halobacteria	Halobacteriales	Haloferacaceae	Halorubrum	100.0	2.99	3645313	3623
GCA_002763265.1	1	Nanobdellota	Nanobdellia	PEZQ01	PEZQ01	PEZQ01	99.59	0.71	1006051	1115
GCA_030649735.1	1	Iainarchaeota	Iainarchaeia	Iainarchaeales	UBA10191	UBA10191	92.74	2.27	1281898	1388
GCA_016187565.1	1	Nanobdellota	Nanobdellia	Woesearchaeales	JACPJR01	JACPJR01	96.66	0.31	1942393	1859
GCA_017608385.1	1	Nanobdellota	Nanobdellia	B33-G15	B33-G15	JAFCFZ01	93.88	0.03	700118	888
GCA_018303315.1	1	Nanobdellota	Nanobdellia	Woesearchaeales	JAGVYJ01	JAGVYJ01	76.08	0.0	745976	916
GCA_030622515.1	1	SpSt-1190	SpSt-1190	DYHY01	JAUXGB01	JAUXGB01	84.3	0.37	877562	1107
GCA_016935985.1	1	Nanobdellota	Nanobdellia	Woesearchaeales	JAFGPW01	JAFGPW01	92.48	0.93	1398368	1347
GCA_027006785.1	1	Thermoplasmatota	Thermoplasmata	WALJ01	WALJ01	JALTFR01	90.03	0.57	1330817	1315
GCA_018263395.1	1	Halobacteriota	Methanonatronarchaeia	JAANXF01	JAANXF01	JAANXF01	78.49	0.57	1171120	1374
GCA_040755655.1	1	Micrarchaeota	Micrarchaeia	JBFMAP01	JBFMAP01	JBFMAP01	86.35	0.22	1141997	1412
GCA_027077325.1	1	Undinarchaeota	Undinarchaeia	Undinarchaeales	JALTGF01	JALTGF01	75.9	1.77	769016	970
GCA_016185625.1	1	Nanobdellota	Nanobdellia	Woesearchaeales	GW2011-AR9	JACPND01	100.0	1.0	1163668	1362
GCA_023264635.1	1	Nanobdellota	Nanobdellia	Woesearchaeales	JACQSS01	JACQSS01	96.09	0.42	1316035	1395
GCA_036446635.1	1	Hydrothermarchaeota	Hydrothermarchaeia	Hydrothermarchaeales	JAZFTJ01	JAZFTJ01	86.66	0.42	1321619	1585
GCA_027083135.1	1	Thermoproteota	Thermoprotei_A	Sulfolobales	WAQK01	JALWQH01	99.59	1.57	1747803	1942
GCA_002762705.1	1	Nanobdellota	Nanobdellia	Woesearchaeales	CG08-08-20-14	CG08-08-20-14	78.83	1.29	1840814	1850
GCA_020723045.1	1	Micrarchaeota	Micrarchaeia	CAILAH01	CAILAH01	DYJQ01	93.74	0.3	768508	820
GCA_023140175.1	1	Nanobdellota	Nanobdellia	Woesearchaeales	WJIZ01	WJIZ01	100.0	0.42	2066050	2266
GCA_021158125.1	1	Thermoproteota	Bathyarchaeia	Bathyarchaeales	WUQV01	AUK093	98.4	2.39	1368859	1553
GCA_022447095.1	1	Thermoplasmatota	Poseidoniia	Poseidoniales	Thalassarchaeaceae	Thalassarchaeum	97.84	2.15	1345839	1225
GCA_036677555.1	1	Thermoplasmatota	Thermoplasmata	Methanomassiliicoccales	UBA472	UBA472	99.93	0.45	1979716	1981
GCF_000253055.1	1	Thermoproteota	Thermoprotei	Thermoproteales	Thermoproteaceae	Thermoproteus	100.0	0.37	1841542	2090
GCF_000091665.1	1	Methanobacteriota	Methanococci	Methanococcales	Methanocaldococcaceae	Methanocaldococcus	99.92	0.16	1739927	1877
GCA_016184005.1	1	Aenigmatarchaeota	Aenigmatarchaeia	GW2011-AR5	GW2011-AR5	JACPDL01	93.86	0.22	919184	1149
GCA_037917685.1	1	Korarchaeota	Korarchaeia	Korarchaeales	JAOZGB01	JAOZGB01	95.02	3.24	1813246	1922
GCA_017608775.1	1	Iainarchaeota	Iainarchaeia	JAFCFF01	JAFCFF01	JAFCFF01	78.37	0.22	503241	593
GCA_016177615.1	1	Nanobdellota	Nanobdellia	Woesearchaeales	GW2011-AR4	GCA-2688775	99.08	3.63	1537567	1746
GCA_018302705.1	1	Nanobdellota	Nanobdellia	SCGC-AAA011-G17	GCA-2688095	JACPIN01	97.68	0.3	851386	1069
GCA_038046345.1	1	Nanobdellota	Nanobdellia	SCGC-AAA011-G17	JACPNG01	JBBSWJ01	97.0	0.03	821143	987
GCA_030018475.1	1	Thermoplasmatota	JASEFT01	JASEFT01	JASEFT01	JASEFT01	95.51	0.31	1408602	1567
GCA_038853715.1	1	Thermoproteota	Methanomethylicia	Nezhaarchaeales	JAWCJE01	JAWCJE01	95.12	1.6	1549558	1677
GCA_030605385.1	1	Halobacteriota	Syntropharchaeia	JAUWIL01	JAUWIL01	JAUWIL01	84.88	0.05	1870327	1927
GCA_020345945.1	1	Thermoproteota	Bathyarchaeia	RBG-16-48-13	GCA-020345945	GCA-020345945	66.08	1.82	1186295	1220
GCA_000008085.1	1	Nanobdellota	Nanobdellia	Nanobdellales	Nanoarchaeaceae	Nanoarchaeum	98.72	0.38	490885	583
GCA_041649755.1	1	Nanobdellota	Nanobdellia	Pacearchaeales	GW2011-AR1	JAGVXH01	100.0	0.76	738167	855
GCA_018263355.1	1	Nanobdellota	Nanobdellia	Woesearchaeales	JAGVZT01	JAANXH01	99.96	0.63	1167524	1301
GCA_038884815.1	1	Nanobdellota	Nanobdellia	SCGC-AAA011-G17	VGLX01	JAWABC01	90.44	0.67	926773	1129
GCA_003650785.1	1	Thermoproteota	Thermoprotei	Thermofilales	B20-G17	B20-G17	93.31	1.84	1448026	1619
GCA_030604065.1	1	Thermoplasmatota	Thermoplasmata	Methanomassiliicoccales	JAUVWO01	JAUVWO01	90.29	0.64	1431079	1589
GCA_038891095.1	1	Altiarchaeota	Altiarchaeia	IMC4	QMZM01	JAWAEV01	93.65	0.48	958546	999
GCA_018897155.1	1	EX4484-52	EX4484-52	EX4484-52	LFW-46	LFW-46	95.99	2.38	1426221	1621
GCA_027460465.1	1	Halobacteriota	Methanosarcinia	Methanosarcinales	Methanoperedenaceae	Methanoperedens	100.0	2.76	2873173	3381
GCA_030670545.1	1	Nanobdellota	Nanobdellia	Woesearchaeales	JAGLGH01	JAGLGH01	93.22	0.19	1479520	1541
GCA_041479945.1	1	Thermoproteota	EX4484-205	EX4484-205	JAAOZO01	JBGOYZ01	91.3	0.34	1331411	1430
GCA_016198705.1	1	Aenigmatarchaeota	Aenigmatarchaeia	CG10238-14	SCSR01	JACQIA01	96.8	2.24	1083303	1150
GCA_029258735.1	1	Thermoproteota	Thermoprotei	Thermofilales	JAPDKD01	JAPDKD01	84.88	2.07	1414698	1603
GCA_026058435.1	1	Aenigmatarchaeota	Aenigmatarchaeia	GW2011-AR5	GCA-2688965	GCA-2688965	68.08	0.66	536854	666
GCA_016928115.1	1	Nanobdellota	Nanobdellia	Woesearchaeales	JAFGLI01	JAFGLI01	91.53	0.55	773797	909
GCA_018646625.1	1	Nanobdellota	Nanobdellia	Woesearchaeales	JABGUJ01	JABGUJ01	96.36	0.64	1572594	1556
GCA_024275665.1	1	B1Sed10-29	B1Sed10-29	B1Sed10-29	JAJRYS01	JAJRYS01	90.76	0.1	633939	825
GCA_030673205.1	1	Thermoplasmatota	Thermoplasmata	JAGHBH01	JAGHBH01	DAOVJP01	72.49	1.19	2041296	2065
GCA_019721075.1	1	Thermoplasmatota	Thermoplasmata	Sysuiplasmatales	Sysuiplasmataceae	Sysuiplasma	97.21	1.8	2292299	2344
GCA_001775995.1	1	Thermoproteota	Bathyarchaeia	RBG-16-48-13	RBG-16-48-13	RBG-16-48-13	74.99	0.66	848615	932
GCA_038828875.1	1	Nanobdellota	Nanobdellia	Woesearchaeales	JAWBMQ01	JAWBMQ01	100.0	0.52	890776	857
GCA_038999265.1	1	Aenigmatarchaeota	Aenigmatarchaeia	CG10238-14	CG10238-14	CG10238-14	97.45	0.77	791539	942
GCA_014728835.1	1	Nanobdellota	Nanobdellia	UBA10117	WJKY01	WJKY01	81.17	0.92	592288	770
GCA_026413605.1	1	Thermoproteota	Methanomethylicia	Nezhaarchaeales	B40-G2	JAOAKM01	95.56	1.13	1400713	1623
GCA_034660695.1	1	Thermoplasmatota	E2	UBA202	DSCA01	JAYEJS01	99.59	1.56	1634603	1825
GCA_007118145.1	1	Halobacteriota	Halobacteria	Halobacteriales	SKSH01	SKSH01	78.73	0.46	1723444	1855
GCA_018396865.1	1	Thermoproteota	Bathyarchaeia	TCS64	TCS64	JAGTRB01	96.96	3.24	1827238	2001
GCA_035935655.1	1	Thermoproteota	Bathyarchaeia	40CM-2-53-6	40CM-2-53-6	40CM-2-53-6	95.83	4.5	2504272	2847
GCF_000745485.1	1	Methanobacteriota	Methanobacteria	Methanobacteriales	Methanobacteriaceae	Methanobacterium_D	100.0	2.61	3369555	3287
GCF_023167465.1	1	Methanobacteriota	Methanobacteria	Methanobacteriales	DSM-23052	Methanothermobacter_A	99.97	0.0	1495190	1622
GCA_038888615.1	1	Korarchaeota	Korarchaeia	Korarchaeales	Korarchaeaceae	Korarchaeum	99.85	1.31	1672062	1696
GCF_025698945.1	1	Thermoproteota	Nitrososphaeria	Nitrososphaerales	Nitrosopumilaceae	Nitrosopumilus	100.0	0.21	1749482	2133
GCA_029882335.1	1	Asgardarchaeota	Heimdallarchaeia	Heimdallarchaeales	Kariarchaeaceae	JAOUKW01	94.33	4.71	4385505	4259
GCA_018814355.1	1	Thermoplasmatota	Thermoplasmata	UBA10834	UBA10834	COMBO-56-21	97.2	0.75	2063345	2073
GCF_017357525.1	1	Halobacteriota	Methanomicrobia	Methanomicrobiales	Methanofollaceae	Methanofollis	99.76	0.51	2746416	2551
GCA_002498125.1	1	Nanobdellota	Nanobdellia	Woesearchaeales	UBA525	UBA525	95.65	0.51	1358156	1560
GCA_000402515.1	1	Nanobdellota	Nanobdellia	SCGC-AAA011-G17	SCGC-AAA011-G17	SCGC-AAA011-G17	90.75	1.14	1021220	1342
GCA_038869035.1	1	Nanobdellota	Nanobdellia	Woesearchaeales	JAWCRX01	JAWCRX01	95.07	0.49	767376	965
GCA_028713935.1	1	Iainarchaeota	Iainarchaeia	Iainarchaeales	GCA-2688035	JAGVNX01	93.72	2.7	1229061	1447
GCA_030019485.1	1	Thermoplasmatota	JASEFT01	JASEFT01	JAUWIS01	JASEEW01	87.9	0.22	1687173	1936
GCA_017608045.1	1	Nanobdellota	Nanobdellia	B33-G15	JAFCGN01	JAFCGN01	92.54	0.48	774884	894
GCA_022848865.1	1	Thermoplasmatota	Thermoplasmata	RBG-16-68-12	JAGMCJ01	JAGMCJ01	95.79	0.71	2026789	1973
GCA_003649745.1	1	Thermoplasmatota	E2	DHVEG-1	B8-G13	B8-G13	60.95	0.94	756479	875
GCA_028279745.1	1	Nanobdellota	Nanobdellia	Woesearchaeales	JANQNC01	JANQNC01	100.0	0.16	1301350	1452
GCA_037443105.1	1	Halobacteriota	JAWCLZ01	JAWCLZ01	JAWCLZ01	JAWCLZ01	100.0	0.83	1569356	1926
GCA_038881895.1	1	Thermoproteota	Thermoprotei	Gearchaeales	WAQG01	JAVZOV01	97.01	0.79	1752405	1787
GCA_034190245.1	1	Halobacteriota	Syntropharchaeia	DAOWMC01	DAOWMC01	JAXHTJ01	91.27	1.81	2613469	2907
GCA_002011035.2	1	Thermoproteota	Bathyarchaeia	Hecatellales	Hecatellaceae	Hecatella	97.12	4.25	1747726	1881
GCA_017609985.1	1	Iainarchaeota	Iainarchaeia	Iainarchaeales	JAFCCW01	JAFCCW01	86.5	3.0	1164119	1282
GCA_022865215.1	1	Nanohalarchaeota	Nanosalinia	Nanosalinales	Nanohalalkaliarchaeaceae	JALIDP01	78.48	0.68	753270	888
GCA_022848835.1	1	Thermoplasmatota	Thermoplasmata	RBG-16-68-12	JAJISG01	JAJISG01	94.2	3.26	1455626	1745
GCA_937912225.1	1	Nanobdellota	Nanobdellia	Woesearchaeales	GCA-2686295	JAHIUF01	97.74	0.76	1680388	1826
GCA_013139905.1	1	EX4484-52	EX4484-52	EX4484-52	B79-G9	GLR112	83.37	1.26	1312510	1574
GCA_023659865.1	1	B1Sed10-29	B1Sed10-29	WALL01	JAGXON01	JAGXON01	66.16	0.07	670822	743
GCA_028279645.1	1	Thermoplasmatota	JAKEGO01	JAKEGO01	JANQNJ01	JANQNJ01	82.26	0.15	2239190	1806
GCA_018652045.1	1	Nanobdellota	Nanobdellia	UBA10117	JABICX01	JABICX01	88.5	0.09	685416	762
GCA_003663345.1	1	Aenigmatarchaeota	Aenigmatarchaeia	PWEA01	B50-G16	B50-G16	74.32	0.46	951466	1190
GCA_034190395.1	1	Halobacteriota	Halobacteria	Halobacteriales	UBA12382	Chewarchaeum	80.78	3.64	2933771	3040
GCA_021163965.1	1	Hadarchaeota	Hadarchaeia	Hadarchaeales	JAGGTB01	JAGGTB01	85.59	0.0	780365	887
GCA_027007025.1	1	Nanobdellota	Nanobdellia	CSSed11-243R1	CSSed11-243R1	WALP01	92.88	0.21	678211	821
GCA_026394995.1	1	Nanobdellota	Nanobdellia	SCGC-AAA011-G17	JAPLZO01	JAPLZO01	61.11	0.46	516101	676
GCA_018303105.1	1	Nanobdellota	Nanobdellia	Woesearchaeales	JAGVYU01	JAGVYU01	92.1	1.59	1298630	1554
GCA_018303725.1	1	Nanobdellota	Nanobdellia	Woesearchaeales	JAGVXP01	JAGVXP01	81.02	1.23	1302739	1465
GCA_021162185.1	1	Nanobdellota	Nanobdellia	Woesearchaeales	JAGGZC01	JAGGZC01	95.25	0.01	690172	811
GCA_001871415.1	1	Nanobdellota	Nanobdellia	Woesearchaeales	CG1-02-57-44	CG1-02-57-44	82.15	0.1	1534662	1516
GCA_005222965.1	1	Nanobdellota	Nanobdellia	Woesearchaeales	B3-WOES	B3-WOES	96.23	0.46	1021708	1107
GCF_000711905.1	1	Halobacteriota	Methanosarcinia	Methanosarcinales_A	Methermicoccaceae	Methermicoccus	96.04	0.0	1513583	1612
GCA_002790315.1	1	Huberarchaeota	Huberarchaeia	Huberarchaeales	Huberarchaeaceae	Huberarchaeum	77.85	0.07	453293	480
GCF_000251105.1	1	Halobacteriota	Methanocellia	Methanocellales	Methanocellaceae	Methanocella	100.0	0.3	2378438	2514
GCA_015522145.1	1	Aenigmatarchaeota	Aenigmatarchaeia	CG10238-14	WAMV01	WAMV01	81.15	0.35	322935	417
GCA_035289425.1	1	Nanobdellota	Nanobdellia	Woesearchaeales	DATDXC01	DATDXC01	92.73	0.85	1362570	1506
GCA_026993975.1	1	Asgardarchaeota	Njordarchaeia	Njordarchaeales	Njordarchaeaceae	JAHQWF01	87.31	3.49	2303441	2411
GCF_000015145.1	1	Thermoproteota	Thermoprotei_A	Sulfolobales	Pyrodictiaceae	Hyperthermus	99.99	0.58	1667163	1828
GCA_021162925.1	1	Thermoproteota	Nitrososphaeria	Nitrososphaerales	JAGGXQ01	JAGGXQ01	82.11	0.21	837897	1052
GCA_038845975.1	1	Thermoproteota	Methanomethylicia	CALHIW01	CALHIW01	CALHIW01	93.28	4.28	2765806	2635
GCA_002763335.1	1	Nanobdellota	Nanobdellia	Woesearchaeales	CG1-02-47-18	CG1-02-47-18	91.76	1.99	1216694	1315
GCA_014240455.1	1	Nanobdellota	Nanobdellia	UBA10117	ARS21	JAAZWY01	91.88	1.76	464037	579
GCA_016839805.1	1	Asgardarchaeota	Hermodarchaeia	Hermodarchaeales	Hermodarchaeaceae	Hermodarchaeum	86.71	3.11	2309456	2315
GCA_016432305.1	1	Nanobdellota	Nanobdellia	SCGC-AAA011-G17	JAGVZH01	GCA-16432305	96.06	0.13	736802	877
GCA_005191415.1	1	Asgardarchaeota	Lokiarchaeia	Helarchaeales	HEL-GB-A	HEL-GB-A	82.81	3.53	3840020	3763
GCA_027297425.1	1	Thermoproteota	Nitrososphaeria	Nitrososphaerales	JAPUIC01	JAPUIC01	75.23	0.5	994903	1149
GCA_020343615.1	1	Nanobdellota	Nanobdellia	UBA10117	GCA-020343615	GCA-020343615	83.84	0.12	919475	1120
GCA_041641295.1	1	Thermoproteota	Nitrososphaeria_A	Caldarchaeales	Calditenuaceae	HRBIN02	93.81	0.19	1560739	1634
GCA_038897035.1	1	Thermoproteota	Bathyarchaeia	Bathyarchaeales	DTEX01	DTEX01	100.0	0.82	1250990	1381
GCA_016932735.1	1	Aenigmatarchaeota	Aenigmatarchaeia	QMZP01	JAADIF01	JAADIF01	90.59	0.29	1176130	1189
GCA_035291205.1	1	Nanobdellota	Nanobdellia	Woesearchaeales	DATDSP01	DATDSP01	63.28	0.37	780641	840
GCA_018396415.1	1	Thermoproteota	Bathyarchaeia	RBG-16-48-13	JAGTRE01	JAGTRE01	96.29	3.28	1385562	1499
GCA_005191425.1	1	Asgardarchaeota	Lokiarchaeia	Helarchaeales	HEL-GB-B	HEL-GB-B	93.69	4.93	3543077	3286
GCA_015520145.1	1	Hydrothermarchaeota	Hydrothermarchaeia	Hydrothermarchaeales	WAQR01	WAQR01	88.9	1.62	1912059	2180
GCA_030601715.1	1	Thermoproteota	Nitrososphaeria	Geothermarchaeales	JAUWBL01	JAUWBL01	79.64	1.06	1255297	1559
GCA_023137655.1	1	Nanobdellota	Nanobdellia	Woesearchaeales	BS150m-G63	JAGLOT01	85.99	0.9	805376	1010
GCA_014729505.1	1	Nanobdellota	Nanobdellia	Woesearchaeales	ARS49	WJJS01	100.0	0.75	1052163	1210
GCA_015521735.1	1	Thermoproteota	Thermoprotei_A	Sulfolobales	WANQ01	WANQ01	100.0	0.87	2033788	2184
GCF_004765815.2	1	Halobacteriota	Halobacteria	Halobacteriales	Haladaptataceae	Halorussus	100.0	4.08	4753237	4724
GCA_030154045.1	1	Nanobdellota	Nanobdellia	Woesearchaeales	JASKKU01	JASKKU01	95.1	0.37	805359	803
GCA_002502135.1	1	Undinarchaeota	Undinarchaeia	Undinarchaeales	UBA543	UBA543	78.37	0.17	733777	839
GCA_011364925.1	1	Asgardarchaeota	Lokiarchaeia	Sigynarchaeales	SOKP01	SOKP01	100.0	4.2	3919328	3734
GCF_000148385.1	1	Thermoproteota	Thermoprotei	Thermoproteales	Thermocladiaceae	Vulcanisaeta	99.99	0.34	2374137	2570
GCA_034660895.1	1	Thermoproteota	Bathyarchaeia	Bathyarchaeales	JAYEKF01	JAYEKF01	91.96	3.66	1412689	1690
GCF_000336915.1	1	Halobacteriota	Halobacteria	Halobacteriales	Halococcaceae	Halococcus	99.59	0.35	3449700	3582
GCA_018829185.1	1	Nanobdellota	Nanobdellia	SCGC-AAA011-G17	PNOQ01	JAHJUI01	96.29	1.39	826748	993
GCA_021161825.1	1	Thermoproteota	Thermoprotei	Thermofilales	B69-G16	B69-G16	95.99	1.55	1667877	1861
GCA_964012725.1	1	Nanobdellota	Nanobdellia	Woesearchaeales	CAXGTL01	CAXGTL01	91.21	0.73	944042	1001
GCA_027064225.1	1	Nanobdellota	Nanobdellia	Woesearchaeales	WAPY01	WAPY01	100.0	0.73	735482	859
GCA_021163225.1	1	Micrarchaeota	Micrarchaeia	Anstonellales	JAGGXE01	JAGGXE01	96.71	0.15	880255	884
GCA_018609855.1	1	Nanohalarchaeota	Nanosalinia	Nanosalinales	JAHENU01	JAHENU01	61.14	0.05	678725	821
GCA_016177165.1	1	B1Sed10-29	B1Sed10-29	B1Sed10-29	JACOVT01	JACOVT01	78.94	0.12	847052	1089
GCA_018221045.1	1	Nanobdellota	Nanobdellia	JAAOXT01	JAAOXT01	JAAOXT01	89.68	0.35	829638	982
GCA_016931175.1	1	Nanobdellota	Nanobdellia	Tiddalikarchaeales	Tiddalikarchaeaceae	CG07-land	96.55	0.11	886719	1082
GCA_003601775.1	1	Thermoproteota	Bathyarchaeia	TCS64	PIYN01	PIYN01	92.72	2.06	1527575	1612
GCA_030642125.1	1	Aenigmatarchaeota	Aenigmatarchaeia	DAOWOJ01	DAOWOJ01	DAOWOJ01	57.44	0.17	575186	824
GCA_003649155.1	1	Thermoproteota	Methanomethylicia	Culexarchaeales	Culexmicrobiaceae	Culexmicrobium	57.74	0.29	945697	1143
GCA_003660905.1	2	EX4484-52	EX4484-52	EX4484-52	EX4484-52	EX4484-52	75.67	1.04	832169	876
GCA_016219465.1	2	Aenigmatarchaeota	Aenigmatarchaeia	GW2011-AR5	JACRAC01	JACRAC01	84.13	0.19	996718	1112
GCA_041650315.1	2	Nanobdellota	Nanobdellia	Woesearchaeales	JAGVYF01	JAGVYF01	93.46	0.16	1130424	1206
GCA_041305345.1	2	Micrarchaeota	Micrarchaeia	Norongarragalinales	SBBD01	JACRGC01	91.5	0.57	1266413	1300
GCA_014729015.1	2	Nanobdellota	Nanobdellia	Woesearchaeales	WJKR01	WJKR01	92.27	0.08	838599	971
GCA_029775925.1	2	Thermoproteota	Nitrososphaeria	Nitrososphaerales	JACAEJ01	JACAEJ01	96.35	3.22	1401784	1537
GCA_007116645.1	2	Nanobdellota	Nanobdellia	Woesearchaeales	SKIA01	SKIA01	95.09	0.17	900746	1123
GCA_035562195.1	2	Thermoplasmatota	E2	DHVEG-1	DHVEG-1	SM1-50	95.62	1.03	1782899	1767
GCA_003663585.1	2	Thermoplasmatota	B47-G6	B47-G6B	47-G6	B47-G6	64.68	1.15	1074667	1287
GCA_014189675.1	2	Undinarchaeota	Undinarchaeia	Undinarchaeales	Undinarchaeaceae	Undinarchaeum	83.4	0.07	623718	739
GCA_013153555.1	2	EX4484-52	EX4484-52	EX4484-52	JAADEF01	JAADEF01	85.62	0.04	569906	680
GCA_021800035.1	2	Thermoproteota	Thermoprotei_A	Marsarchaeales	Marsarchaeaceae	JAKAWJ01	84.93	2.53	2120974	2279
GCA_030697615.1	2	Micrarchaeota	Micrarchaeia	Norongarragalinales	JAHFHC01	JAHFHC01	71.61	0.26	843168	1091
GCF_019693215.1	2	Halobacteriota	Halobacteria	Halobacteriales	Salinarchaeaceae	IM2453	98.55	0.63	2656678	2590
GCA_027310605.1	2	Aenigmatarchaeota	Aenigmatarchaeia	Aenigmatarchaeales	DAIDAN01	DAIDAN01	74.67	1.04	701568	956
GCA_003695435.1	2	Nanobdellota	Nanobdellia	Woesearchaeales	UBA11576	J101	95.27	0.0	899557	1004
GCA_037440825.1	2	Micrarchaeota	Micrarchaeia	Anstonellales	Bilamarchaeaceae	JAHJBR01	95.62	0.18	875410	961
GCA_021159325.1	2	Methanobacteriota_B	Thermococci	Methanofastidiosales	B48-G16	B48-G16	92.46	0.01	1168663	1377
GCF_000008645.1	2	Methanobacteriota	Methanobacteria	Methanobacteriales	Methanothermobacteraceae	Methanothermobacter	99.9	0.18	1751377	1876
GCA_038870455.1	2	Micrarchaeota	Micrarchaeia	JACRGF01	JACRGF01	JAWAFC01	90.04	0.86	1038003	1201
GCF_008245225.1	2	Halobacteriota	Halobacteria	Halobacteriales	Natrialbaceae	Natrarchaeobius	100.0	1.08	4201486	4083
GCA_002867475.1	2	Nanobdellota	Nanobdellia	Woesearchaeales	BM511	BM511	95.35	0.91	1671818	1749
GCA_016932755.1	2	Nanobdellota	Nanobdellia	Woesearchaeales	JAGWAF01	JAFGCE01	89.53	0.51	927099	1065
GCA_016203335.1	2	Nanobdellota	Nanobdellia	Woesearchaeales	JACQNA01	JACQNA01	77.84	0.01	823675	978
GCF_000194625.1	2	Halobacteriota	Archaeoglobi	Archaeoglobales	Archaeoglobaceae	Archaeoglobus_C	99.99	0.11	1901943	2153
GCA_019323525.1	2	Nanobdellota	Nanobdellia	Woesearchaeales	JAHWHD01	JAHWHD01	89.01	2.48	1143562	1330
GCA_013331945.1	2	Nanobdellota	Nanobdellia	Pacearchaeales	UBA12030	UBA12030	81.61	0.26	922089	1171
GCA_030019335.1	2	Thermoproteota	Bathyarchaeia	Bathyarchaeales	Bathycorpusculaceae	JASEET01	100.0	0.7	1637887	2103
GCA_030756715.1	2	Thermoproteota	Nitrososphaeria	Conexivisphaerales	UBA164	UBA164	91.4	1.2	1263322	1380
GCA_020355125.1	2	Thermoproteota	Bathyarchaeia	RBG-16-48-13	GCA-020355125	GCA-020355125	86.66	3.01	1976256	1980
GCA_020723935.1	2	SpSt-1190	SpSt-1190	DYHY01	DYHY01	DYHY01	91.09	1.19	1138792	1337
GCA_036446855.1	2	Hydrothermarchaeota	Hydrothermarchaeia	Hydrothermarchaeales	Hydrothermarchaeaceae	JAHJSX01	82.39	1.88	1305832	1664
GCA_018396915.1	2	Thermoproteota	Bathyarchaeia	40CM-2-53-6	RBG-13-38-9	DTMT01	96.26	0.96	1630699	1828
GCA_902158745.1	2	Halobacteriota	Methanoliparia	Methanoliparales	Methanoliparaceae	Methanolliviera	91.28	2.58	1753872	2153
GCA_016933055.1	2	Asgardarchaeota	Lokiarchaeia	Sigynarchaeales	MK-D1	AMARA-1	91.19	3.29	3760042	3376
GCF_023169545.1	2	Nanobdellota	Nanobdellia	Nanobdellales	Nanobdellaceae	Nanobdella	94.84	0.75	668961	725
GCA_902384455.1	2	Altiarchaeota	Altiarchaeia	IMC4	SCGC-AAA252-I15	CABMCB01	91.88	0.9	2411449	2841
GCA_018303805.1	2	Nanobdellota	Nanobdellia	Pacearchaeales	DTIR01	JAGVXL01	77.39	0.44	575132	690
GCA_037442905.1	2	Undinarchaeota	Undinarchaeia	Undinarchaeales	Naiadarchaeaceae	Naiadarchaeum	78.57	0.11	783024	1008
GCA_016294985.1	2	Asgardarchaeota	Sifarchaeia	Borrarchaeales	Borrarchaeaceae	Borrarchaeum	69.27	2.25	1810839	1843
GCA_001871495.1	2	Micrarchaeota	Micrarchaeia	Norongarragalinales	UBA8480	UBA8480	91.15	0.67	1132943	1345
GCA_028703755.1	2	Thermoplasmatota	Thermoplasmata	SG8-5	SG8-5	UBA147	89.01	0.19	1633350	1586
GCA_002495885.1	2	Halobacteriota	UBA148	UBA148	UBA148	UBA148	95.85	0.32	1648397	1862
GCA_026985775.1	2	Aenigmatarchaeota	Aenigmatarchaeia	Aenigmatarchaeales	SZUA-1535	SZUA-1535	81.07	0.33	629081	856
GCA_011055275.1	2	Thermoproteota	Thermoprotei_A	Marsarchaeales	UBA168	UBA168	77.94	0.03	805778	981
GCA_038046645.1	2	Iainarchaeota	Iainarchaeia	Iainarchaeales	0-14-0-20-34-12	0-14-0-20-34-12	89.2	0.43	1169422	1232
GCA_038858525.1	2	Asgardarchaeota	Jordiarchaeia	Jordiarchaeales	Freyrarchaeaceae	DTBI01	92.7	2.81	2092542	2203
GCA_016194335.1	2	Micrarchaeota	Micrarchaeia	Norongarragalinales	UBA97	JACQBR01	85.4	0.16	1179936	1241
GCF_000195915.1	2	Thermoplasmatota	Thermoplasmata	Thermoplasmatales	Thermoplasmataceae	Thermoplasma	99.94	0.52	1564906	1570
GCA_020854825.1	2	Micrarchaeota	Micrarchaeia	Anstonellales	JAHKLY01	JAHKLY01	97.64	0.36	828311	835
GCA_016699555.1	2	Iainarchaeota	Iainarchaeia	Iainarchaeales	VGJJ01	VGJJ01	94.35	0.49	1048949	1104
GCA_021158895.1	2	Asgardarchaeota	Baldrarchaeia	Baldrarchaeales	DXJG01	DXJG01	84.84	1.81	1248337	1322
GCA_020697715.1	2	Thermoplasmatota	Thermoplasmata	SG8-5	JAGLSY01	JAGLSY01	93.81	0.56	2120904	1752
GCA_029887785.1	2	Thermoproteota	Methanomethylicia	Nezhaarchaeales	WYZ-LMO8	WYZ-LMO8	95.01	1.75	1492324	1600
GCA_002713325.1	2	Thermoproteota	Nitrososphaeria	Nitrososphaerales	UBA213	UBA213	84.29	4.92	1459682	1592
GCA_018302805.1	2	Nanobdellota	Nanobdellia	SCGC-AAA011-G17	JAGVZF01	JAGVZF01	89.53	1.57	1033607	1226
GCF_023016325.1	2	Halobacteriota	Methanonatronarchaeia	Methanonatronarchaeales	Methanonatronarchaeaceae	Methanonatronarchaeum	100.0	0.17	1398990	1432
GCA_026016205.1	2	Halobacteriota	UBA148	UBA148	JAUWXC01	JAUWXC01	86.81	0.01	987146	1167
GCF_000014945.1	2	Halobacteriota	Methanosarcinia	Methanotrichales	Methanotrichaceae	Methanothrix_B	99.95	0.09	1879471	1810
GCA_029259545.1	2	Halobacteriota	Syntropharchaeia	Alkanophagales	B39-G2	Alkanophaga	88.31	0.64	1850367	1954
GCA_015523685.1	2	Halobacteriota	Archaeoglobi	Archaeoglobales	JdFR-42	WAJW01	95.11	0.91	1752145	2070
GCA_029259185.1	2	Hadarchaeota	Hadarchaeia	Hadarchaeales	WYZ-LMO6	JAPDJF01	94.94	0.96	1267874	1428
GCA_011052825.1	2	Thermoplasmatota	E2	UBA202	JdFR-43	DRIF01	97.19	2.55	1986457	2029
GCA_026414225.1	2	Thermoplasmatota	Thermoplasmata	UBA184	SKW197	SKW197	93.59	0.05	1896983	1609
GCF_000769655.1	2	Methanobacteriota_B	Thermococci	Thermococcales	Thermococcaceae	Thermococcus	99.99	0.41	2126164	2280
GCA_002254745.1	2	Thermoproteota	Thermoprotei_A	EX4484-217-1	EX4484-217-1	EX4484-217-1	67.55	1.95	807477	1055
GCA_029882535.1	2	Thermoproteota	Bathyarchaeia	Bathyarchaeales	SOJC01	JAGLZW01	97.48	2.87	1728879	1955
GCA_038870935.1	2	Micrarchaeota	Micrarchaeia	Anstonellales	SKW190	SKW190	75.93	2.89	1138294	1278
GCA_020833005.1	2	Thermoproteota	Methanomethylicia	Culexarchaeales	Culexarchaeaceae	Culexarchaeum	95.41	1.89	2231945	2430
GCF_002201895.1	2	Methanobacteriota	Methanopyri	Methanopyrales	Methanopyraceae	Methanopyrus	99.97	0.15	1421621	1545
GCA_038850735.1	2	Thermoplasmatota	Thermoplasmata	Methanomassiliicoccales	JACIVX01	JACIVX01	97.98	0.45	1661663	1623
GCA_015522845.1	2	B1Sed10-29	B1Sed10-29	WALL01	WALL01	WALL01	89.67	0.71	749914	931
GCA_003551125.1	2	B1Sed10-29	B1Sed10-29	B1Sed10-29	B1Sed10-29	B1Sed10-29	72.85	0.47	402733	511
GCA_040776945.1	2	Thermoplasmatota	Thermoplasmata	Methanomassiliicoccales	Methanomassiliicoccaceae	UBA6	99.84	2.67	2166111	2150
GCA_003561665.1	2	Thermoplasmatota	SW-10-69-26	SW-10-69-26	SW-10-69-26	PWVY01	75.3	2.59	2049369	2347
GCA_021163805.1	2	Aenigmatarchaeota	Aenigmatarchaeia	QMZS01	QMZS01	QMZS01	89.66	0.01	690965	747
GCA_938034445.1	2	Thermoproteota	Nitrososphaeria	JACIWG01	JACIWG01	JACIWG01	95.21	3.72	1795344	1993
GCF_000300255.2	2	Thermoplasmatota	Thermoplasmata	Methanomassiliicoccales	Methanomethylophilaceae	Methanomethylophilus	99.96	0.2	1666795	1636
GCA_019322485.1	2	Nanobdellota	Nanobdellia	Woesearchaeales	JAHWIC01	JAHWIC01	89.08	0.96	1452491	1498
GCA_030602675.1	2	Asgardarchaeota	Heimdallarchaeia	JABLTI01	JABLTI01	JABLTI01	84.53	3.5	2990677	3129
GCA_038890875.1	2	Nanobdellota	Nanobdellia	Pacearchaeales	JAPDKA01	JAWAFA01	90.66	0.78	611820	652
GCA_002010065.2	2	Hydrothermarchaeota	Hydrothermarchaeia	Hydrothermarchaeales	BMS3B	Pyrohabitans	99.95	1.84	1993079	2246
GCA_016207465.1	2	Halobacteriota	Syntropharchaeia	JACQPP01	JACQPP01	JACQPP01	73.69	0.05	1501356	1711
GCA_026016245.1	2	Nanobdellota	Nanobdellia	Pacearchaeales	UBA284	DAOWHW01	91.77	1.46	710724	821
GCA_016882195.1	2	Thermoproteota	Methanomethylicia	Methanomethylicales	Methanomethylicaceae	VGLU01	97.43	0.59	1451440	1685
GCF_000243455.1	2	Methanobacteriota	Methanococci	Methanococcales	Methanococcaceae	Methanotorris	99.96	0.04	1818783	2045
GCA_002687795.1	2	Nanobdellota	Nanobdellia	Woesearchaeales	GCA-2687795	GCA-2687795	75.83	0.57	925456	1007
GCA_011620765.1	2	Thermoplasmatota	UBA186	UBA287	UBA287	UBA287	87.4	0.14	1290167	1383
GCA_001856825.1	2	Thermoplasmatota	Thermoplasmata	Thermoplasmatales	GCA-001856825	GCA-001856825	93.23	0.51	1687956	1754
GCA_018302125.1	2	Nanobdellota	Nanobdellia	SCGC-AAA011-G17	JACPIM01	JAGWAC01	96.88	0.47	829000	1024
GCF_001870125.1	2	Thermoproteota	Nitrososphaeria	Nitrososphaerales	Nitrososphaeraceae	Nitrosocosmicus	99.89	0.52	2989777	3206
GCA_003649665.1	2	Thermoproteota	Thermoprotei	QMSL01	B3-G16	B3-G16	85.78	0.17	1395093	1602
GCA_027038505.1	2	EX4484-52	EX4484-52	EX4484-52	WAPT01	WAPT01	94.13	0.0	880593	926
GCF_009617975.1	2	Nanohalarchaeota	Nanosalinia	Nanosalinales	Nanosalinaceae	Nanohalobium	99.93	0.64	973463	1192
GCA_030754655.1	2	Thermoplasmatota	Poseidoniia	MGIII	CG-Epi1	UBA8886	94.38	0.87	1207938	1178
GCA_021159465.1	2	Halobacteriota	Syntropharchaeia	Alkanophagales	Methanospirareceae	G60ANME1	96.68	0.0	1892573	2214
GCA_004193545.1	2	Halobacteriota	Methanosarcinia	Methanosarcinales	EX4572-44	Ethanoperedens	82.16	0.15	1990850	2067
GCA_022729335.1	2	Nanohalarchaeota	Nanosalinia	Nanosalinales	Nanoanaerosalinaceae	Nanoanaerosalina	91.69	0.0	840242	948
GCA_023474775.1	2	Micrarchaeota	Micrarchaeia	Norongarragalinales	DTNV01	DTNV01	61.38	0.28	432513	546
GCF_037081775.1	2	Halobacteriota	Halobacteria	Halobacteriales	QDMS2	QDMS2	99.95	0.84	3230757	3399
GCA_038869655.1	2	Thermoproteota	Bathyarchaeia	40CM-2-53-6	JAVZFM01	JAVZFM01	63.04	1.39	993442	1211
GCA_021813385.1	2	Micrarchaeota	Micrarchaeia	JAKAKT01	JAKAKT01	JAKAKT01	93.19	3.71	1775770	1924
GCA_016211215.1	2	Nanobdellota	Nanobdellia	Woesearchaeales	JACQSR01	JACQSR01	84.27	0.49	1062683	1206
GCF_026684035.1	2	Halobacteriota	Methanomicrobia	Methanomicrobiales	Methanomicrobiaceae	Methanogenium	99.88	1.61	2648164	2572
GCA_027058345.1	2	Hydrothermarchaeota	Hydrothermarchaeia	JALTZZ01	JALUTC01	JALUTC01	81.54	0.36	967214	1306
GCA_016207475.1	2	Hydrothermarchaeota	Hydrothermarchaeia	Hydrothermarchaeales	JACQPM01	JACQPM01	57.93	1.33	1036350	1294
GCA_902384935.1	2	Micrarchaeota	Micrarchaeia	Norongarragalinales	Norongarragalinaceae	Norongarragalina	90.3	0.43	926732	1030
GCA_013202955.1	2	Nanobdellota	Nanobdellia	Woesearchaeales	JABMPP01	JABMPP01	87.09	3.19	1204865	1388
GCA_036626315.1	2	Halobacteriota	Halobacteria	Halobacteriales	PXRE01	JAZKSB01	66.46	0.34	1873218	2018
GCA_019323495.1	2	Nanobdellota	Nanobdellia	Woesearchaeales	WJKV01	WJKV01	94.3	0.68	987523	1085
GCA_025058425.1	2	Thermoproteota	Nitrososphaeria	Nitrososphaerales	JANXEG01	JANXEG01	95.31	1.37	1278736	1360
GCA_005954745.1	2	Halobacteriota	Halobacteria	Halobacteriales	QS-9-68-17	Halostella	99.82	0.43	3942449	3970
GCA_026993785.1	2	Thermoplasmatota	Thermoplasmata	Aciduliprofundales	Aciduliprofundaceae	S014-41	99.84	0.98	1664962	1730
GCA_030646255.1	2	Micrarchaeota	Micrarchaeia	Burarchaeales	Burarchaeaceae	Burarchaeum	83.95	1.54	1214477	1335
GCA_021817565.1	2	Micrarchaeota	Micrarchaeia	Micrarchaeales	Micrarchaeaceae	JAJYXL01	97.09	0.01	775297	825
GCA_016195275.1	2	Aenigmatarchaeota	Aenigmatarchaeia	JACPZZ01	JACPZZ01	JACPZZ01	83.25	0.25	1068405	1306
GCA_041601615.1	2	Thermoplasmatota	E2	JACPAO01	JAHFTW01	JANQNI01	93.04	0.28	2786698	2797
GCA_016214075.1	2	Nanobdellota	Nanobdellia	Woesearchaeales	DSVV01	JACRPI01	98.14	1.07	1623296	1791
GCA_029856685.1	2	Asgardarchaeota	Njordarchaeia	Njordarchaeales	Panguiarchaeaceae	Panguiarchaeum	78.73	1.86	1928426	1971
GCA_007123105.1	2	Halobacteriota	Halobacteria	Halobacteriales	SKNY01	SKNY01	66.97	0.29	1877821	2030
GCA_022615805.1	2	Thermoplasmatota	JAKEGO01	JAKEGO01	JAKEGO01	JAKEGO01	73.91	0.0	1638891	1436
GCA_016219485.1	2	Aenigmatarchaeota	Aenigmatarchaeia	GW2011-AR5	JACRMX01	JACRMX01	75.4	0.88	650667	764
GCA_018658955.1	2	Nanobdellota	Nanobdellia	SCGC-AAA011-G17	UBA489	JABIKK01	95.0	0.26	625223	771
GCA_041499475.1	2	Thermoplasmatota	DTKX01	DTKX01	DATEUP01	DATEUP01	85.5	3.08	2889831	2519
GCF_013415885.1	2	Halobacteriota	Halobacteria	Halobacteriales	Haloarculaceae	Halosimplex	100.0	1.08	4480147	4418
GCA_034667685.1	2	Thermoplasmatota	SW-10-69-26	JACQPN01	JAJPHT01	JAJPHT01	99.0	1.29	3481428	3759
GCA_016929855.1	2	Nanobdellota	Nanobdellia	Woesearchaeales	JAHJEM01	JAFGHY01	80.29	0.38	909952	1030
GCF_000196895.1	2	Halobacteriota	Halobacteria	Halobacteriales	Halalkalicoccaceae	Halalkalicoccus	98.58	0.2	3698650	3930
GCA_018260615.1	2	Altiarchaeota	Altiarchaeia	Altiarchaeales	Altiarchaeaceae	Altiarchaeum	87.48	2.5	2227023	2178
GCA_018220935.1	2	SpSt-1190	SpSt-1190	SpSt-1190	SpSt-1190	JAAOXX01	87.86	0.08	850445	986
GCA_036395115.1	2	Thermoplasmatota	Thermoplasmata	RBG-16-68-12	RBG-16-68-12	RBG-16-68-12	98.45	2.89	2404193	2481
GCA_001871475.1	2	Micrarchaeota	Micrarchaeia	Anstonellales	CG1-02-47-40	CG1-02-47-40	93.22	0.59	1154623	1200
GCA_037917635.1	2	Korarchaeota	Korarchaeia	Korarchaeales	QMVU01	QMVU01	75.3	3.18	1204201	1489
GCA_016926055.1	2	Nanobdellota	Nanobdellia	Woesearchaeales	JAADFO01	JAFGPE01	85.96	1.2	1620839	1830
GCA_041651575.1	2	Nanobdellota	Nanobdellia	SCGC-AAA011-G17	JAFCDX01	JAQUOT01	93.46	0.23	777133	903
GCA_020833255.1	2	Thermoproteota	Thermoprotei_A	Sulfolobales	NBVN01	Zestosphaera	99.11	0.58	1330465	1457
GCA_016219795.1	2	Nanobdellota	Nanobdellia	Woesearchaeales	JACRKL01	JACRKK01	73.78	0.06	1051393	1189
GCA_018396725.1	2	Thermoproteota	Bathyarchaeia	40CM-2-53-6	DTGE01	DTGE01	98.87	4.07	1753657	1822
GCA_027858315.1	2	Nanobdellota	Nanobdellia	Woesearchaeales	UBA583	UBA583	95.19	4.2	1770664	2147
GCA_038870975.1	2	Thermoproteota	Bathyarchaeia	B24	B24	DTBU01	92.86	2.33	1847960	1900
GCA_036003985.1	2	Thermoplasmatota	SW-10-69-26	JACQPN01	JAIVGT01	JAIVGT01	85.22	1.59	2852797	3163
GCA_937898665.1	2	Thermoproteota	Bathyarchaeia	TCS64	B23	B23	94.88	4.22	1832919	2305
GCA_028279705.1	2	Aenigmatarchaeota	Aenigmatarchaeia	QMZP01	JAFGSV01	JAFGFG01	91.82	0.35	1895518	2080
GCA_041641305.1	2	Thermoproteota	Nitrososphaeria_A	Caldarchaeales	Caldarchaeaceae	Caldarchaeum	99.29	0.17	1655862	1819
GCA_024276825.1	2	Asgardarchaeota	Thorarchaeia	Thorarchaeales	Thorarchaeaceae	JAJRWI01	98.3	1.82	2935212	2808
GCA_038890745.1	2	Micrarchaeota	Micrarchaeia	Anstonellales	J096	JAWAFD01	93.83	0.12	989524	1011
GCF_001017125.1	2	Halobacteriota	Methanomicrobia	Methanomicrobiales	Methanoculleaceae	Methanoculleus	99.97	0.33	2489717	2474
GCA_021791655.1	2	Nanobdellota	Nanobdellia	Parvarchaeales	Parvarchaeaceae	JAJYWD01	98.74	1.17	831740	936
GCA_005878375.1	2	Thermoplasmatota	Thermoplasmata	RBG-16-68-12	EA-27	EA-27	84.56	0.23	1668955	1899
GCA_002255025.1	2	Thermoproteota	Bathyarchaeia	EX4484-135	EX4484-135	EX4484-135	75.76	0.39	976871	1164
GCA_003194445.1	2	Halobacteriota	Methanosarcinia	Methanosarcinales	Methanogasteraceae	Methanogaster_A	91.71	2.58	3609340	3903
GCA_016198635.1	2	Aenigmatarchaeota	Aenigmatarchaeia	PWEA01	JACQIF01	JACQIF01	73.58	0.28	540470	700
GCA_020430425.1	2	Nanobdellota	Nanobdellia	Woesearchaeales	SKGA01	SKGA01	99.14	0.09	1030004	1257
GCA_018813975.1	2	Iainarchaeota	Iainarchaeia	Iainarchaeales	JAGVWC01	JAHJAQ01	83.68	1.13	1065161	1234
GCA_015660865.1	2	Halobacteriota	Methanomicrobia	Methanomicrobiales	JACTUA01	JACTUA01	98.98	0.11	1935927	1930
GCA_903916665.1	2	Iainarchaeota	Iainarchaeia	0-14-0-20-30-16	0-14-0-20-30-16	0-14-0-20-30-16	83.1	1.46	974572	1071
GCA_903851445.1	2	Micrarchaeota	Micrarchaeia	Norongarragalinales	CAINOH01	CAINOH01	81.26	0.88	1094458	1165
GCA_004377185.1	2	Thermoplasmatota	Thermoplasmata	RBG-16-68-12	SOIM01	SOIM01	93.65	2.19	2641216	2426
GCA_038740145.1	2	Micrarchaeota	Micrarchaeia	Norongarragalinales	CAITNU01	CAITNU01	80.02	0.18	755972	889
GCA_019429125.1	2	EX4484-52	EX4484-52	EX4484-52	GLR71	GLR71	93.48	1.02	1158795	1180
GCA_018396775.1	2	Thermoproteota	Bathyarchaeia	40CM-2-53-6	DTDX01	DTDX01	98.49	0.51	1330871	1439
GCA_030602965.1	2	Thermoproteota	Bathyarchaeia	RBG-16-48-13	JAGMEO01	JAGMEO01	73.5	0.14	1443948	1801
GCA_015523545.1	2	Thermoproteota	Nitrososphaeria	Geothermarchaeales	JDFR-13	SZUA-1514	89.95	0.2	1154427	1218
GCA_021129915.1	2	Halobacteriota	UBA148	UBA148	JAJOKI01	JAJOKI01	76.99	0.03	730501	927
GCF_026242195.1	2	Halobacteriota	Halobacteria	Halorutilales	Halorutilaceae	Halorutilus	92.77	0.0	2103777	2333
GCA_018829845.1	2	Nanobdellota	Nanobdellia	Pacearchaeales	JAHJTO01	JAHJTO01	87.13	3.08	847868	968
GCA_019057635.1	2	Asgardarchaeota	Heimdallarchaeia	Hodarchaeales	Hodarchaeaceae	Hodarchaeum	91.63	3.24	3186536	3163
GCA_016188965.1	2	Micrarchaeota	Micrarchaeia	Norongarragalinales	JACPGT01	JACPGT01	89.15	0.24	1369038	1449
GCA_017885655.1	2	Thermoplasmatota	Thermoplasmata	RBG-16-68-12	JAFNFQ01	JAFNFQ01	94.2	2.99	2535897	2397
GCA_021324115.1	2	Thermoproteota	Nitrososphaeria	Conexivisphaerales	DTJL01	JAJPJS01	95.14	1.77	2138822	2278
GCA_038729465.1	2	Thermoplasmatota	Thermoplasmata	Aciduliprofundales	ARK-15	JAVRLB01	96.79	0.02	1339758	1350
GCA_032249315.1	2	Thermoproteota	Thermoprotei	Gearchaeales	Gearchaeaceae	SCGC-AAA471-B05	91.13	0.5	1437108	1633
GCA_021162425.1	2	Aenigmatarchaeota	Aenigmatarchaeia	QMZP01	QMZT01	JAGGYQ01	92.6	0.18	954499	1076
GCA_017609245.1	2	Nanobdellota	Nanobdellia	Woesearchaeales	JAFCFN01	JAFCFN01	91.8	0.26	663334	837
GCA_003022865.1	2	Halobacteriota	Halobacteria	Halobacteriales	SW-7-71-33	SW-7-71-33	63.23	0.0	1774465	1745
GCF_000017625.1	2	Halobacteriota	Methanomicrobia	Methanomicrobiales	Methanospirillaceae	Methanoregula	99.98	0.27	2542943	2527
GCA_024277355.1	2	Iainarchaeota	Iainarchaeia	Iainarchaeales	1-14-0-10-31-34	1-14-0-10-31-34	96.1	0.67	1127930	1271
GCA_029775855.1	2	Thermoproteota	Nitrososphaeria	Nitrososphaerales	JAAOZN01	JAAOZN01	98.44	2.08	1507471	1594
GCA_021157845.1	2	Aenigmatarchaeota	Aenigmatarchaeia	GW2011-AR5	JAGGXF01	JAGGVU01	90.88	0.34	718316	799
GCA_013152905.1	2	Aenigmatarchaeota	Aenigmatarchaeia	Aenigmatarchaeales	JAADFI01	JAADFI01	85.21	0.49	547088	690
GCA_018302185.1	2	Nanobdellota	Nanobdellia	Woesearchaeales	UBA10200	UBA10200	76.18	1.94	1489035	1560
GCA_016180195.1	2	Nanobdellota	Nanobdellia	Woesearchaeales	UBA10216	JACPBS01	97.49	0.18	1230367	1339
GCA_029932835.1	2	Altiarchaeota	Altiarchaeia	JAFGQM01	JAFGQM01	JAOZPI01	79.06	0.36	785826	928
GCA_938083505.1	2	Thermoproteota	Nitrososphaeria_A	Caldarchaeales	Wolframiiraptoraceae	Terraquivivens	98.49	0.15	1153999	1302
GCA_016202865.1	2	Aenigmatarchaeota	Aenigmatarchaeia	QMZP01	JACQNV01	JACQNV01	71.69	0.16	751345	914
GCA_024275655.1	2	B1Sed10-29	B1Sed10-29	WALL01	WAMD01	JAJRYR01	87.86	0.92	710335	879
GCA_018992565.1	2	Methanobacteriota_B	Thermococci	Methanofastidiosales	SZ-28-30	SZ-28-30	88.39	1.63	2803216	2814
GCA_035529155.1	2	Thermoplasmatota	Thermoplasmata	Methanomassiliicoccales	JAAEEP01	JAAEEP01	94.73	2.58	1785141	1961
GCA_025054855.1	2	Thermoproteota	Nitrososphaeria	Nitrososphaerales	Nitrosocaldaceae	Nitrosocaldus	98.9	0.1	1562840	1752
GCA_016206275.1	2	Thermoproteota	Nitrososphaeria	Nitrososphaerales	JACQRY01	JACQRY01	70.8	1.56	1390312	1749
GCF_000591035.1	2	Thermoproteota	Thermoprotei_A	Sulfolobales	Acidilobaceae	Aeropyrum	99.95	0.47	1595994	1634
GCA_041650395.1	2	Micrarchaeota	Micrarchaeia	Anstonellales	VGKX01	JAKALW01	92.09	0.75	1491055	1359
GCA_038046585.1	2	Iainarchaeota	Iainarchaeia	Iainarchaeales	JAAZKV01	JAAZKV01	89.89	0.74	1083416	1146
GCA_013360305.1	2	Micrarchaeota	Micrarchaeia	Norongarragalinales	UBA10210	JABWCK01	88.85	0.98	821122	998
GCA_038871515.1	2	Micrarchaeota	Micrarchaeia	Fermentimicrarchaeales	Fermentimicrarchaeaceae	JAVZHX01	98.23	0.47	1073107	1181
GCA_015520785.1	2	Nanobdellota	Nanobdellia	Woesearchaeales	WAPJ01	WAPJ01	77.46	0.46	691636	776
GCA_002923215.1	2	Hydrothermarchaeota	Hydrothermarchaeia	Hydrothermarchaeales	SZUA-236	SZUA-236	90.09	1.45	1628016	1986
GCA_030597775.1	2	Thermoplasmatota	DTKX01	DTKX01	GCA-020343715	GCA-020343715	70.76	2.67	2709199	2694
GCF_029872365.1	2	Halobacteriota	Halobacteria	Halobacteriales	Halobacteriaceae	Halobacterium	99.99	0.53	3081062	3242
GCA_035362715.1	2	Methanobacteriota_B	Thermococci	Methanofastidiosales	Methanofastidiosaceae	Methanofastidiosum	97.77	0.52	1797046	1998
GCA_002687825.1	2	Nanobdellota	Nanobdellia	SCGC-AAA011-G17	ARS1403	ARS1403	87.07	0.07	775340	1002
GCA_016935175.1	2	Nanobdellota	Nanobdellia	Woesearchaeales	SM23-78	SM23-78	93.57	0.21	1223909	1335
GCA_015522695.1	2	Thermoproteota	Nitrososphaeria	Conexivisphaerales	Conexivisphaeraceae	WALT01	95.5	1.13	1307807	1435
GCA_038736825.1	2	Iainarchaeota	Iainarchaeia	Iainarchaeales	DTGL01	JAPLVS01	95.38	0.35	1140213	1158
GCA_038852105.1	2	Thermoplasmatota	Thermoplasmata	UBA10834	DTMW01	JAOUEZ01	88.39	0.26	1530883	1485
GCA_021160765.1	2	Thermoplasmatota	EX4484-6	EX4484-6	EX4484-36	EX4484-36	80.39	1.1	1405402	1351
GCF_000446015.1	2	Thermoproteota	Thermoprotei	Thermofilales	Thermofilaceae	Thermofilum	99.96	0.27	1750259	1882
GCF_024372745.1	2	Halobacteriota	Methanomicrobia	Methanomicrobiales	Methanocorpusculaceae	Methanocalculus	99.86	0.17	2342634	2332
GCA_016180285.1	2	Nanobdellota	Nanobdellia	Woesearchaeales	JACPBO01	JACPBO01	96.41	0.0	1328539	1581
GCF_000015945.1	2	Thermoproteota	Thermoprotei_A	Sulfolobales	Desulfurococcaceae	Staphylothermus	99.99	0.25	1570485	1659
GCF_000258425.1	2	Thermoproteota	Thermoprotei_A	Sulfolobales	Fervidicoccaceae	Fervidicoccus	99.92	0.05	1319206	1354
GCA_016214785.1	2	Thermoplasmatota	Thermoplasmata	SG8-5	JACRNV01	JACRNV01	91.98	0.52	2177724	1863
GCA_016218635.1	2	Iainarchaeota	Iainarchaeia	Iainarchaeales	JAFGBZ01	JACRDJ01	75.91	0.0	913975	1172
GCA_019322475.1	2	Nanobdellota	Nanobdellia	Woesearchaeales	JACPBV01	JAHWHQ01	93.43	0.2	1336615	1442
GCA_018901755.1	2	Aenigmatarchaeota	Aenigmatarchaeia	Aenigmatarchaeales	Aenigmatarchaeaceae	JAHIDZ01	90.81	0.29	835007	1035
GCA_035288505.1	2	Nanobdellota	Nanobdellia	Woesearchaeales	JAGLXL01	DATDXM01	83.68	2.72	950921	1268
GCA_026134025.1	2	Halobacteriota	Syntropharchaeia	Syntropharchaeales	Syntropharchaeaceae	Syntropharchaeum	92.52	0.48	1758202	1880
GCA_903907555.1	2	Nanobdellota	Nanobdellia	Woesearchaeales	CAIVOO01	CAIVOO01	98.17	3.46	1175191	1379
GCA_003661385.1	2	Korarchaeota	Korarchaeia	B14-G2	B14-G2	B14-G2	91.12	1.89	1739738	2046
GCA_015523085.1	2	Aenigmatarchaeota	Aenigmatarchaeia	GW2011-AR5	WALA01	WALA01	80.78	1.16	431682	549
GCA_000246735.1	2	Thermoplasmatota	Poseidoniia	Poseidoniales	Poseidoniaceae	MGIIa-L1	96.12	0.3	2064136	1721
GCA_030595715.1	2	Thermoplasmatota	EX4484-6	EX4484-6	EX4484-6	EX4484-6	95.58	1.85	3065053	2497
GCA_018653365.1	2	Nanobdellota	Nanobdellia	Woesearchaeales	JABIAG01	JABIAG01	94.93	0.24	1091672	1196
GCA_025340205.1	2	Thermoproteota	Thermoprotei_A	Sulfolobales	Ignicoccaceae	Ignicoccus	99.9	0.28	1685057	1906
GCA_038881595.1	2	Micrarchaeota	Micrarchaeia	CABMEP01	CABMEP01	DTQF01	90.41	0.05	755614	741
GCA_007131205.1	2	Nanobdellota	Nanobdellia	Woesearchaeales	21-14-0-10-32-9	PWWA01	99.94	0.25	930305	1136
GCA_021809545.1	2	Thermoplasmatota	Thermoplasmata	UBA184	UBA184	JAJYEA01	98.98	0.03	1962349	1751
GCA_035363095.1	2	Nanobdellota	Nanobdellia	Woesearchaeales	UBA119	DAOSEK01	94.44	0.39	1301140	1127
GCA_027492035.1	2	Korarchaeota	JAOZGF01	JAOZGF01	JAOZFZ01	JAOZFT01	93.29	1.68	1868193	1890
GCA_016874675.1	2	Thermoplasmatota	DTKX01	VGTL01	VGTL01	VGTL01	94.06	0.9	3360796	2638
GCA_025058595.1	2	Thermoproteota	Bathyarchaeia	B24	DRYS01	DRYS01	91.57	2.02	1449623	1491
GCA_029785825.1	2	Thermoproteota	Nitrososphaeria	Nitrososphaerales	UBA183	UBA183	100.0	1.81	1967417	2176
GCF_023638055.1	2	Halobacteriota	Halobacteria	Halobacteriales	Natronoarchaeaceae	Natranaeroarchaeum	98.08	0.57	3289722	3398
GCA_035290025.1	2	Nanobdellota	Nanobdellia	SCGC-AAA011-G17	DATDVL01	DATDVL01	88.45	0.56	894055	1176
GCA_041658255.1	2	Nanobdellota	Nanobdellia	Woesearchaeales	UBA9642	UBA9642	99.57	1.74	1436307	1564
GCA_038850515.1	2	Thermoproteota	Bathyarchaeia	B24	JAGTQN01	JAGTQN01	80.72	3.09	1544542	1552
GCF_003201675.2	2	Thermoproteota	Thermoprotei_A	Sulfolobales	Sulfolobaceae	Metallosphaera	100.0	0.47	2544115	2723
GCF_016278385.1	2	Halobacteriota	Methanosarcinia	Methanosarcinales	Methanosarcinaceae	Methanolobus	100.0	0.91	2875616	2867
GCA_030745655.1	2	Thermoproteota	Nitrososphaeria	Nitrososphaerales	JACPRH01	JASMAB01	88.75	4.0	902772	995
GCA_021160955.1	2	Aenigmatarchaeota	Aenigmatarchaeia	PWEA01	JAGHBM01	JAGHBM01	86.03	0.1	608876	747
GCA_027061945.1	2	Asgardarchaeota	Heimdallarchaeia	Heimdallarchaeales	JAJRWK01	JAJRWK01	87.11	3.78	2945049	2877
GCA_030041355.1	2	Thermoproteota	Nitrososphaeria	Nitrososphaerales	CADDZS01	JASHOD01	88.47	3.77	2736650	3077
GCA_016198755.1	2	Aenigmatarchaeota	Aenigmatarchaeia	Aenigmatarchaeales	JACQIB01	JACQIB01	89.46	0.56	890842	977
GCA_017610005.1	2	Nanobdellota	Nanobdellia	Woesearchaeales	B29-G15	B29-G15	91.89	4.22	1575208	1682
GCA_020347705.1	2	Thermoplasmatota	Thermoplasmata	GCA-020350865	GCA-020350865	GCA-020348445	81.28	1.14	3217883	2712
GCA_001593925.1	2	Thermoproteota	Bathyarchaeia	Bathyarchaeales	B26-1	B26-1	84.82	0.58	1348101	1463
GCA_003555465.1	2	Aenigmatarchaeota	Aenigmatarchaeia	PWEA01	PWEA01	PWEA01	90.24	0.1	631996	761
GCA_021107635.1	2	B1Sed10-29	B1Sed10-29	WALL01	JAGHAM01	JAIOSL01	88.01	0.01	1198584	1311
GCA_002762865.1	2	Nanobdellota	Nanobdellia	Woesearchaeales	CG1-02-33-12	CG1-02-33-12	93.68	0.51	1052514	1227
GCA_038997165.1	2	Aenigmatarchaeota	Aenigmatarchaeia	CG10238-14	SpSt-28	JAHLMO01	94.51	2.62	651930	686
GCA_038891035.1	2	Micrarchaeota	Micrarchaeia	Anstonellales	Anstonellaceae	JAOAKI01	99.05	0.85	810053	868
GCA_015661395.1	2	Halobacteriota	Bog-38	Bog-38	Bog-38	Bog-38	88.06	0.22	2164979	2448
GCA_028275385.1	2	Thermoproteota	Bathyarchaeia	40CM-2-53-6	CALIRQ01	CALIRQ01	95.64	0.78	1156376	1305
GCA_021513695.1	2	Asgardarchaeota	Heimdallarchaeia	Heimdallarchaeales	Heimdallarchaeaceae	Heimdallarchaeum	93.14	2.53	3081793	2679
GCA_014237145.1	2	Halobacteriota	Methanosarcinia	Methanosarcinales	Methanocomedenaceae	Methanocomedens	99.95	1.92	2972237	3186
GCA_016839265.1	2	Asgardarchaeota	Odinarchaeia	Odinarchaeales	Odinarchaeaceae	Odinarchaeum	97.32	0.46	1350507	1412
GCA_028867025.1	2	Micrarchaeota	Micrarchaeia	Micrarchaeales	CABMGC01	JAJYVH01	96.4	1.94	814742	924
GCA_030550585.1	2	Thermoproteota	Thermoprotei_A	Sulfolobales	Ignisphaeraceae	Ignisphaera	99.92	1.95	1762720	1888
GCA_018302765.1	2	Nanobdellota	Nanobdellia	SCGC-AAA011-G17	GW2011-AR18	JACPCE01	100.0	1.15	1018737	1206
GCA_037441475.1	2	Iainarchaeota	Iainarchaeia	CSSED10-239	CSSED10-239	Forterrea	89.53	0.68	769121	824
GCA_024653905.1	2	Iainarchaeota	Iainarchaeia	Iainarchaeales	Iainarchaeaceae	UBA493	92.38	0.68	1150528	1333
GCA_002688355.1	2	Nanobdellota	Nanobdellia	SCGC-AAA011-G17	GW2011-AR20	GCA-2688355	97.22	3.03	962007	1206
GCA_019322435.1	2	Nanobdellota	Nanobdellia	Woesearchaeales	WJKL01	JAAOYC01	91.25	0.04	921096	1051
GCA_016871995.1	2	Thermoproteota	Nitrososphaeria	Nitrososphaerales	UBA57	VHBL01	96.03	0.98	1546437	1732
GCA_038894275.1	2	Nanobdellota	Nanobdellia	UBA10117	UBA10117	JAWAPU01	88.21	0.99	476131	587
GCA_038045085.1	2	Nanobdellota	Nanobdellia	Woesearchaeales	UBA10107	UBA10107	87.75	0.39	848852	1158
GCA_027011045.1	2	Iainarchaeota	Iainarchaeia	JAADDC01	JAADDC01	JALVAT01	92.43	0.23	743962	864
GCA_026397335.1	2	Aenigmatarchaeota	Aenigmatarchaeia	QMZP01	QMZP01	JAPLVB01	92.47	0.8	1046379	1219
GCA_014729935.1	2	Asgardarchaeota	Lokiarchaeia	Sigynarchaeales	Sigynarchaeaceae	WJJB01	78.24	4.17	4212914	4060
GCA_030651515.1	2	Iainarchaeota	Iainarchaeia	Iainarchaeales	GW2011-AR10	JACQJF01	73.38	0.86	770357	984
GCA_038874475.1	2	Thermoproteota	Nitrososphaeria_A	Caldarchaeales	JAVZCJ01	JAVZCJ01	97.5	3.1	1920888	2052
GCA_011605725.1	2	Thermoproteota	EX4484-205	EX4484-205	JAAOZP01	JAAOZP01	93.25	1.69	2227583	2262
GCA_026394965.1	2	Nanobdellota	Nanobdellia	Woesearchaeales	0-14-0-80-44-23	JAPLZQ01	98.62	0.68	1065014	1170
GCA_018692925.1	2	Nanobdellota	Nanobdellia	SCGC-AAA011-G17	GW2011-AR17	BS150m-G60	100.0	1.72	985214	1091
GCA_003555395.1	2	Thermoplasmatota	Thermoplasmata	Halarchaeoplasmatales	Halarchaeoplasmataceae	Natronoplasma	94.39	3.38	2025006	1958
GCA_002762985.1	2	Nanobdellota	Nanobdellia	Woesearchaeales	UBA12501	1-14-0-10-44-13	98.46	1.02	1515128	1567
GCA_018920315.1	2	Aenigmatarchaeota	Aenigmatarchaeia	GW2011-AR5	JAHLMP01	JAHLMP01	85.92	0.15	712991	721
GCA_001515205.2	2	Hadarchaeota	Hadarchaeia	Hadarchaeales	Hadarchaeaceae	Hadarchaeum	95.23	1.15	1231125	1350
GCA_000830295.1	2	Nanobdellota	Nanobdellia	Woesearchaeales	GW2011-AR15	GW2011-AR15	96.77	0.67	1157790	1309
GCA_030615175.1	2	Nanobdellota	Nanobdellia	WJKC01	WJKC01	JAFCFT01	86.86	0.48	1015312	1207
GCA_030608565.1	2	Thermoproteota	Bathyarchaeia	Bathyarchaeales	Bathyarchaeaceae	SOJZ01	98.53	1.4	1758308	1926
GCA_036733165.1	2	Methanobacteriota_B	Thermococci	Methanofastidiosales	NM3	JAFGGT01	96.04	0.16	1657498	1781
GCA_021161685.1	2	Thermoplasmatota	E2	DHVEG-1	B18-G2	JAGHAD01	87.86	0.1	1157357	1324
GCA_038897115.1	2	Thermoproteota	Thermoprotei_A	Sulfolobales	AG1	AG1	96.17	2.2	2436877	2558
GCF_002252755.1	2	Halobacteriota	Halobacteria	Halobacteriales	Haloferacaceae	Halorubrum	100.0	1.98	3811317	3738
GCA_018220985.1	2	Nanobdellota	Nanobdellia	PEZQ01	PEZQ01	JAAOXS01	83.57	0.18	661534	805
GCA_013331925.1	2	Iainarchaeota	Iainarchaeia	Iainarchaeales	UBA10191	UBA10191	81.39	0.08	796716	1061
GCA_003660925.1	2	Nanobdellota	Nanobdellia	B33-G15	B33-G15	B33-G15	88.5	0.79	671958	826
GCA_024277315.1	2	Thermoplasmatota	Thermoplasmata	WALJ01	WALJ01	WALJ01	82.87	1.48	1200523	1328
GCA_018657475.1	2	Nanobdellota	Nanobdellia	Woesearchaeales	GW2011-AR9	JABHXC01	100.0	0.42	1060276	1256
GCA_016211195.1	2	Nanobdellota	Nanobdellia	Woesearchaeales	JACQSS01	JACQSS01	90.66	1.02	1110837	1228
GCA_015520265.1	2	Thermoproteota	Thermoprotei_A	Sulfolobales	WAQK01	WAQK01	96.29	1.57	1730613	1931
GCA_038874595.1	2	Micrarchaeota	Micrarchaeia	CAILAH01	CAILAH01	CAILAH01	93.51	0.05	917795	916
GCA_014729995.1	2	Nanobdellota	Nanobdellia	Woesearchaeales	WJIZ01	WJIZ01	97.93	0.31	1329547	1458
GCA_009889585.1	2	Thermoproteota	Bathyarchaeia	Bathyarchaeales	WUQV01	WUQV01	90.34	3.49	1754230	2286
GCA_011523055.1	2	Thermoplasmatota	Poseidoniia	Poseidoniales	Thalassarchaeaceae	MGIIb-N1	94.85	0.23	1454331	1320
GCA_036504055.1	2	Thermoplasmatota	Thermoplasmata	Methanomassiliicoccales	UBA472	DASXVU01	99.92	1.55	2661922	2619
GCF_025641885.1	2	Thermoproteota	Thermoprotei	Thermoproteales	Thermoproteaceae	Pyrobaculum	99.99	0.04	2302599	2682
GCF_000739065.1	2	Methanobacteriota	Methanococci	Methanococcales	Methanocaldococcaceae	Methanocaldococcus	99.92	0.03	1607556	1676
GCA_016198685.1	2	Aenigmatarchaeota	Aenigmatarchaeia	GW2011-AR5	GW2011-AR5	JACQID01	93.69	0.77	934889	1104
GCA_027491935.1	2	Korarchaeota	Korarchaeia	Korarchaeales	JAOZGB01	JAOZGB01	66.69	0.04	455944	529
GCA_016184145.1	2	Nanobdellota	Nanobdellia	Woesearchaeales	GW2011-AR4	JACPDF01	96.84	0.91	1016230	1159
GCA_016181275.1	2	Nanobdellota	Nanobdellia	SCGC-AAA011-G17	GCA-2688095	JACOZQ01	92.76	0.55	942196	1196
GCA_028714375.1	2	Nanobdellota	Nanobdellia	SCGC-AAA011-G17	JACPNG01	JAQTMY01	94.65	0.45	761551	920
GCA_038046005.1	2	Nanobdellota	Nanobdellia	Pacearchaeales	GW2011-AR1	JBBSXB01	98.24	0.55	874611	1103
GCA_018302335.1	2	Nanobdellota	Nanobdellia	Woesearchaeales	JAGVZT01	JAGVZT01	93.13	1.55	1562474	1736
GCA_018894775.1	2	Nanobdellota	Nanobdellia	SCGC-AAA011-G17	VGLX01	JAHIPG01	89.18	4.39	1838947	2265
GCA_003649515.1	2	Thermoproteota	Thermoprotei	Thermofilales	B20-G17	B14-G17	68.24	1.8	1563003	1740
GCA_023252215.1	2	Altiarchaeota	Altiarchaeia	IMC4	QMZM01	CAIYYO01	92.88	0.32	1545546	1644
GCA_902384675.1	2	EX4484-52	EX4484-52	EX4484-52	LFW-46	LFW-46	89.45	2.05	1197762	1403
GCF_002487355.1	2	Halobacteriota	Methanosarcinia	Methanosarcinales	Methanoperedenaceae	Methanoperedens	99.99	2.33	3735583	4043
GCA_034723595.1	2	Nanobdellota	Nanobdellia	Woesearchaeales	JAGLGH01	JAGLGH01	89.05	1.41	1686285	1790
GCA_039793485.1	2	Thermoproteota	EX4484-205	EX4484-205	JAAOZO01	JAAOZO01	88.31	0.82	1602183	1597
GCA_016187415.1	2	Aenigmatarchaeota	Aenigmatarchaeia	CG10238-14	SCSR01	JACOWB01	93.9	0.7	735003	930
GCA_038736665.1	2	B1Sed10-29	B1Sed10-29	B1Sed10-29	JAJRYS01	JAVYMF01	87.43	0.38	552856	725
GCA_021161085.1	2	Thermoplasmatota	Thermoplasmata	JAGHBH01	JAGHBH01	JAGHBH01	57.61	0.04	1020513	988
GCA_021806165.1	2	Thermoplasmatota	Thermoplasmata	Sysuiplasmatales	Sysuiplasmataceae	JAJZXY01	95.92	1.06	1876710	1939
GCA_038825875.1	2	Nanobdellota	Nanobdellia	Woesearchaeales	JAWBMQ01	JAWBMQ01	99.27	0.33	746641	784
GCA_018920345.1	2	Aenigmatarchaeota	Aenigmatarchaeia	CG10238-14	CG10238-14	JAHLMN01	95.54	0.37	815730	925
GCA_029259155.1	2	Thermoproteota	Methanomethylicia	Nezhaarchaeales	B40-G2	B40-G2	94.02	2.6	1551053	1745
GCA_021159125.1	2	Thermoplasmatota	E2	UBA202	DSCA01	VBQP01	93.43	0.19	1287787	1424
GCA_007118075.1	2	Halobacteriota	Halobacteria	Halobacteriales	SKSH01	SKSH01	76.75	0.05	1830711	2073
GCA_026014875.1	2	Thermoproteota	Bathyarchaeia	TCS64	TCS64	GCA-2726865	96.0	3.89	2502386	2676
GCA_005884195.1	2	Thermoproteota	Bathyarchaeia	40CM-2-53-6	40CM-2-53-6	40CM-2-53-6	95.27	1.99	1924307	2178
GCF_002287175.1	2	Methanobacteriota	Methanobacteria	Methanobacteriales	Methanobacteriaceae	Methanobacterium_D	100.0	4.11	3466370	3334
GCA_003584625.1	2	Methanobacteriota	Methanobacteria	Methanobacteriales	DSM-23052	Methanothermobacter_A	99.96	0.0	1522738	1596
GCF_000019605.1	2	Korarchaeota	Korarchaeia	Korarchaeales	Korarchaeaceae	Korarchaeum	99.71	0.87	1590757	1683
GCA_025699025.1	2	Thermoproteota	Nitrososphaeria	Nitrososphaerales	Nitrosopumilaceae	Nitrosarchaeum_A	99.99	0.13	1705683	2041
GCA_030149205.1	2	Asgardarchaeota	Heimdallarchaeia	Heimdallarchaeales	Kariarchaeaceae	WAKA01	93.51	2.82	3308062	3020
GCA_018818785.1	2	Thermoplasmatota	Thermoplasmata	UBA10834	UBA10834	UBA9653	94.51	1.62	1970058	1873
GCF_001571385.1	2	Halobacteriota	Methanomicrobia	Methanomicrobiales	Methanofollaceae	Methanofollis	99.73	1.46	2713913	2661
GCA_028279755.1	2	Nanobdellota	Nanobdellia	Woesearchaeales	UBA525	UBA153	93.73	0.69	1488492	1501
GCA_041645325.1	2	Iainarchaeota	Iainarchaeia	Iainarchaeales	GCA-2688035	JAFCCL01	92.73	1.38	1080100	1256
GCA_030605245.1	2	Thermoplasmatota	JASEFT01	JASEFT01	JAUWIS01	JAUWIS01	68.36	0.04	1033300	1325
GCA_017609105.1	2	Nanobdellota	Nanobdellia	B33-G15	JAFCGN01	JAFCGN01	92.18	0.25	688123	799
GCA_023136265.1	2	Thermoplasmatota	Thermoplasmata	RBG-16-68-12	JAGMCJ01	JAGMCJ01	92.25	0.75	1799177	1753
GCA_021162485.1	2	Thermoplasmatota	E2	DHVEG-1	B8-G13	B8-G13	59.56	0.62	760973	837
GCA_038850285.1	2	Halobacteriota	JAWCLZ01	JAWCLZ01	JAWCLZ01	JAWCLZ01	93.28	1.5	1278146	1441
GCA_015520395.1	2	Thermoproteota	Thermoprotei	Gearchaeales	WAQG01	WAQG01	86.71	2.0	1542655	1798
GCA_034190145.1	2	Halobacteriota	Syntropharchaeia	DAOWMC01	DAOWMC01	JAXHTN01	90.32	0.97	2107914	2403
GCA_003661965.1	2	Thermoproteota	Bathyarchaeia	Hecatellales	Hecatellaceae	EX4484-218	90.37	2.48	1300992	1520
GCA_022729315.1	2	Nanohalarchaeota	Nanosalinia	Nanosalinales	Nanohalalkaliarchaeaceae	Nanohalalkaliarchaeum	75.84	0.03	1130266	1321
GCA_030594205.1	2	Thermoplasmatota	Thermoplasmata	RBG-16-68-12	JAJISG01	JAJISK01	94.05	1.4	1537581	1675
GCA_018819065.1	2	Nanobdellota	Nanobdellia	Woesearchaeales	GCA-2686295	GCA-2686295	95.53	0.89	1521731	1657
GCA_017610545.1	2	EX4484-52	EX4484-52	EX4484-52	B79-G9	JAFCBV01	82.65	0.84	953128	1149
GCA_018692915.1	2	Nanobdellota	Nanobdellia	UBA10117	JABICX01	JABICX01	77.14	0.62	608219	757
GCA_029941175.1	2	Halobacteriota	Halobacteria	Halobacteriales	UBA12382	UBA12382	78.15	1.02	930831	1073
GCA_024277205.1	2	Nanobdellota	Nanobdellia	CSSed11-243R1	CSSed11-243R1	WALP01	91.56	2.19	684139	827
GCA_021161785.1	2	Nanobdellota	Nanobdellia	Woesearchaeales	JAGGZC01	JAGGZX01	91.01	0.86	850443	883
GCA_023131705.1	2	Nanobdellota	Nanobdellia	Woesearchaeales	B3-WOES	JAGLZG01	78.83	0.09	1311207	1667
GCA_002010075.1	2	Halobacteriota	Methanosarcinia	Methanosarcinales_A	Methermicoccaceae	JdFR-19	89.75	0.54	1288683	1549
GCF_021023085.1	2	Halobacteriota	Methanocellia	Methanocellales	Methanocellaceae	Methanooceanicella	100.0	1.92	3193629	3093
GCA_029856055.1	2	Asgardarchaeota	Njordarchaeia	Njordarchaeales	Njordarchaeaceae	JAHQWF01	78.13	3.35	1550912	1659
GCF_001412615.1	2	Thermoproteota	Thermoprotei_A	Sulfolobales	Pyrodictiaceae	Pyrodictium	99.98	0.3	2023836	2107
GCA_938030905.1	2	Thermoproteota	Methanomethylicia	CALHIW01	CALHIW01	CALHIW01	62.11	0.33	986995	989
GCA_038128845.1	2	Nanobdellota	Nanobdellia	UBA10117	ARS21	ARS21	90.2	0.11	457113	566
GCA_016840405.1	2	Asgardarchaeota	Hermodarchaeia	Hermodarchaeales	Hermodarchaeaceae	Hermodarchaeum	85.94	4.41	2706031	2702
GCA_018302745.1	2	Nanobdellota	Nanobdellia	SCGC-AAA011-G17	JAGVZH01	JAGVZH01	88.2	1.41	701703	927
GCA_035531115.1	2	Asgardarchaeota	Lokiarchaeia	Helarchaeales	HEL-GB-A	DATKTP01	82.47	3.35	3665752	3770
GCA_002898395.1	2	Thermoproteota	Nitrososphaeria_A	Caldarchaeales	Calditenuaceae	HRBIN02	93.65	0.7	1733307	1977
GCA_018396635.1	2	Thermoproteota	Bathyarchaeia	Bathyarchaeales	DTEX01	DTEX01	99.03	3.29	1451033	1503
GCA_013151465.1	2	Aenigmatarchaeota	Aenigmatarchaeia	QMZP01	JAADIF01	JAADIF01	84.12	0.36	931966	1040
GCA_016784165.1	2	Nanobdellota	Nanobdellia	Woesearchaeales	BS150m-G63	BS150m-G63	85.57	0.25	865243	947
GCA_016203305.1	2	Nanobdellota	Nanobdellia	Woesearchaeales	ARS49	SURF-65	100.0	1.27	1132746	1340
GCA_027030065.1	2	Thermoproteota	Thermoprotei_A	Sulfolobales	WANQ01	JALWGO01	97.64	3.11	1859872	2164
GCF_023238205.1	2	Halobacteriota	Halobacteria	Halobacteriales	Haladaptataceae	Halorussus	99.99	4.55	4624940	4612
GCA_011045925.1	2	Nanobdellota	Nanobdellia	Woesearchaeales	JASKKU01	DSBS01	90.85	0.41	942398	1008
GCA_029856045.1	2	Asgardarchaeota	Lokiarchaeia	Sigynarchaeales	SOKP01	6H3-1	100.0	3.53	3342593	3115
GCF_000018305.1	2	Thermoproteota	Thermoprotei	Thermoproteales	Thermocladiaceae	Caldivirga	99.97	0.19	2077567	2077
GCF_000336935.1	2	Halobacteriota	Halobacteria	Halobacteriales	Halococcaceae	Halococcus	99.16	2.33	4199784	4323
GCA_018671245.1	2	Nanobdellota	Nanobdellia	SCGC-AAA011-G17	PNOQ01	JABHIB01	93.16	0.1	615516	741
GCA_003649235.1	2	Thermoproteota	Thermoprotei	Thermofilales	B69-G16	B69-G16	83.91	5.0	1812403	2262
GCA_015520525.1	2	Nanobdellota	Nanobdellia	Woesearchaeales	WAPY01	WAPY01	98.65	0.04	710763	810
GCA_017609605.1	2	Nanobdellota	Nanobdellia	JAAOXT01	JAAOXT01	JAAOXT01	87.84	0.21	800014	955
GCA_902385255.1	2	Nanobdellota	Nanobdellia	Tiddalikarchaeales	Tiddalikarchaeaceae	Tiddalikarchaeum	94.45	3.44	1159435	1330
GCA_002254415.1	3	EX4484-52	EX4484-52	EX4484-52	EX4484-52	EX4484-52	71.87	0.66	614182	651
GCA_039091255.1	3	Aenigmatarchaeota	Aenigmatarchaeia	GW2011-AR5	JACRAC01	JAWCMQ01	82.84	0.35	705755	799
GCA_035288785.1	3	Micrarchaeota	Micrarchaeia	Norongarragalinales	SBBD01	JACRGC01	90.74	0.77	1286006	1360
GCA_024256165.1	3	Thermoproteota	Nitrososphaeria	Nitrososphaerales	JACAEJ01	HK02M2	96.29	2.95	1339036	1495
GCA_028279685.1	3	Nanobdellota	Nanobdellia	Woesearchaeales	SKIA01	JANQNG01	91.9	4.49	1901670	2111
GCA_029907305.1	3	Thermoplasmatota	E2	DHVEG-1	DHVEG-1	JARYMC01	95.54	1.11	1412458	1464
GCA_002495465.1	3	Undinarchaeota	Undinarchaeia	Undinarchaeales	Undinarchaeaceae	Undinarchaeum	75.59	0.12	613502	714
GCA_026997215.1	3	EX4484-52	EX4484-52	EX4484-52	JAADEF01	JAADEF01	82.48	0.16	900585	1119
GCA_038884175.1	3	Thermoproteota	Thermoprotei_A	Marsarchaeales	Marsarchaeaceae	ECH-B-1	84.78	2.58	1942681	1976
GCA_023246885.1	3	Micrarchaeota	Micrarchaeia	Norongarragalinales	JAHFHC01	JAHFHC01	62.92	1.49	771436	942
GCF_023204835.1	3	Halobacteriota	Halobacteria	Halobacteriales	Salinarchaeaceae	Salinarchaeum	93.49	0.48	3169627	3038
GCA_016929255.1	3	Nanobdellota	Nanobdellia	Woesearchaeales	UBA11576	JABMQF01	93.11	0.35	1207989	1208
GCA_903828955.1	3	Micrarchaeota	Micrarchaeia	Anstonellales	Bilamarchaeaceae	CAIKOA01	95.55	1.01	1223890	1245
GCA_003660605.1	3	Methanobacteriota_B	Thermococci	Methanofastidiosales	B48-G16	B48-G16	89.92	1.49	1173946	1512
GCF_014889545.1	3	Methanobacteriota	Methanobacteria	Methanobacteriales	Methanothermobacteraceae	Methanothermobacter	99.84	0.02	1654216	1774
GCA_016212395.1	3	Micrarchaeota	Micrarchaeia	JACRGF01	JACRGF01	JACRGF01	89.31	0.02	1366221	1382
GCF_020405225.1	3	Halobacteriota	Halobacteria	Halobacteriales	Natrialbaceae	Natrinema	100.0	3.4	5097323	5362
GCA_018221135.1	3	Nanobdellota	Nanobdellia	Woesearchaeales	BM511	JAAOYB01	95.01	1.01	1046940	1148
GCA_016211165.1	3	Nanobdellota	Nanobdellia	Woesearchaeales	JAGWAF01	JACQSU01	88.29	0.26	976379	1101
GCF_000789255.1	3	Halobacteriota	Archaeoglobi	Archaeoglobales	Archaeoglobaceae	Geoglobus	99.99	0.05	1860815	2232
GCA_019323515.1	3	Nanobdellota	Nanobdellia	Woesearchaeales	JAHWHD01	JAHWHG01	76.21	2.02	1124000	1206
GCA_022572525.1	3	Nanobdellota	Nanobdellia	Pacearchaeales	UBA12030	JACZVS01	75.91	0.63	579481	729
GCA_041500425.1	3	Thermoproteota	Bathyarchaeia	Bathyarchaeales	Bathycorpusculaceae	JBGQME01	99.74	4.9	2005154	2178
GCA_029775955.1	3	Thermoproteota	Nitrososphaeria	Conexivisphaerales	UBA164	UBA164	85.06	3.08	1652941	1976
GCA_041480025.1	3	Thermoproteota	Bathyarchaeia	RBG-16-48-13	GCA-020355125	JBGOZA01	85.12	3.21	1408821	1637
GCA_036482035.1	3	Hydrothermarchaeota	Hydrothermarchaeia	Hydrothermarchaeales	Hydrothermarchaeaceae	JAHJSX01	78.94	0.49	886215	1149
GCA_026394315.1	3	Thermoproteota	Bathyarchaeia	40CM-2-53-6	RBG-13-38-9	JAPKYM01	90.65	1.51	1886145	2372
GCA_004212075.1	3	Halobacteriota	Methanoliparia	Methanoliparales	Methanoliparaceae	Methanoliparum	86.28	0.0	1257141	1365
GCA_030613185.1	3	Asgardarchaeota	Lokiarchaeia	Sigynarchaeales	MK-D1	Prometheoarchaeum	89.61	4.6	4346456	4377
GCA_000387965.1	3	Nanobdellota	Nanobdellia	Nanobdellales	Nanobdellaceae	Nanobdella	90.3	0.83	593789	651
GCA_014727915.1	3	Altiarchaeota	Altiarchaeia	IMC4	SCGC-AAA252-I15	WJMO01	90.63	1.21	1808974	1896
GCA_013425325.1	3	Micrarchaeota	Micrarchaeia	Norongarragalinales	UBA8480	UBA8480	88.55	0.73	863371	1014
GCA_938004075.1	3	Thermoplasmatota	Thermoplasmata	SG8-5	SG8-5	UBA147	87.08	0.5	2220976	2121
GCA_030019435.1	3	Halobacteriota	UBA148	UBA148	UBA148	JASEEV01	94.38	0.12	1422882	1837
GCA_015521535.1	3	Aenigmatarchaeota	Aenigmatarchaeia	Aenigmatarchaeales	SZUA-1535	SZUA-1535	69.98	0.16	421644	495
GCA_023256295.1	3	Thermoproteota	Thermoprotei_A	Marsarchaeales	UBA168	UBA168	69.28	0.96	750054	867
GCA_002779065.1	3	Iainarchaeota	Iainarchaeia	Iainarchaeales	0-14-0-20-34-12	0-14-0-20-34-12	74.89	0.05	940694	1071
GCA_019057675.1	3	Asgardarchaeota	Jordiarchaeia	Jordiarchaeales	Freyrarchaeaceae	DTBI01	83.86	2.41	1897842	1964
GCA_001871595.1	3	Micrarchaeota	Micrarchaeia	Norongarragalinales	UBA97	UBA97	82.12	0.27	1192847	1296
GCA_021810045.1	3	Thermoplasmatota	Thermoplasmata	Thermoplasmatales	Thermoplasmataceae	JAJZOM01	99.93	1.29	2258164	2497
GCA_016867455.1	3	Iainarchaeota	Iainarchaeia	Iainarchaeales	VGJJ01	VGJJ01	94.34	0.98	876058	952
GCA_030672365.1	3	Thermoplasmatota	Thermoplasmata	SG8-5	JAGLSY01	DAOVGM01	83.54	1.14	1263421	1236
GCA_038887515.1	3	Thermoproteota	Methanomethylicia	Nezhaarchaeales	WYZ-LMO8	WYZ-LMO8	93.99	1.36	1289632	1404
GCA_036443875.1	3	Thermoproteota	Nitrososphaeria	Nitrososphaerales	UBA213	UBA213	76.35	0.0	1265599	1632
GCA_016185565.1	3	Nanobdellota	Nanobdellia	SCGC-AAA011-G17	JAGVZF01	JACPNH01	84.13	2.34	801777	990
GCF_029854155.1	3	Halobacteriota	Methanonatronarchaeia	Methanonatronarchaeales	Methanonatronarchaeaceae	Methanonatronarchaeum	96.34	0.25	1555502	1543
GCA_030610945.1	3	Halobacteriota	UBA148	UBA148	JAUWXC01	JAUWXC01	82.04	0.02	992200	1200
GCA_002506535.1	3	Halobacteriota	Methanosarcinia	Methanotrichales	Methanotrichaceae	Methanocrinis	99.91	0.28	2342380	2292
GCA_938074535.1	3	Hadarchaeota	Hadarchaeia	Hadarchaeales	WYZ-LMO6	WYZ-LMO6	93.64	0.06	1206154	1357
GCA_021162815.1	3	Thermoplasmatota	E2	UBA202	JdFR-43	JAGGXW01	97.03	0.25	1209109	1340
GCA_038896575.1	3	Thermoplasmatota	Thermoplasmata	UBA184	SKW197	SKW197	80.99	0.31	1771892	1678
GCF_000966265.1	3	Methanobacteriota_B	Thermococci	Thermococcales	Thermococcaceae	Palaeococcus	99.99	0.42	2206431	2350
GCA_021158265.1	3	Thermoproteota	Thermoprotei_A	EX4484-217-1	EX4484-217-1	DRYM01	59.89	0.13	886618	1036
GCA_026014805.1	3	Thermoproteota	Bathyarchaeia	Bathyarchaeales	SOJC01	JAGLZW01	96.55	0.87	1787425	1972
GCA_038727515.1	3	Thermoproteota	Methanomethylicia	Culexarchaeales	Culexarchaeaceae	Culexarchaeum	93.62	2.87	1586055	1660
GCA_027064425.1	3	Methanobacteriota	Methanopyri	Methanopyrales	Methanopyraceae	Methanopyrus	99.17	0.78	1539955	1653
GCA_029907465.1	3	Thermoplasmatota	Thermoplasmata	Methanomassiliicoccales	JACIVX01	JACIVX01	96.19	0.83	1719550	1683
GCA_023129115.1	3	B1Sed10-29	B1Sed10-29	WALL01	WALL01	WALL01	88.63	0.22	1247405	1388
GCA_003553825.1	3	B1Sed10-29	B1Sed10-29	B1Sed10-29	B1Sed10-29	B1Sed10-29	67.81	0.19	473849	594
GCF_000404225.1	3	Thermoplasmatota	Thermoplasmata	Methanomassiliicoccales	Methanomassiliicoccaceae	Methanomassiliicoccus_A	99.74	0.38	1931651	1855
GCA_003663355.1	3	Aenigmatarchaeota	Aenigmatarchaeia	QMZS01	QMZS01	QMZS01	85.94	0.06	751672	926
GCA_014361085.1	3	Thermoproteota	Nitrososphaeria	JACIWG01	JACIWG01	JACIWG01	94.11	3.2	1824750	2195
GCF_000800805.1	3	Thermoplasmatota	Thermoplasmata	Methanomassiliicoccales	Methanomethylophilaceae	Methanoplasma	99.96	0.26	1488669	1419
GCA_030629105.1	3	Asgardarchaeota	Heimdallarchaeia	JABLTI01	JABLTI01	JABLTI01	83.32	3.72	2920336	2912
GCA_038817835.1	3	Nanobdellota	Nanobdellia	Pacearchaeales	JAPDKA01	JAWAZI01	86.57	1.61	572182	647
GCA_002897955.1	3	Hydrothermarchaeota	Hydrothermarchaeia	Hydrothermarchaeales	BMS3B	BMS3B	98.58	0.4	1738368	2081
GCA_038886195.1	3	Nanobdellota	Nanobdellia	Pacearchaeales	UBA284	JAVZYK01	91.6	0.55	645366	703
GCA_029887765.1	3	Thermoproteota	Methanomethylicia	Methanomethylicales	Methanomethylicaceae	JANXER01	96.9	0.59	1170055	1311
GCF_000214415.1	3	Methanobacteriota	Methanococci	Methanococcales	Methanococcaceae	Methanotorris	99.95	0.39	1854197	1822
GCA_002495235.1	3	Thermoplasmatota	UBA186	UBA287	UBA287	UBA287	63.85	0.99	1043911	1199
GCA_026127935.1	3	Thermoplasmatota	Thermoplasmata	Thermoplasmatales	GCA-001856825	GCA-001856825	92.28	0.33	1579020	1670
GCA_038046265.1	3	Nanobdellota	Nanobdellia	SCGC-AAA011-G17	JACPIM01	JAGWAC01	96.88	0.21	791382	985
GCF_000303155.1	3	Thermoproteota	Nitrososphaeria	Nitrososphaerales	Nitrososphaeraceae	Nitrososphaera	99.85	0.67	2833868	3768
GCA_021158375.1	3	Thermoproteota	Thermoprotei	QMSL01	B3-G16	B3-G16	69.5	0.68	1573113	1888
GCA_015520605.1	3	EX4484-52	EX4484-52	EX4484-52	WAPT01	WAPT01	90.73	0.0	863228	933
GCA_014297435.1	3	Nanohalarchaeota	Nanosalinia	Nanosalinales	Nanosalinaceae	PL-Br10-U2g16	99.0	1.05	998768	1197
GCA_963578705.1	3	Thermoplasmatota	Poseidoniia	MGIII	CG-Epi1	UBA8886	93.62	0.86	1192481	1206
GCA_011049045.1	3	Halobacteriota	Syntropharchaeia	Alkanophagales	Methanospirareceae	JACGMN01	96.03	0.31	2003787	2072
GCA_004212095.1	3	Halobacteriota	Methanosarcinia	Methanosarcinales	EX4572-44	Ethanoperedens	78.81	0.0	1458808	1594
GCA_022729255.1	3	Nanohalarchaeota	Nanosalinia	Nanosalinales	Nanoanaerosalinaceae	Nanoanaerosalina	91.38	0.06	948638	1024
GCF_037198285.1	3	Halobacteriota	Halobacteria	Halobacteriales	QDMS2	QDMS2	97.55	0.01	2782431	2971
GCA_026396425.1	3	Micrarchaeota	Micrarchaeia	JAKAKT01	JAKAKT01	JAPLWU01	87.38	0.56	1191208	1405
GCA_023255615.1	3	Nanobdellota	Nanobdellia	Woesearchaeales	JACQSR01	JACQSR01	84.17	1.74	1283234	1610
GCA_029762625.1	3	Halobacteriota	Methanomicrobia	Methanomicrobiales	Methanomicrobiaceae	DSDF01	99.81	0.64	2205140	2251
GCA_002499405.1	3	Micrarchaeota	Micrarchaeia	Norongarragalinales	Norongarragalinaceae	UBA95	86.09	0.07	764292	886
GCA_023133595.1	3	Nanobdellota	Nanobdellia	Woesearchaeales	WJKV01	JAGLWF01	91.66	1.41	1369550	1357
GCF_004785955.1	3	Halobacteriota	Halobacteria	Halobacteriales	QS-9-68-17	Halostella	99.64	0.84	3745232	3880
GCA_015520565.1	3	Thermoplasmatota	Thermoplasmata	Aciduliprofundales	Aciduliprofundaceae	Aciduliprofundum	99.55	3.95	1510055	1698
GCA_003660965.1	3	Micrarchaeota	Micrarchaeia	Burarchaeales	Burarchaeaceae	B9-G16	77.09	1.12	812789	990
GCA_009387755.1	3	Micrarchaeota	Micrarchaeia	Micrarchaeales	Micrarchaeaceae	Micrarchaeum	96.63	0.52	1010785	1086
GCA_016202795.1	3	Aenigmatarchaeota	Aenigmatarchaeia	JACPZZ01	JACPZZ01	JACPZZ01	83.12	4.12	868326	1024
GCA_023269235.1	3	Thermoplasmatota	E2	JACPAO01	JAHFTW01	JAHFTW01	92.63	0.34	1958830	2060
GCA_041671005.1	3	Nanobdellota	Nanobdellia	Woesearchaeales	DSVV01	JACRPI01	96.48	3.97	1364061	1567
GCA_030587585.2	3	Asgardarchaeota	Njordarchaeia	Njordarchaeales	Panguiarchaeaceae	Panguiarchaeum	75.98	3.02	1844189	2206
GCA_018655015.1	3	Nanobdellota	Nanobdellia	SCGC-AAA011-G17	UBA489	JABIKK01	92.47	0.62	700797	819
GCA_035283065.1	3	Thermoplasmatota	DTKX01	DTKX01	DATEUP01	DATEUP01	83.5	0.55	2756837	2674
GCF_019599465.1	3	Halobacteriota	Halobacteria	Halobacteriales	Haloarculaceae	Haloarcula	100.0	3.24	4667063	4818
GCA_035540375.1	3	Thermoplasmatota	SW-10-69-26	JACQPN01	JAJPHT01	DATLGO01	97.04	1.65	3131388	3002
GCA_020057445.1	3	Nanobdellota	Nanobdellia	Woesearchaeales	JAHJEM01	JAHJEM01	71.21	2.71	1556941	1816
GCF_037996645.1	3	Halobacteriota	Halobacteria	Halobacteriales	Halalkalicoccaceae	Halalkalicoccus	97.31	0.99	3596477	3745
GCA_018260755.1	3	Altiarchaeota	Altiarchaeia	Altiarchaeales	Altiarchaeaceae	Altiarchaeum	85.26	0.26	1319181	1280
GCA_030590165.1	3	SpSt-1190	SpSt-1190	SpSt-1190	SpSt-1190	JAUUZA01	87.64	0.41	724096	909
GCA_035636595.1	3	Thermoplasmatota	Thermoplasmata	RBG-16-68-12	RBG-16-68-12	RBG-16-68-12	94.32	3.69	2196754	2259
GCA_003661265.1	3	Korarchaeota	Korarchaeia	Korarchaeales	QMVU01	QMVU01	71.42	3.32	1490935	1829
GCA_017609465.1	3	Nanobdellota	Nanobdellia	SCGC-AAA011-G17	JAFCDX01	JAFCDX01	89.37	0.81	801308	999
GCA_038727705.1	3	Thermoproteota	Thermoprotei_A	Sulfolobales	NBVN01	Zestosphaera	98.6	1.24	1594984	1661
GCA_038825355.1	3	Thermoproteota	Bathyarchaeia	40CM-2-53-6	DTGE01	DTGE01	91.39	2.2	1565911	1750
GCA_023898345.1	3	Nanobdellota	Nanobdellia	Woesearchaeales	UBA583	UBA583	94.35	0.75	1540096	1498
GCA_001593865.1	3	Thermoproteota	Bathyarchaeia	B24	B24	B24	90.19	2.1	1731399	1853
GCA_020201485.1	3	Thermoplasmatota	SW-10-69-26	JACQPN01	JAIVGT01	JAIVGT01	76.76	0.67	2243238	2639
GCA_029259285.1	3	Thermoproteota	Bathyarchaeia	TCS64	B23	B23	85.71	2.07	1302529	1618
GCA_021163005.1	3	Aenigmatarchaeota	Aenigmatarchaeia	QMZP01	JAFGSV01	JAFGFG01	91.32	0.02	945313	1057
GCA_937934305.1	3	Thermoproteota	Nitrososphaeria_A	Caldarchaeales	Caldarchaeaceae	Caldarchaeum	97.08	0.46	1564054	1743
GCA_021498125.1	3	Asgardarchaeota	Thorarchaeia	Thorarchaeales	Thorarchaeaceae	B65-G9	98.24	3.32	3114748	2888
GCA_041500865.1	3	Micrarchaeota	Micrarchaeia	Anstonellales	J096	JAPLWW01	92.07	0.17	1043478	1127
GCF_000304355.2	3	Halobacteriota	Methanomicrobia	Methanomicrobiales	Methanoculleaceae	Methanoculleus	99.95	0.55	2789774	2674
GCA_021800365.1	3	Nanobdellota	Nanobdellia	Parvarchaeales	Parvarchaeaceae	JAJYZA01	98.43	0.77	898414	968
GCA_035283165.1	3	Thermoplasmatota	Thermoplasmata	RBG-16-68-12	EA-27	EA-27	77.57	3.18	1995916	1942
GCA_030605805.1	3	Halobacteriota	Methanosarcinia	Methanosarcinales	Methanogasteraceae	Methanogaster_D	90.52	0.48	1850095	2106
GCA_007117735.1	3	Nanobdellota	Nanobdellia	Woesearchaeales	SKGA01	SKGA01	97.79	0.24	690413	798
GCA_029907705.1	3	Halobacteriota	Methanomicrobia	Methanomicrobiales	JACTUA01	JARYLJ01	98.85	0.67	1788592	1843
GCA_002779075.1	3	Iainarchaeota	Iainarchaeia	0-14-0-20-30-16	0-14-0-20-30-16	0-14-0-20-30-16	80.9	1.49	747636	832
GCA_041663565.1	3	Micrarchaeota	Micrarchaeia	Norongarragalinales	CAINOH01	CAINOH01	80.56	0.69	1280335	1360
GCA_030593295.1	3	Thermoplasmatota	Thermoplasmata	RBG-16-68-12	SOIM01	JAGLME01	87.73	1.22	2137953	1971
GCA_903893865.1	3	Micrarchaeota	Micrarchaeia	Norongarragalinales	CAITNU01	CAITNU01	78.47	0.09	1008700	1075
GCA_013138805.1	3	EX4484-52	EX4484-52	EX4484-52	GLR71	GLR71	92.68	1.08	1333838	1483
GCA_002011085.2	3	Thermoproteota	Nitrososphaeria	Geothermarchaeales	JDFR-13	Geothermarchaeum	89.48	1.73	1583546	1613
GCA_034522195.1	3	Halobacteriota	Halobacteria	Halorutilales	Halorutilaceae	Halorutilus	91.84	0.11	2282809	2553
GCA_011364965.1	3	Asgardarchaeota	Heimdallarchaeia	Hodarchaeales	Hodarchaeaceae	Hodarchaeum	87.47	3.05	2973942	2715
GCA_016212375.1	3	Micrarchaeota	Micrarchaeia	Norongarragalinales	JACPGT01	JACPGT01	82.2	0.34	1338076	1452
GCA_029775965.1	3	Thermoproteota	Nitrososphaeria	Conexivisphaerales	DTJL01	JAKAPW01	93.02	1.54	1735192	1885
GCA_023261755.1	3	Thermoplasmatota	Thermoplasmata	Aciduliprofundales	ARK-15	ARK-15	93.34	0.02	1224008	1274
GCA_032249235.1	3	Thermoproteota	Thermoprotei	Gearchaeales	Gearchaeaceae	DSFO01	91.05	1.17	1431862	1581
GCA_026397315.1	3	Aenigmatarchaeota	Aenigmatarchaeia	QMZP01	QMZT01	JBGPQP01	91.29	0.43	1049876	1151
GCF_963668475.1	3	Halobacteriota	Methanomicrobia	Methanomicrobiales	Methanospirillaceae	Methanospirillum	99.98	2.11	3926859	3649
GCA_018829335.1	3	Iainarchaeota	Iainarchaeia	Iainarchaeales	1-14-0-10-31-34	1-14-0-10-31-34	92.48	2.07	1452985	1668
GCA_938029515.1	3	Thermoproteota	Nitrososphaeria	Nitrososphaerales	JAAOZN01	JAAOZN01	72.34	1.05	1113196	1338
GCA_029932645.1	3	Aenigmatarchaeota	Aenigmatarchaeia	GW2011-AR5	JAGGXF01	JAGGXF01	89.16	0.33	718593	817
GCA_013331615.1	3	Nanobdellota	Nanobdellia	Woesearchaeales	UBA10200	UBA10200	64.27	2.54	1541782	1572
GCA_018303115.1	3	Nanobdellota	Nanobdellia	Woesearchaeales	UBA10216	UBA492	95.99	0.02	993512	1140
GCA_023267855.1	3	Thermoproteota	Nitrososphaeria_A	Caldarchaeales	Wolframiiraptoraceae	Geocrenenecus	97.93	0.89	1439013	1495
GCA_015522495.1	3	B1Sed10-29	B1Sed10-29	WALL01	WAMD01	WAMD01	61.38	0.06	344667	441
GCA_037442405.1	3	Thermoproteota	Nitrososphaeria	Nitrososphaerales	Nitrosocaldaceae	JBBIQH01	98.73	0.35	1349300	1631
GCF_003431325.1	3	Thermoproteota	Thermoprotei_A	Sulfolobales	Acidilobaceae	Acidilobus	99.94	0.43	1539049	1546
GCA_021823945.1	3	Micrarchaeota	Micrarchaeia	Anstonellales	VGKX01	JAKALW01	85.36	0.33	1214232	1281
GCA_041659525.1	3	Iainarchaeota	Iainarchaeia	Iainarchaeales	JAAZKV01	JAAZKV01	89.35	0.02	1061623	1092
GCA_035291125.1	3	Micrarchaeota	Micrarchaeia	Norongarragalinales	UBA10210	UBA10210	78.36	1.91	898507	1068
GCA_013426015.1	3	Micrarchaeota	Micrarchaeia	Fermentimicrarchaeales	Fermentimicrarchaeaceae	Fermentimicrarchaeum	96.94	1.45	1204341	1349
GCA_003230355.1	3	Hydrothermarchaeota	Hydrothermarchaeia	Hydrothermarchaeales	SZUA-236	SZUA-236	80.87	0.36	1270198	1626
GCF_900110535.1	3	Halobacteriota	Halobacteria	Halobacteriales	Halobacteriaceae	Halobacterium	99.99	0.88	2952792	3087
GCA_013178285.1	3	Methanobacteriota_B	Thermococci	Methanofastidiosales	Methanofastidiosaceae	Methanofastidiosum	97.05	0.9	2118607	2378
GCA_018302505.1	3	Nanobdellota	Nanobdellia	SCGC-AAA011-G17	ARS1403	JAGVZL01	85.76	0.71	868772	1160
GCA_019322375.1	3	Nanobdellota	Nanobdellia	Woesearchaeales	SM23-78	SM23-78	93.5	1.94	1335188	1552
GCA_009903775.1	3	Thermoproteota	Nitrososphaeria	Conexivisphaerales	Conexivisphaeraceae	Conexivisphaera	79.84	1.5	1451380	1600
GCA_029258755.1	3	Iainarchaeota	Iainarchaeia	Iainarchaeales	DTGL01	DTGL01	93.69	1.27	1212838	1340
GCA_029858465.1	3	Thermoplasmatota	Thermoplasmata	UBA10834	DTMW01	JAOUEZ01	86.31	1.38	1452312	1607
GCF_014876775.1	3	Thermoproteota	Thermoprotei	Thermofilales	Thermofilaceae	Infirmifilum	99.95	0.91	1625846	1768
GCF_038751955.1	3	Halobacteriota	Methanomicrobia	Methanomicrobiales	Methanocorpusculaceae	Methanocalculus	99.7	0.38	2003496	2151
GCA_027002875.1	3	Thermoproteota	Thermoprotei_A	Sulfolobales	Desulfurococcaceae	WAON01	99.99	0.66	1810736	1926
GCA_039793985.1	3	Thermoproteota	Thermoprotei_A	Sulfolobales	Fervidicoccaceae	ARK-14	98.84	0.37	1216308	1298
GCA_034660355.1	3	Nanobdellota	Nanobdellia	Woesearchaeales	JACPBV01	JAYEIZ01	92.25	2.01	2166514	2504
GCA_016933455.1	3	Aenigmatarchaeota	Aenigmatarchaeia	Aenigmatarchaeales	Aenigmatarchaeaceae	JAFGAZ01	89.16	0.48	694169	843
GCA_035289325.1	3	Nanobdellota	Nanobdellia	Woesearchaeales	JAGLXL01	DATDXM01	72.52	0.33	1032376	1344
GCA_001766825.1	3	Halobacteriota	Syntropharchaeia	Syntropharchaeales	Syntropharchaeaceae	Syntropharchaeum	79.05	2.09	1456963	1571
GCA_903842985.1	3	Nanobdellota	Nanobdellia	Woesearchaeales	CAIVOO01	CAIMOB01	92.65	1.64	878927	1039
GCA_949372875.1	3	Thermoplasmatota	Poseidoniia	Poseidoniales	Poseidoniaceae	MGIIa-L1	94.87	1.02	2158740	1783
GCA_029762535.1	3	Thermoplasmatota	EX4484-6	EX4484-6	EX4484-6	JARVGK01	93.38	1.08	2963565	2428
GCF_001481685.1	3	Thermoproteota	Thermoprotei_A	Sulfolobales	Ignicoccaceae	Ignicoccus	99.83	0.14	1394664	1544
GCA_038886535.1	3	Micrarchaeota	Micrarchaeia	CABMEP01	CABMEP01	DTQF01	88.26	0.25	1136835	1156
GCA_021736975.1	3	Nanobdellota	Nanobdellia	Woesearchaeales	21-14-0-10-32-9	JAIPET01	98.32	1.06	1310651	1394
GCA_021790425.1	3	Thermoplasmatota	Thermoplasmata	UBA184	UBA184	JAJYEA01	98.56	0.26	2495854	2310
GCA_002505945.1	3	Nanobdellota	Nanobdellia	Woesearchaeales	UBA119	UBA119	86.53	0.17	1041545	1060
GCA_038857155.1	3	Thermoproteota	Bathyarchaeia	B24	DRYS01	DRYS01	79.86	3.0	1229775	1399
GCA_035622335.1	3	Thermoproteota	Nitrososphaeria	Nitrososphaerales	UBA183	DATJAJ01	98.71	3.4	1634525	1820
GCF_039522665.1	3	Halobacteriota	Halobacteria	Halobacteriales	Natronoarchaeaceae	Natronoarchaeum	95.75	0.82	3565702	3563
GCA_035288725.1	3	Nanobdellota	Nanobdellia	SCGC-AAA011-G17	DATDVL01	DATDVL01	56.68	0.01	545000	759
GCA_003599145.1	3	Nanobdellota	Nanobdellia	Woesearchaeales	UBA9642	SURF-58	97.48	0.97	1306829	1483
GCF_003201835.2	3	Thermoproteota	Thermoprotei_A	Sulfolobales	Sulfolobaceae	Aramenus	100.0	0.55	2947244	3263
GCF_031312535.1	3	Halobacteriota	Methanosarcinia	Methanosarcinales	Methanosarcinaceae	Methanolobus	100.0	0.23	2623311	2508
GCA_029460375.1	3	Thermoproteota	Nitrososphaeria	Nitrososphaerales	JACPRH01	JASMAB01	88.3	0.3	1050468	1269
GCA_023133195.1	3	Aenigmatarchaeota	Aenigmatarchaeia	PWEA01	JAGHBM01	JAGLWW01	80.43	0.2	826970	1056
GCA_030036955.1	3	Thermoproteota	Nitrososphaeria	Nitrososphaerales	CADDZS01	JASHOD01	82.6	3.78	2657105	3002
GCA_038999215.1	3	Aenigmatarchaeota	Aenigmatarchaeia	Aenigmatarchaeales	JACQIB01	JAWABM01	87.93	0.06	571339	709
GCA_003650585.1	3	Nanobdellota	Nanobdellia	Woesearchaeales	B29-G15	B29-G15	77.68	0.27	1032393	1134
GCA_036475875.1	3	Thermoplasmatota	Thermoplasmata	GCA-020350865	GCA-020350865	GCA-020348445	80.14	1.66	2312534	2373
GCA_003662645.1	3	Thermoproteota	Bathyarchaeia	Bathyarchaeales	B26-1	B17-G17	81.25	2.12	1227202	1402
GCA_003553905.1	3	Aenigmatarchaeota	Aenigmatarchaeia	PWEA01	PWEA01	PWEA01	86.95	0.06	702328	823
GCA_017609385.1	3	Nanobdellota	Nanobdellia	Woesearchaeales	CG1-02-33-12	CG1-02-33-12	92.72	2.12	988258	1337
GCA_038733315.1	3	Aenigmatarchaeota	Aenigmatarchaeia	CG10238-14	SpSt-28	JAHLMO01	94.12	4.22	732905	772
GCA_038887295.1	3	Micrarchaeota	Micrarchaeia	Anstonellales	Anstonellaceae	JAOAKI01	97.62	0.78	866854	947
GCA_003139855.1	3	Halobacteriota	Bog-38	Bog-38	Bog-38	Bog-38	85.0	0.03	2059181	2306
GCA_938042195.1	3	Thermoproteota	Bathyarchaeia	40CM-2-53-6	CALIRQ01	CALIRQ01	93.56	2.72	1274696	1352
GCA_021513715.1	3	Asgardarchaeota	Heimdallarchaeia	Heimdallarchaeales	Heimdallarchaeaceae	Heimdallarchaeum	92.57	2.99	3326783	2848
GCA_021108405.1	3	Halobacteriota	Methanosarcinia	Methanosarcinales	Methanocomedenaceae	Methanomarinus	99.01	1.95	3673961	3881
GCA_029856525.1	3	Asgardarchaeota	Odinarchaeia	Odinarchaeales	Odinarchaeaceae	Odinarchaeum	93.41	0.1	1320653	1440
GCA_028866995.1	3	Micrarchaeota	Micrarchaeia	Micrarchaeales	CABMGC01	JAGWGW01	95.83	1.01	934130	1066
GCA_038735125.1	3	Thermoproteota	Thermoprotei_A	Sulfolobales	Ignisphaeraceae	Ignisphaera	99.89	0.53	1811390	1908
GCA_018302105.1	3	Nanobdellota	Nanobdellia	SCGC-AAA011-G17	GW2011-AR18	JAGWAD01	98.26	0.45	1153331	1402
GCA_028700115.1	3	Iainarchaeota	Iainarchaeia	CSSED10-239	CSSED10-239	Forterrea	89.38	1.14	964791	1003
GCA_038895675.1	3	Iainarchaeota	Iainarchaeia	Iainarchaeales	Iainarchaeaceae	UBA10205	91.67	0.23	838897	879
GCA_000830315.1	3	Nanobdellota	Nanobdellia	SCGC-AAA011-G17	GW2011-AR20	GW2011-AR20	95.72	0.4	829411	1015
GCA_014729145.1	3	Nanobdellota	Nanobdellia	Woesearchaeales	WJKL01	WJKL01	90.36	3.07	1024245	1236
GCA_013306035.1	3	Thermoproteota	Nitrososphaeria	Nitrososphaerales	UBA57	UBA57	92.59	0.75	837806	951
GCA_013331935.1	3	Nanobdellota	Nanobdellia	UBA10117	UBA10117	UBA10117	88.15	0.38	769052	1018
GCA_013331965.1	3	Nanobdellota	Nanobdellia	Woesearchaeales	UBA10107	UBA10107	74.13	0.27	699656	878
GCA_013154035.1	3	Iainarchaeota	Iainarchaeia	JAADDC01	JAADDC01	JAADDH01	89.61	2.91	1012119	1157
GCA_003663415.1	3	Aenigmatarchaeota	Aenigmatarchaeia	QMZP01	QMZP01	QMZY01	91.42	0.57	1112198	1319
GCA_041305945.1	3	Asgardarchaeota	Lokiarchaeia	Sigynarchaeales	Sigynarchaeaceae	JBGLND01	63.56	2.43	3705313	3498
GCA_016198165.1	3	Iainarchaeota	Iainarchaeia	Iainarchaeales	GW2011-AR10	JACQJF01	67.36	0.93	961484	1130
GCA_041862235.1	3	Thermoproteota	Nitrososphaeria_A	Caldarchaeales	JAVZCJ01	JBGVSY01	89.97	3.28	1682975	1854
GCA_017601245.1	3	Thermoproteota	EX4484-205	EX4484-205	JAAOZP01	JAAOZP01	92.45	1.92	1295755	1412
GCA_002779235.1	3	Nanobdellota	Nanobdellia	Woesearchaeales	0-14-0-80-44-23	0-14-0-80-44-23	93.35	0.5	923120	1006
GCA_028706745.1	3	Nanobdellota	Nanobdellia	SCGC-AAA011-G17	GW2011-AR17	UBA9640	99.85	1.58	1236138	1465
GCA_003551675.1	3	Thermoplasmatota	Thermoplasmata	Halarchaeoplasmatales	Halarchaeoplasmataceae	Natronoplasma	93.88	1.86	2293260	2082
GCA_035289005.1	3	Nanobdellota	Nanobdellia	Woesearchaeales	UBA12501	DATDYN01	95.43	0.27	1315489	1372
GCA_039000375.1	3	Aenigmatarchaeota	Aenigmatarchaeia	GW2011-AR5	JAHLMP01	JAHLMP01	73.65	0.06	575134	620
GCF_038871235.1	3	Hadarchaeota	Hadarchaeia	Hadarchaeales	Hadarchaeaceae	Hadarchaeum	94.75	0.88	1205095	1306
GCA_018657065.1	3	Nanobdellota	Nanobdellia	Woesearchaeales	GW2011-AR15	GW2011-AR15	95.65	2.46	1494747	1605
GCA_017608505.1	3	Nanobdellota	Nanobdellia	WJKC01	WJKC01	JAFCFT01	86.15	0.41	916537	1062
GCA_035283685.1	3	Thermoproteota	Bathyarchaeia	Bathyarchaeales	Bathyarchaeaceae	DATETJ01	98.13	3.63	2280325	2463
GCA_020854925.1	3	Methanobacteriota_B	Thermococci	Methanofastidiosales	NM3	JAHKLV01	91.65	1.19	1513793	1783
GCA_021163455.1	3	Thermoplasmatota	E2	DHVEG-1	B18-G2	B18-G2	86.47	1.76	1101950	1213
GCA_041287455.1	3	Thermoproteota	Thermoprotei_A	Sulfolobales	AG1	WYEN01	96.09	0.27	1381925	1429
GCF_007004735.1	3	Halobacteriota	Halobacteria	Halobacteriales	Haloferacaceae	Salinigranum	100.0	2.81	4196798	4146
GCA_021160605.1	3	Nanobdellota	Nanobdellia	B33-G15	B33-G15	B33-G15	71.69	0.37	491786	657
GCA_026986305.1	3	Thermoplasmatota	Thermoplasmata	WALJ01	WALJ01	WALJ01	75.05	0.41	1025909	1245
GCA_018696395.1	3	Nanobdellota	Nanobdellia	Woesearchaeales	GW2011-AR9	JABHQR01	98.86	0.43	1383907	1425
GCA_027016915.1	3	Thermoproteota	Thermoprotei_A	Sulfolobales	WAQK01	WAQK01	87.83	4.18	1721894	2126
GCA_024274875.1	3	Micrarchaeota	Micrarchaeia	CAILAH01	CAILAH01	JAJSAH01	89.73	1.11	833113	921
GCA_018221205.1	3	Nanobdellota	Nanobdellia	Woesearchaeales	WJIZ01	JAAOYF01	94.78	0.59	1281894	1461
GCA_029934005.1	3	Thermoproteota	Bathyarchaeia	Bathyarchaeales	WUQV01	JAOZNA01	85.72	1.48	1442108	1617
GCA_029940695.1	3	Thermoplasmatota	Poseidoniia	Poseidoniales	Thalassarchaeaceae	UBA36	94.1	0.91	1417712	1244
GCA_026394395.1	3	Thermoplasmatota	Thermoplasmata	Methanomassiliicoccales	UBA472	UBA472	99.85	0.38	1643772	1708
GCA_038893495.1	3	Thermoproteota	Thermoprotei	Thermoproteales	Thermoproteaceae	Thermoproteus	99.99	0.15	1995394	2237
GCF_000023985.1	3	Methanobacteriota	Methanococci	Methanococcales	Methanocaldococcaceae	Methanocaldococcus	99.87	0.04	1507251	1640
GCA_028279825.1	3	Aenigmatarchaeota	Aenigmatarchaeia	GW2011-AR5	GW2011-AR5	GW2011-AR5	90.93	0.05	978142	1174
GCA_018303625.1	3	Nanobdellota	Nanobdellia	Woesearchaeales	GW2011-AR4	JAGVXV01	95.45	0.54	1336552	1563
GCA_016188065.1	3	Nanobdellota	Nanobdellia	SCGC-AAA011-G17	GCA-2688095	JACPIN01	91.29	0.53	881203	1181
GCA_028714095.1	3	Nanobdellota	Nanobdellia	SCGC-AAA011-G17	JACPNG01	JAQTMY01	94.16	0.2	853441	965
GCA_038045965.1	3	Nanobdellota	Nanobdellia	Pacearchaeales	GW2011-AR1	ARS1285	96.26	0.67	716870	913
GCA_019323665.1	3	Nanobdellota	Nanobdellia	Woesearchaeales	JAGVZT01	JAHWHA01	65.13	0.14	717776	926
GCA_030691925.1	3	Nanobdellota	Nanobdellia	SCGC-AAA011-G17	VGLX01	VGLX01	85.76	0.28	1064278	1338
GCA_016931955.1	3	Altiarchaeota	Altiarchaeia	IMC4	QMZM01	JAFGDV01	92.36	0.4	1550521	1696
GCA_012026795.1	3	Halobacteriota	Methanosarcinia	Methanosarcinales	Methanoperedenaceae	Methanoperedens	99.98	2.35	3585555	3736
GCA_023144115.1	3	Nanobdellota	Nanobdellia	Woesearchaeales	JAGLGH01	JAGLGH01	86.93	0.22	1717321	2046
GCA_017601145.1	3	Thermoproteota	EX4484-205	EX4484-205	JAAOZO01	JAAOZO01	86.53	0.57	1621117	1582
GCA_038999725.1	3	Aenigmatarchaeota	Aenigmatarchaeia	CG10238-14	SCSR01	JAVZGQ01	93.05	0.22	729769	794
GCA_019721035.1	3	Thermoplasmatota	Thermoplasmata	Sysuiplasmatales	Sysuiplasmataceae	Sysuiplasma	95.21	1.66	1973924	1996
GCA_026414305.1	3	Aenigmatarchaeota	Aenigmatarchaeia	CG10238-14	CG10238-14	JAHLMN01	95.11	1.23	819458	913
GCA_038894875.1	3	Thermoproteota	Methanomethylicia	Nezhaarchaeales	B40-G2	JAOAKM01	92.92	0.23	1078401	1208
GCA_011049295.1	3	Thermoplasmatota	E2	UBA202	DSCA01	DSCA01	92.32	0.59	1276973	1448
GCA_018396695.1	3	Thermoproteota	Bathyarchaeia	TCS64	TCS64	JAGTQU01	95.86	2.72	1900590	2119
GCA_005888755.1	3	Thermoproteota	Bathyarchaeia	40CM-2-53-6	40CM-2-53-6	40CM-2-53-6	94.96	1.77	2014445	2303
GCF_001477655.1	3	Methanobacteriota	Methanobacteria	Methanobacteriales	Methanobacteriaceae	Methanocatella	99.99	0.62	2543538	2316
GCF_003264935.1	3	Methanobacteriota	Methanobacteria	Methanobacteriales	DSM-23052	Methanothermobacter_A	99.94	0.0	1467867	1600
GCA_026986575.1	3	Korarchaeota	Korarchaeia	Korarchaeales	Korarchaeaceae	WALU01	99.69	2.48	1911475	2095
GCA_035631875.1	3	Thermoproteota	Nitrososphaeria	Nitrososphaerales	Nitrosopumilaceae	TA-20	99.99	0.07	1756488	2020
GCA_015523565.1	3	Asgardarchaeota	Heimdallarchaeia	Heimdallarchaeales	Kariarchaeaceae	WAKA01	89.97	1.95	3571168	3348
GCA_041494275.1	3	Thermoplasmatota	Thermoplasmata	UBA10834	UBA10834	COMBO-56-21	93.56	3.76	1647146	1674
GCF_017875325.1	3	Halobacteriota	Methanomicrobia	Methanomicrobiales	Methanofollaceae	Methanofollis	99.71	0.55	2907262	2668
GCA_037442865.1	3	Nanobdellota	Nanobdellia	Woesearchaeales	UBA525	UBA153	87.63	1.04	1241447	1273
GCA_017610205.1	3	Iainarchaeota	Iainarchaeia	Iainarchaeales	GCA-2688035	JAFCCL01	92.33	0.6	1369834	1527
GCA_022848825.1	3	Thermoplasmatota	Thermoplasmata	RBG-16-68-12	JAGMCJ01	JAGMCJ01	88.99	2.61	1956369	2201
GCA_038850275.1	3	Halobacteriota	JAWCLZ01	JAWCLZ01	JAWCLZ01	JAWCLZ01	92.39	3.62	1521668	1777
GCA_034189535.1	3	Halobacteriota	Syntropharchaeia	DAOWMC01	DAOWMC01	JAXHTN01	79.45	0.34	1818229	2030
GCA_003662485.1	3	Thermoproteota	Bathyarchaeia	Hecatellales	Hecatellaceae	B25	85.0	0.91	1057698	1267
GCA_034190585.1	3	Nanohalarchaeota	Nanosalinia	Nanosalinales	Nanohalalkaliarchaeaceae	JALIDP01	73.36	0.12	568488	697
GCA_036444795.1	3	Thermoplasmatota	Thermoplasmata	RBG-16-68-12	JAJISG01	JAJISK01	87.61	4.41	1202766	1440
GCA_014384375.1	3	Nanobdellota	Nanobdellia	Woesearchaeales	GCA-2686295	GCA-2686295	95.49	0.55	1267702	1378
GCA_030594795.1	3	EX4484-52	EX4484-52	EX4484-52	B79-G9	B79-G9	81.89	1.23	1245570	1411
GCA_017609995.1	3	Nanobdellota	Nanobdellia	UBA10117	JABICX01	JAFCCX01	71.49	0.56	531961	765
GCA_963932585.1	3	Halobacteriota	Halobacteria	Halobacteriales	UBA12382	UBA12382	75.02	0.61	1031546	1167
GCA_021163365.1	3	Nanobdellota	Nanobdellia	CSSed11-243R1	CSSed11-243R1	JAGGWW01	91.1	0.53	752584	930
GCA_003661015.1	3	Halobacteriota	Methanosarcinia	Methanosarcinales_A	Methermicoccaceae	JdFR-19	59.88	0.03	815884	1060
GCF_000011005.1	3	Halobacteriota	Methanocellia	Methanocellales	Methanocellaceae	Methanocella	99.99	0.53	2957635	3055
GCA_029856615.1	3	Asgardarchaeota	Njordarchaeia	Njordarchaeales	Njordarchaeaceae	JAHKLF01	76.09	2.08	1807045	1987
GCF_036323395.1	3	Thermoproteota	Thermoprotei_A	Sulfolobales	Pyrodictiaceae	Pyrodictium	99.98	0.33	2224219	2437
GCA_018698915.1	3	Nanobdellota	Nanobdellia	UBA10117	ARS21	JAAZWY01	88.1	0.09	523628	642
GCA_016839365.1	3	Asgardarchaeota	Hermodarchaeia	Hermodarchaeales	Hermodarchaeaceae	Hermodarchaeum	83.66	2.99	2225025	2302
GCA_036826255.1	3	Nanobdellota	Nanobdellia	SCGC-AAA011-G17	JAGVZH01	DAISWR01	80.06	0.78	669318	852
GCA_038845265.1	3	Thermoproteota	Nitrososphaeria_A	Caldarchaeales	Calditenuaceae	CALIKS01	93.27	1.94	1374253	1467
GCA_018396995.1	3	Thermoproteota	Bathyarchaeia	Bathyarchaeales	DTEX01	DTEX01	98.53	2.03	1461834	1557
GCA_019322735.1	3	Nanobdellota	Nanobdellia	Woesearchaeales	BS150m-G63	BS150m-G63	79.21	0.0	597358	739
GCA_018302815.1	3	Nanobdellota	Nanobdellia	Woesearchaeales	ARS49	JAGVZE01	100.0	0.38	1552551	1862
GCA_027038805.1	3	Thermoproteota	Thermoprotei_A	Sulfolobales	WANQ01	JALWGO01	87.24	4.15	1763934	2142
GCF_026248685.1	3	Halobacteriota	Halobacteria	Halobacteriales	Haladaptataceae	Haladaptatus	99.99	3.78	4818353	5062
GCA_030606485.1	3	Asgardarchaeota	Lokiarchaeia	Sigynarchaeales	SOKP01	6H3-1	100.0	4.65	3750347	3518
GCF_000190315.1	3	Thermoproteota	Thermoprotei	Thermoproteales	Thermocladiaceae	Vulcanisaeta	99.97	0.6	2298983	2508
GCF_000334895.1	3	Halobacteriota	Halobacteria	Halobacteriales	Halococcaceae	Halococcus	97.89	0.1	3476728	3475
GCA_018663865.1	3	Nanobdellota	Nanobdellia	SCGC-AAA011-G17	PNOQ01	JABJPM01	92.97	0.14	594504	735
GCA_027017165.1	3	Thermoproteota	Thermoprotei	Thermofilales	B69-G16	B69-G16	80.54	3.76	1499717	1794
GCA_038825775.1	3	Nanobdellota	Nanobdellia	Woesearchaeales	WAPY01	JAWBOW01	92.94	0.29	920613	988
GCA_041652755.1	3	Nanobdellota	Nanobdellia	Tiddalikarchaeales	Tiddalikarchaeaceae	JAQTTT01	93.04	2.04	1014464	1137
GCA_030632385.1	4	EX4484-52	EX4484-52	EX4484-52	EX4484-52	EX4484-52	57.02	0.02	805752	912
GCA_016187395.1	4	Aenigmatarchaeota	Aenigmatarchaeia	GW2011-AR5	JACRAC01	JACPJV01	79.63	0.43	981745	1282
GCA_038046605.1	4	Micrarchaeota	Micrarchaeia	Norongarragalinales	SBBD01	JACRGC01	90.69	0.32	1635789	1725
GCA_024256285.1	4	Thermoproteota	Nitrososphaeria	Nitrososphaerales	JACAEJ01	HK02M2	94.97	2.75	1479034	1698
GCA_007128245.1	4	Nanobdellota	Nanobdellia	Woesearchaeales	SKIA01	SKIA01	91.04	0.72	924936	1149
GCA_001595945.1	4	Thermoplasmatota	E2	DHVEG-1	DHVEG-1	SM1-50	94.45	0.16	2091705	2112
GCA_015520895.1	4	EX4484-52	EX4484-52	EX4484-52	JAADEF01	JAADEF01	74.06	0.09	501757	584
GCA_021817005.1	4	Thermoproteota	Thermoprotei_A	Marsarchaeales	Marsarchaeaceae	JAKAWJ01	84.58	0.79	1930835	2030
GCA_041639835.1	4	Halobacteriota	Halobacteria	Halobacteriales	Salinarchaeaceae	IM2453	82.56	1.22	1976668	2166
GCA_018830225.1	4	Nanobdellota	Nanobdellia	Woesearchaeales	UBA11576	JABMQF01	92.57	0.62	1317486	1421
GCA_040757035.1	4	Micrarchaeota	Micrarchaeia	Anstonellales	Bilamarchaeaceae	JAHJBR01	95.02	0.1	985321	968
GCA_023133315.1	4	Methanobacteriota_B	Thermococci	Methanofastidiosales	B48-G16	B48-G16	88.31	2.15	1297207	1602
GCF_000145295.1	4	Methanobacteriota	Methanobacteria	Methanobacteriales	Methanothermobacteraceae	Methanothermobacter	99.81	0.18	1639135	1750
GCF_022869805.1	4	Halobacteriota	Halobacteria	Halobacteriales	Natrialbaceae	Halosolutus	100.0	3.58	5058678	5033
GCA_018221175.1	4	Nanobdellota	Nanobdellia	Woesearchaeales	BM511	JAAOYE01	91.18	0.08	950686	1142
GCA_038044785.1	4	Nanobdellota	Nanobdellia	Woesearchaeales	JAGWAF01	JACQSU01	86.56	0.54	914157	957
GCF_001006045.1	4	Halobacteriota	Archaeoglobi	Archaeoglobales	Archaeoglobaceae	Geoglobus	99.99	0.05	1770093	2033
GCA_026014735.1	4	Thermoproteota	Bathyarchaeia	Bathyarchaeales	Bathycorpusculaceae	Bathycorpusculum	99.28	1.69	2913801	2985
GCA_023381255.1	4	Thermoproteota	Nitrososphaeria	Conexivisphaerales	UBA164	UBA164	85.04	2.02	1280612	1459
GCA_030670615.1	4	Thermoproteota	Bathyarchaeia	RBG-16-48-13	GCA-020355125	DAOVBJ01	79.95	0.87	1213489	1337
GCA_018830205.1	4	Hydrothermarchaeota	Hydrothermarchaeia	Hydrothermarchaeales	Hydrothermarchaeaceae	JAHJSX01	62.56	0.31	1127542	1467
GCA_030671315.1	4	Thermoproteota	Bathyarchaeia	40CM-2-53-6	RBG-13-38-9	RBG-13-38-9	82.03	2.19	1261076	1484
GCA_013329575.1	4	Halobacteriota	Methanoliparia	Methanoliparales	Methanoliparaceae	Methanoliparum	84.98	0.0	1243104	1393
GCA_018238965.1	4	Asgardarchaeota	Lokiarchaeia	Sigynarchaeales	MK-D1	Harpocratesius	86.69	1.38	3851590	3677
GCA_036845085.1	4	Nanobdellota	Nanobdellia	Nanobdellales	Nanobdellaceae	DAIUEN01	88.93	1.14	570430	680
GCA_028712125.1	4	Altiarchaeota	Altiarchaeia	IMC4	SCGC-AAA252-I15	VGJA01	89.04	1.43	1411054	1509
GCA_040753335.1	4	Micrarchaeota	Micrarchaeia	Norongarragalinales	UBA8480	UBA8480	86.27	1.26	990646	1206
GCA_002496385.1	4	Thermoplasmatota	Thermoplasmata	SG8-5	SG8-5	UBA147	85.77	0.23	1995084	1631
GCA_028715545.1	4	Halobacteriota	UBA148	UBA148	UBA148	UBA148	94.18	0.0	1225610	1322
GCA_023256375.1	4	Thermoproteota	Thermoprotei_A	Marsarchaeales	UBA168	UBA168	62.15	0.03	559505	580
GCA_018383835.1	4	Asgardarchaeota	Jordiarchaeia	Jordiarchaeales	Freyrarchaeaceae	DTBI01	73.78	2.27	1673698	1905
GCA_021782355.1	4	Micrarchaeota	Micrarchaeia	Norongarragalinales	UBA97	JAJXUZ01	81.43	0.42	795477	873
GCF_000011185.1	4	Thermoplasmatota	Thermoplasmata	Thermoplasmatales	Thermoplasmataceae	Thermoplasma	99.91	0.5	1584804	1635
GCA_038046225.1	4	Iainarchaeota	Iainarchaeia	Iainarchaeales	VGJJ01	VGJJ01	87.8	1.09	937280	1108
GCA_023137005.1	4	Thermoplasmatota	Thermoplasmata	SG8-5	JAGLSY01	JAGLSY01	78.97	0.72	2010905	1962
GCA_004347965.1	4	Thermoproteota	Methanomethylicia	Nezhaarchaeales	WYZ-LMO8	WYZ-LMO8	93.44	1.02	1348574	1456
GCA_035288965.1	4	Nanobdellota	Nanobdellia	SCGC-AAA011-G17	JAGVZF01	DATDYQ01	82.87	1.64	1097336	1372
GCA_001914405.1	4	Halobacteriota	Methanonatronarchaeia	Methanonatronarchaeales	Methanonatronarchaeaceae	Methanohalarchaeum	95.06	1.74	2141311	2076
GCA_030616565.1	4	Halobacteriota	UBA148	UBA148	JAUWXC01	JAUWXC01	63.14	0.33	782578	1047
GCF_000235565.1	4	Halobacteriota	Methanosarcinia	Methanotrichales	Methanotrichaceae	Methanocrinis	99.89	0.44	2571034	2481
GCA_038851755.1	4	Hadarchaeota	Hadarchaeia	Hadarchaeales	WYZ-LMO6	WYZ-LMO6	93.04	0.04	1249553	1346
GCA_014361195.1	4	Thermoplasmatota	E2	UBA202	JdFR-43	JACIWB01	96.24	0.51	1251466	1276
GCF_006274605.1	4	Methanobacteriota_B	Thermococci	Thermococcales	Thermococcaceae	Thermococcus	99.99	0.18	2234010	2406
GCA_004376645.1	4	Thermoproteota	Bathyarchaeia	Bathyarchaeales	SOJC01	SOJC01	94.7	0.44	1246070	1377
GCA_025060975.1	4	Thermoproteota	Methanomethylicia	Culexarchaeales	Culexarchaeaceae	Culexarchaeum	91.62	2.22	1422410	1603
GCA_013154335.1	4	Methanobacteriota	Methanopyri	Methanopyrales	Methanopyraceae	Methanopyrus	94.7	0.46	1373473	1535
GCA_024464195.1	4	Thermoplasmatota	Thermoplasmata	Methanomassiliicoccales	JACIVX01	JACIVX01	88.19	1.4	1406045	1499
GCA_030592525.1	4	B1Sed10-29	B1Sed10-29	WALL01	WALL01	JAUVIW01	85.45	1.22	992252	1214
GCA_002508545.1	4	Thermoplasmatota	Thermoplasmata	Methanomassiliicoccales	Methanomassiliicoccaceae	UBA6	99.74	4.35	2360299	2497
GCA_023659895.1	4	Aenigmatarchaeota	Aenigmatarchaeia	QMZS01	QMZS01	JAGXOL01	85.01	0.15	740334	856
GCA_029776125.1	4	Thermoproteota	Nitrososphaeria	JACIWG01	JACIWG01	JACIWG01	85.78	1.65	1241443	1446
GCA_019262145.1	4	Thermoplasmatota	Thermoplasmata	Methanomassiliicoccales	Methanomethylophilaceae	Methanogranum	99.93	0.7	1516968	1531
GCA_019056785.1	4	Asgardarchaeota	Heimdallarchaeia	JABLTI01	JABLTI01	JABLTI01	82.53	4.08	2872711	2720
GCA_038840695.1	4	Nanobdellota	Nanobdellia	Pacearchaeales	JAPDKA01	JAWAFA01	84.79	0.86	644521	640
GCA_003229935.1	4	Hydrothermarchaeota	Hydrothermarchaeia	Hydrothermarchaeales	BMS3B	BMS3B	96.77	0.34	1749358	2119
GCA_038895375.1	4	Nanobdellota	Nanobdellia	Pacearchaeales	UBA284	JANXDM01	90.83	0.44	580990	649
GCA_004028775.1	4	Thermoproteota	Methanomethylicia	Methanomethylicales	Methanomethylicaceae	Methanosuratincola	96.73	0.31	1512112	1630
GCF_003351865.1	4	Methanobacteriota	Methanococci	Methanococcales	Methanococcaceae	Methanofervidicoccus	99.94	0.01	1504113	1330
GCA_038729485.1	4	Thermoplasmatota	Thermoplasmata	Thermoplasmatales	GCA-001856825	GCA-001856825	92.15	0.08	1306440	1357
GCA_016188045.1	4	Nanobdellota	Nanobdellia	SCGC-AAA011-G17	JACPIM01	JACPIM01	92.55	0.34	1021983	1308
GCA_039938515.1	4	Thermoproteota	Nitrososphaeria	Nitrososphaerales	Nitrososphaeraceae	Nitrososphaera	99.84	0.85	2556235	2966
GCA_003009795.1	4	Nanohalarchaeota	Nanosalinia	Nanosalinales	Nanosalinaceae	SW-4-43-9	98.95	0.56	956550	1087
GCA_029936395.1	4	Thermoplasmatota	Poseidoniia	MGIII	CG-Epi1	CG-Epi1	92.59	0.57	1171869	1140
GCA_016930255.1	4	Halobacteriota	Syntropharchaeia	Alkanophagales	Methanospirareceae	JACGMN01	95.49	0.92	2227763	2260
GCA_002254825.2	4	Halobacteriota	Methanosarcinia	Methanosarcinales	EX4572-44	EX4572-44	61.95	0.0	1069777	1173
GCA_022865275.1	4	Nanohalarchaeota	Nanosalinia	Nanosalinales	Nanoanaerosalinaceae	JALIDQ01	88.29	0.15	625082	753
GCF_029633965.1	4	Halobacteriota	Methanomicrobia	Methanomicrobiales	Methanomicrobiaceae	Methanogenium	99.77	0.96	2513916	2387
GCA_002792915.1	4	Micrarchaeota	Micrarchaeia	Norongarragalinales	Norongarragalinaceae	UBA93	83.38	0.12	760304	889
GCA_019323415.1	4	Nanobdellota	Nanobdellia	Woesearchaeales	WJKV01	JAHWHF01	87.8	1.38	787749	1058
GCF_003675855.1	4	Halobacteriota	Halobacteria	Halobacteriales	QS-9-68-17	Halostella	99.01	0.14	3735525	3846
GCA_027023265.1	4	Thermoplasmatota	Thermoplasmata	Aciduliprofundales	Aciduliprofundaceae	JAADDK01	99.46	1.93	1644047	1749
GCF_002214165.1	4	Micrarchaeota	Micrarchaeia	Micrarchaeales	Micrarchaeaceae	Mancarchaeum	96.52	0.4	952257	974
GCA_016180965.1	4	Aenigmatarchaeota	Aenigmatarchaeia	JACPZZ01	JACPZZ01	JACPZZ01	80.76	0.56	731509	838
GCA_041581335.1	4	Thermoplasmatota	E2	JACPAO01	JAHFTW01	JBFGSX01	91.49	1.34	2200185	2479
GCA_018303075.1	4	Nanobdellota	Nanobdellia	Woesearchaeales	DSVV01	JACRKF01	95.07	0.4	1237099	1291
GCA_018658265.1	4	Nanobdellota	Nanobdellia	SCGC-AAA011-G17	UBA489	JABIKK01	92.04	0.81	616901	748
GCA_041487695.1	4	Thermoplasmatota	DTKX01	DTKX01	DATEUP01	DATEUP01	81.97	1.84	2620579	2634
GCF_025231485.1	4	Halobacteriota	Halobacteria	Halobacteriales	Haloarculaceae	Salinirubellus	100.0	2.27	4376714	4454
GCA_041658815.1	4	Thermoplasmatota	SW-10-69-26	JACQPN01	JAJPHT01	JAJPHT01	88.99	1.64	2844170	3168
GCF_037081715.1	4	Halobacteriota	Halobacteria	Halobacteriales	Halalkalicoccaceae	Halalkalicoccus	97.09	0.75	3639842	3767
GCA_002083985.1	4	Altiarchaeota	Altiarchaeia	Altiarchaeales	Altiarchaeaceae	Altiarchaeum	65.42	2.85	1446933	1484
GCA_011049195.1	4	SpSt-1190	SpSt-1190	SpSt-1190	SpSt-1190	SpSt-1190	87.51	0.0	694928	860
GCA_005878985.1	4	Thermoplasmatota	Thermoplasmata	RBG-16-68-12	RBG-16-68-12	RBG-16-68-12	91.1	3.97	2110990	2319
GCA_018816585.1	4	Nanobdellota	Nanobdellia	SCGC-AAA011-G17	JAFCDX01	JAHIVQ01	88.21	1.68	878402	1211
GCA_015521295.1	4	Thermoproteota	Thermoprotei_A	Sulfolobales	NBVN01	WAOL01	98.4	0.05	1394146	1559
GCA_022565615.1	4	Nanobdellota	Nanobdellia	Woesearchaeales	UBA583	UBA583	92.42	1.51	1205813	1204
GCA_018396755.1	4	Thermoproteota	Bathyarchaeia	B24	B24	DTBU01	89.23	1.56	1983321	2114
GCA_001593875.1	4	Thermoproteota	Bathyarchaeia	TCS64	B23	B23	68.3	0.15	717825	872
GCA_016934325.1	4	Aenigmatarchaeota	Aenigmatarchaeia	QMZP01	JAFGSV01	JAFGSV01	78.9	0.14	1238070	1283
GCA_038831915.1	4	Thermoproteota	Nitrososphaeria_A	Caldarchaeales	Caldarchaeaceae	Caldarchaeum	95.58	0.49	1592286	1789
GCA_008080745.1	4	Asgardarchaeota	Thorarchaeia	Thorarchaeales	Thorarchaeaceae	SHMX01	97.98	4.79	3161981	2922
GCA_038896535.1	4	Micrarchaeota	Micrarchaeia	Anstonellales	J096	J096	91.12	0.12	751790	767
GCF_002508705.1	4	Halobacteriota	Methanomicrobia	Methanomicrobiales	Methanoculleaceae	Methanoculleus	99.94	3.93	2801776	2847
GCA_021799085.1	4	Nanobdellota	Nanobdellia	Parvarchaeales	Parvarchaeaceae	Parvarchaeum	93.27	1.15	912732	1016
GCA_021159385.1	4	Halobacteriota	Methanosarcinia	Methanosarcinales	Methanogasteraceae	Methanogaster_C	87.61	0.0	2054076	2347
GCA_021734105.1	4	Nanobdellota	Nanobdellia	Woesearchaeales	SKGA01	SKGA01	96.91	0.14	1071080	1131
GCA_035310965.1	4	Halobacteriota	Methanomicrobia	Methanomicrobiales	JACTUA01	JACTUA01	94.24	2.38	1761453	1957
GCA_041652355.1	4	Micrarchaeota	Micrarchaeia	Norongarragalinales	CAINOH01	CAINOH01	78.7	1.34	1206454	1420
GCA_030593885.1	4	Thermoplasmatota	Thermoplasmata	RBG-16-68-12	SOIM01	JAGLME01	86.47	0.13	2141596	1942
GCA_013138765.1	4	EX4484-52	EX4484-52	EX4484-52	GLR71	GLR71	87.79	1.88	1262712	1306
GCA_015523605.1	4	Thermoproteota	Nitrososphaeria	Geothermarchaeales	JDFR-13	SZUA-1514	89.03	0.79	1347694	1453
GCA_028751075.1	4	Halobacteriota	Halobacteria	Halorutilales	Halorutilaceae	JAQZDA01	89.85	0.0	2272049	2409
GCA_016840035.1	4	Asgardarchaeota	Heimdallarchaeia	Hodarchaeales	Hodarchaeaceae	Hodarchaeum	86.97	4.0	4302992	4032
GCA_016214445.1	4	Micrarchaeota	Micrarchaeia	Norongarragalinales	JACPGT01	JACROM01	71.82	0.69	1293712	1468
GCA_035543015.1	4	Thermoproteota	Nitrososphaeria	Conexivisphaerales	DTJL01	DATKKG01	88.48	1.55	1943403	2163
GCA_038880255.1	4	Thermoplasmatota	Thermoplasmata	Aciduliprofundales	ARK-15	ARK-15	93.07	0.02	1282923	1369
GCA_041640715.1	4	Thermoproteota	Thermoprotei	Gearchaeales	Gearchaeaceae	DSFO01	90.32	1.2	1239176	1334
GCA_041489155.1	4	Aenigmatarchaeota	Aenigmatarchaeia	QMZP01	QMZT01	JBGPQP01	89.65	1.37	1132937	1155
GCF_000013445.1	4	Halobacteriota	Methanomicrobia	Methanomicrobiales	Methanospirillaceae	Methanospirillum	99.97	1.57	3544738	3415
GCA_017609625.1	4	Iainarchaeota	Iainarchaeia	Iainarchaeales	1-14-0-10-31-34	1-14-0-10-31-34	91.7	3.29	1349284	1509
GCA_016185705.1	4	Nanobdellota	Nanobdellia	Woesearchaeales	UBA10216	UBA492	95.6	0.32	1228407	1320
GCA_025059205.1	4	Thermoproteota	Nitrososphaeria_A	Caldarchaeales	Wolframiiraptoraceae	Terraquivivens	96.97	0.23	1188966	1291
GCA_938030895.1	4	Thermoproteota	Nitrososphaeria	Nitrososphaerales	Nitrosocaldaceae	Nitrosocaldus	98.66	0.07	1372758	1538
GCA_027037535.1	4	Thermoproteota	Thermoprotei_A	Sulfolobales	Acidilobaceae	S143-63	99.94	0.07	1649667	1711
GCA_012799645.1	4	Iainarchaeota	Iainarchaeia	Iainarchaeales	JAAZKV01	JAAZKV01	89.02	0.19	779062	751
GCA_018304285.1	4	Micrarchaeota	Micrarchaeia	Norongarragalinales	UBA10210	UBA10210	69.51	0.33	702987	823
GCA_026396385.1	4	Micrarchaeota	Micrarchaeia	Fermentimicrarchaeales	Fermentimicrarchaeaceae	Fermentimicrarchaeum	96.93	1.79	1015191	1158
GCF_007833275.1	4	Halobacteriota	Halobacteria	Halobacteriales	Halobacteriaceae	Salarchaeum	99.98	0.18	2523371	2627
GCA_020854815.1	4	Methanobacteriota_B	Thermococci	Methanofastidiosales	Methanofastidiosaceae	Methanofastidiosum	96.39	0.84	1945541	2273
GCA_002688395.1	4	Nanobdellota	Nanobdellia	SCGC-AAA011-G17	ARS1403	ARS1403	73.19	0.22	630675	826
GCA_041479965.1	4	Nanobdellota	Nanobdellia	Woesearchaeales	SM23-78	SM23-78	91.78	0.2	1142532	1280
GCA_023256385.1	4	Thermoproteota	Nitrososphaeria	Conexivisphaerales	Conexivisphaeraceae	Conexivisphaera	55.42	0.1	560281	640
GCA_021163505.1	4	Iainarchaeota	Iainarchaeia	Iainarchaeales	DTGL01	DTGL01	93.6	1.2	958664	1042
GCF_000993805.1	4	Thermoproteota	Thermoprotei	Thermofilales	Thermofilaceae	Infirmifilum	99.93	0.26	1611988	1695
GCF_018132105.1	4	Halobacteriota	Methanomicrobia	Methanomicrobiales	Methanocorpusculaceae	Methanocalculus	99.5	0.58	2134545	2231
GCA_029637525.1	4	Thermoproteota	Thermoprotei_A	Sulfolobales	Desulfurococcaceae	MEX13ELK6-19	99.99	1.33	1910795	1927
GCA_038878695.1	4	Thermoproteota	Thermoprotei_A	Sulfolobales	Fervidicoccaceae	JAVZVD01	98.29	0.0	1112410	1208
GCA_028279655.1	4	Nanobdellota	Nanobdellia	Woesearchaeales	JACPBV01	JAHWHQ01	89.89	0.87	2072300	2205
GCA_017609445.1	4	Aenigmatarchaeota	Aenigmatarchaeia	Aenigmatarchaeales	Aenigmatarchaeaceae	JAFCDY01	88.61	0.46	738370	988
GCA_019323755.1	4	Nanobdellota	Nanobdellia	Woesearchaeales	JAGLXL01	JAGLXL01	69.49	0.1	524542	709
GCA_038890975.1	4	Nanobdellota	Nanobdellia	Woesearchaeales	CAIVOO01	JAWAEZ01	82.43	0.79	723961	787
GCA_038146705.1	4	Thermoplasmatota	Poseidoniia	Poseidoniales	Poseidoniaceae	Poseidonia	94.83	0.52	2042115	1681
GCA_023145185.1	4	Thermoplasmatota	EX4484-6	EX4484-6	EX4484-6	JAGLEG01	90.83	0.3	2767517	2468
GCA_027081755.1	4	Thermoproteota	Thermoprotei_A	Sulfolobales	Ignicoccaceae	Ignicoccus	92.07	0.78	1406515	1723
GCA_038874185.1	4	Micrarchaeota	Micrarchaeia	CABMEP01	CABMEP01	DTQF01	84.73	3.13	823815	863
GCA_021735165.1	4	Nanobdellota	Nanobdellia	Woesearchaeales	21-14-0-10-32-9	JAIPET01	97.91	0.39	1100389	1205
GCA_021828665.1	4	Thermoplasmatota	Thermoplasmata	UBA184	UBA184	JAKIVR01	97.82	0.0	1621540	1511
GCA_027310575.1	4	Thermoproteota	Nitrososphaeria	Nitrososphaerales	UBA183	UBA183	97.03	4.35	1575568	1792
GCF_900215575.1	4	Halobacteriota	Halobacteria	Halobacteriales	Natronoarchaeaceae	Natronoarchaeum	95.72	0.33	3164179	3288
GCA_041305085.1	4	Nanobdellota	Nanobdellia	Woesearchaeales	UBA9642	SURF-58	97.14	2.91	1241857	1336
GCF_019175345.1	4	Thermoproteota	Thermoprotei_A	Sulfolobales	Sulfolobaceae	Saccharolobus	100.0	1.07	2916875	3165
GCF_041447285.1	4	Halobacteriota	Methanosarcinia	Methanosarcinales	Methanosarcinaceae	Methanomethylovorans	100.0	0.63	2843392	2718
GCA_016190055.1	4	Thermoproteota	Nitrososphaeria	Nitrososphaerales	JACPRH01	JACPRH01	87.52	0.94	2214839	2357
GCA_020355185.1	4	Aenigmatarchaeota	Aenigmatarchaeia	PWEA01	JAGHBM01	JAGLWW01	79.03	0.68	832879	982
GCA_027886795.1	4	Thermoproteota	Nitrososphaeria	Nitrososphaerales	CADDZS01	DATLTL01	70.0	0.06	1364750	1636
GCA_022257805.1	4	Aenigmatarchaeota	Aenigmatarchaeia	PWEA01	PWEA01	PWEA01	85.55	0.05	609866	830
GCA_018901315.1	4	Nanobdellota	Nanobdellia	Woesearchaeales	CG1-02-33-12	CG1-02-33-12	89.22	2.43	871335	1131
GCA_038997305.1	4	Aenigmatarchaeota	Aenigmatarchaeia	CG10238-14	SpSt-28	JAHLMO01	91.85	0.48	660055	738
GCA_038891055.1	4	Micrarchaeota	Micrarchaeia	Anstonellales	Anstonellaceae	JAOAJF01	97.15	0.02	881671	897
GCA_003162175.1	4	Halobacteriota	Bog-38	Bog-38	Bog-38	Bog-38	80.77	0.16	1818960	2085
GCA_038847005.1	4	Thermoproteota	Bathyarchaeia	40CM-2-53-6	CALIRQ01	CALIRQ01	78.32	1.58	1084422	1335
GCA_030668875.1	4	Asgardarchaeota	Heimdallarchaeia	Heimdallarchaeales	Heimdallarchaeaceae	UBA460	92.34	4.43	3229395	3046
GCA_023544605.1	4	Halobacteriota	Methanosarcinia	Methanosarcinales	Methanocomedenaceae	QBUR01	97.21	0.0	1628927	1821
GCA_038826135.1	4	Asgardarchaeota	Odinarchaeia	Odinarchaeales	Odinarchaeaceae	Odinarchaeum	93.15	0.65	1264822	1408
GCA_039793645.1	4	Micrarchaeota	Micrarchaeia	Micrarchaeales	CABMGC01	JAGDYD01	95.7	0.41	756972	870
GCA_000145985.1	4	Thermoproteota	Thermoprotei_A	Sulfolobales	Ignisphaeraceae	Ignisphaera	99.84	0.24	1875953	1999
GCA_041648255.1	4	Nanobdellota	Nanobdellia	SCGC-AAA011-G17	GW2011-AR18	JAHFKM01	97.43	1.57	1118693	1418
GCA_041677685.1	4	Iainarchaeota	Iainarchaeia	CSSED10-239	CSSED10-239	Forterrea	88.41	1.04	791686	820
GCA_035289485.1	4	Iainarchaeota	Iainarchaeia	Iainarchaeales	Iainarchaeaceae	UBA10205	90.15	0.42	1156387	1351
GCA_035289045.1	4	Nanobdellota	Nanobdellia	SCGC-AAA011-G17	GW2011-AR20	DATDYH01	91.5	3.13	960270	1373
GCA_019322535.1	4	Nanobdellota	Nanobdellia	Woesearchaeales	WJKL01	JAHWIM01	88.0	2.35	1090081	1316
GCA_024860875.1	4	Thermoproteota	Nitrososphaeria	Nitrososphaerales	UBA57	VHBL01	91.56	0.22	1670095	1915
GCA_016182015.1	4	Nanobdellota	Nanobdellia	UBA10117	UBA10117	JACOYC01	87.89	0.4	761113	950
GCA_030445695.1	4	Iainarchaeota	Iainarchaeia	JAADDC01	JAADDC01	SZUA-1452	88.61	0.19	664191	790
GCA_018816245.1	4	Aenigmatarchaeota	Aenigmatarchaeia	QMZP01	QMZP01	JAHIVW01	88.07	0.09	886365	999
GCA_016186855.1	4	Iainarchaeota	Iainarchaeia	Iainarchaeales	GW2011-AR10	JACPKT01	60.28	1.83	816866	1108
GCA_938045545.1	4	Thermoproteota	EX4484-205	EX4484-205	JAAOZP01	JAAOZP01	92.05	1.37	2027007	2150
GCA_018656555.1	4	Nanobdellota	Nanobdellia	SCGC-AAA011-G17	GW2011-AR17	JABHZQ01	97.68	1.12	1082529	1238
GCA_036626195.1	4	Thermoplasmatota	Thermoplasmata	Halarchaeoplasmatales	Halarchaeoplasmataceae	Natronoplasma	93.52	1.93	2183285	2095
GCA_016180035.1	4	Nanobdellota	Nanobdellia	Woesearchaeales	UBA12501	JACPCA01	94.14	0.03	1080595	1230
GCA_039091735.1	4	Aenigmatarchaeota	Aenigmatarchaeia	GW2011-AR5	JAHLMP01	JAWCLB01	63.61	0.21	465380	519
GCA_030018135.1	4	Hadarchaeota	Hadarchaeia	Hadarchaeales	Hadarchaeaceae	JASEGJ01	92.94	0.72	1108398	1310
GCA_016935095.1	4	Nanobdellota	Nanobdellia	Woesearchaeales	GW2011-AR15	JAFGRO01	95.45	1.66	1773445	1837
GCA_014729335.1	4	Nanobdellota	Nanobdellia	WJKC01	WJKC01	WJKC01	85.18	0.16	846825	1022
GCA_032598985.1	4	Thermoproteota	Bathyarchaeia	Bathyarchaeales	Bathyarchaeaceae	Bathyarchaeum	97.32	1.84	2202057	2343
GCA_004212155.1	4	Methanobacteriota_B	Thermococci	Methanofastidiosales	NM3	NM3	89.84	0.11	1492157	1585
GCA_003651105.1	4	Thermoplasmatota	E2	DHVEG-1	B18-G2	B18-G2	70.61	0.06	599425	732
GCA_009903825.1	4	Thermoproteota	Thermoprotei_A	Sulfolobales	AG1	WYEN01	94.87	2.64	1895118	2008
GCF_000172995.2	4	Halobacteriota	Halobacteria	Halobacteriales	Haloferacaceae	Halogeometricum	99.99	0.56	3944467	3954
GCA_015522885.1	4	Thermoplasmatota	Thermoplasmata	WALJ01	WALJ01	WALJ01	74.39	1.77	1200148	1389
GCA_945861715.1	4	Nanobdellota	Nanobdellia	Woesearchaeales	GW2011-AR9	CAMAVK01	98.33	0.88	1295831	1362
GCA_903832205.1	4	Micrarchaeota	Micrarchaeia	CAILAH01	CAILAH01	CAILAH01	81.83	0.49	1111759	1217
GCA_018303125.1	4	Nanobdellota	Nanobdellia	Woesearchaeales	WJIZ01	JAGVYS01	94.67	1.2	1349246	1495
GCA_022449345.1	4	Thermoplasmatota	Poseidoniia	Poseidoniales	Thalassarchaeaceae	MGIIb-O1	93.77	3.89	1470136	1302
GCA_026394375.1	4	Thermoplasmatota	Thermoplasmata	Methanomassiliicoccales	UBA472	JAJRAL01	99.84	1.34	1732336	1776
GCF_000016385.1	4	Thermoproteota	Thermoprotei	Thermoproteales	Thermoproteaceae	Pyrobaculum	99.98	0.03	2121076	2490
GCF_000025525.1	4	Methanobacteriota	Methanococci	Methanococcales	Methanocaldococcaceae	Methanocaldococcus	99.87	0.17	1773136	1875
GCA_016187335.1	4	Aenigmatarchaeota	Aenigmatarchaeia	GW2011-AR5	GW2011-AR5	JACPJW01	90.84	0.61	1014551	1203
GCA_016185755.1	4	Nanobdellota	Nanobdellia	Woesearchaeales	GW2011-AR4	GCA-2688775	93.67	0.97	1254448	1445
GCA_002688095.1	4	Nanobdellota	Nanobdellia	SCGC-AAA011-G17	GCA-2688095	GCA-2688095	81.16	0.14	605723	759
GCA_016203135.1	4	Nanobdellota	Nanobdellia	SCGC-AAA011-G17	JACPNG01	JACQNI01	93.4	2.35	912243	1180
GCA_038874355.1	4	Nanobdellota	Nanobdellia	Pacearchaeales	GW2011-AR1	JAVZCO01	95.78	1.02	593322	665
GCA_016866645.1	4	Nanobdellota	Nanobdellia	SCGC-AAA011-G17	VGLX01	VGLX01	72.63	0.57	1365478	1698
GCA_030633595.1	4	Altiarchaeota	Altiarchaeia	IMC4	QMZM01	QMZJ01	88.75	0.59	1223179	1387
GCA_041648475.1	4	Halobacteriota	Methanosarcinia	Methanosarcinales	Methanoperedenaceae	Methanoperedens	99.9	4.04	2646311	2968
GCA_011605715.1	4	Thermoproteota	EX4484-205	EX4484-205	JAAOZO01	JAAOZO01	85.31	1.22	1776668	1884
GCA_014238095.1	4	Aenigmatarchaeota	Aenigmatarchaeia	CG10238-14	SCSR01	JABABT01	92.94	0.4	516096	615
GCA_021817225.1	4	Thermoplasmatota	Thermoplasmata	Sysuiplasmatales	Sysuiplasmataceae	JAJZXY01	95.04	1.58	1973123	2039
GCA_018920365.1	4	Aenigmatarchaeota	Aenigmatarchaeia	CG10238-14	CG10238-14	JAHLMN01	93.75	0.09	752428	870
GCA_008297795.1	4	Thermoplasmatota	E2	UBA202	DSCA01	VBQP01	70.45	0.0	788003	861
GCA_030739585.1	4	Thermoproteota	Bathyarchaeia	TCS64	TCS64	GCA-2726865	95.09	2.67	1687772	1696
GCA_005888745.1	4	Thermoproteota	Bathyarchaeia	40CM-2-53-6	40CM-2-53-6	40CM-2-53-6	93.23	3.8	2195209	2537
GCF_030539875.1	4	Methanobacteriota	Methanobacteria	Methanobacteriales	Methanobacteriaceae	Methanocatella	99.99	0.91	1820428	1814
GCA_030055615.1	4	Methanobacteriota	Methanobacteria	Methanobacteriales	DSM-23052	Methanothermobacter_A	99.22	0.01	1488638	1584
GCA_020833055.1	4	Korarchaeota	Korarchaeia	Korarchaeales	Korarchaeaceae	Korarchaeum	99.5	0.55	1391191	1511
GCA_035935115.1	4	Thermoproteota	Nitrososphaeria	Nitrososphaerales	Nitrosopumilaceae	TA-20	99.99	0.71	1658682	1974
GCA_024280435.1	4	Asgardarchaeota	Heimdallarchaeia	Heimdallarchaeales	Kariarchaeaceae	JAJRQD01	84.39	3.08	4032800	3998
GCA_040751795.1	4	Thermoplasmatota	Thermoplasmata	UBA10834	UBA10834	UBA9653	92.92	1.15	2050642	1920
GCF_002498315.1	4	Halobacteriota	Methanomicrobia	Methanomicrobiales	Methanofollaceae	Methanofollis	99.65	0.92	2342296	2310
GCA_023252315.1	4	Nanobdellota	Nanobdellia	Woesearchaeales	UBA525	UBA525	87.55	0.53	1177544	1365
GCA_017610175.1	4	Iainarchaeota	Iainarchaeia	Iainarchaeales	GCA-2688035	JAFCCO01	90.25	0.18	1240584	1388
GCA_023130895.1	4	Thermoplasmatota	Thermoplasmata	RBG-16-68-12	JAGMCJ01	JAGMCJ01	83.71	1.24	2058261	2049
GCA_030643285.1	4	Halobacteriota	Syntropharchaeia	DAOWMC01	DAOWMC01	DAOWMC01	64.99	1.01	1305073	1537
GCA_003662305.1	4	Thermoproteota	Bathyarchaeia	Hecatellales	Hecatellaceae	B25	80.28	0.87	1116001	1378
GCA_034190525.1	4	Nanohalarchaeota	Nanosalinia	Nanosalinales	Nanohalalkaliarchaeaceae	JALIDP01	72.32	0.97	702166	994
GCA_036478175.1	4	Thermoplasmatota	Thermoplasmata	RBG-16-68-12	JAJISG01	JAJISK01	62.12	1.5	713792	888
GCA_013202845.1	4	Nanobdellota	Nanobdellia	Woesearchaeales	GCA-2686295	GCA-2686295	91.09	0.72	1203321	1279
GCA_017610525.1	4	EX4484-52	EX4484-52	EX4484-52	B79-G9	B79-G9	81.19	0.76	1284310	1518
GCA_002503845.1	4	Halobacteriota	Halobacteria	Halobacteriales	UBA12382	UBA12382	72.67	0.08	1130095	1170
GCA_021162365.1	4	Nanobdellota	Nanobdellia	CSSed11-243R1	CSSed11-243R1	WALP01	91.0	0.35	722724	861
GCF_000063445.1	4	Halobacteriota	Methanocellia	Methanocellales	Methanocellaceae	Methanocella_A	99.99	0.37	3179916	3117
GCA_040514325.1	4	Thermoproteota	Thermoprotei_A	Sulfolobales	Pyrodictiaceae	QNYQ01	99.97	0.28	1554611	1628
GCA_014239585.1	4	Nanobdellota	Nanobdellia	UBA10117	ARS21	ARS21	86.73	1.03	443919	564
GCA_016840135.1	4	Asgardarchaeota	Hermodarchaeia	Hermodarchaeales	Hermodarchaeaceae	YT-063	81.48	1.89	1816882	1973
GCA_032249095.1	4	Thermoproteota	Nitrososphaeria_A	Caldarchaeales	Calditenuaceae	HRBIN02	93.16	0.87	2028233	2403
GCA_025059045.1	4	Thermoproteota	Bathyarchaeia	Bathyarchaeales	DTEX01	JANXEA01	98.01	0.37	1424898	1418
GCA_023266895.1	4	Nanobdellota	Nanobdellia	Woesearchaeales	ARS49	JAHFOI01	100.0	0.08	1087575	1170
GCA_027043985.1	4	Thermoproteota	Thermoprotei_A	Sulfolobales	WANQ01	JALWGO01	63.01	0.62	1253989	1535
GCF_003369835.1	4	Halobacteriota	Halobacteria	Halobacteriales	Haladaptataceae	Halorussus	99.98	4.31	4372177	4306
GCA_016926735.1	4	Asgardarchaeota	Lokiarchaeia	Sigynarchaeales	SOKP01	JAFGOA01	99.29	4.84	3880929	3604
GCF_001748385.1	4	Thermoproteota	Thermoprotei	Thermoproteales	Thermocladiaceae	Vulcanisaeta	99.78	0.69	2022594	2171
GCF_000336715.1	4	Halobacteriota	Halobacteria	Halobacteriales	Halococcaceae	Halococcus	97.44	1.12	4052434	4366
GCA_018652475.1	4	Nanobdellota	Nanobdellia	SCGC-AAA011-G17	PNOQ01	JABICB01	91.73	0.26	525744	654
GCA_041653395.1	4	Nanobdellota	Nanobdellia	Tiddalikarchaeales	Tiddalikarchaeaceae	JAQTTT01	92.6	2.59	1007394	1153
GCA_018819225.1	5	Micrarchaeota	Micrarchaeia	Norongarragalinales	SBBD01	JAHJQN01	90.01	0.22	1373063	1359
GCA_029775875.1	5	Thermoproteota	Nitrososphaeria	Nitrososphaerales	JACAEJ01	JACAEJ01	94.34	2.55	1227868	1396
GCA_029762575.1	5	Thermoplasmatota	E2	DHVEG-1	DHVEG-1	EX4572-165	94.1	1.78	1576231	1593
GCA_902812505.1	5	Thermoproteota	Thermoprotei_A	Marsarchaeales	Marsarchaeaceae	ECH-B-1	78.7	1.01	1427151	1614
GCA_018668595.1	5	Nanobdellota	Nanobdellia	Woesearchaeales	UBA11576	JABJCP01	90.48	3.1	2318904	2306
GCA_026992595.1	5	Micrarchaeota	Micrarchaeia	Anstonellales	Bilamarchaeaceae	Bilamarchaeum	94.32	0.46	817131	929
GCA_030668905.1	5	Methanobacteriota_B	Thermococci	Methanofastidiosales	B48-G16	B48-G16	69.81	2.32	1149436	1481
GCF_022014235.1	5	Methanobacteriota	Methanobacteria	Methanobacteriales	Methanothermobacteraceae	Methanothermobacter	99.81	0.03	1744648	1816
GCF_900110455.1	5	Halobacteriota	Halobacteria	Halobacteriales	Natrialbaceae	Natrinema	100.0	0.81	4272165	4123
GCA_038046365.1	5	Nanobdellota	Nanobdellia	Woesearchaeales	JAGWAF01	JBBSWF01	86.1	2.86	2023882	2178
GCF_016757965.1	5	Halobacteriota	Archaeoglobi	Archaeoglobales	Archaeoglobaceae	Archaeoglobus	99.99	0.13	2115826	2446
GCA_002507245.1	5	Thermoproteota	Bathyarchaeia	Bathyarchaeales	Bathycorpusculaceae	UBA233	99.13	1.48	1581017	1705
GCA_002499005.1	5	Thermoproteota	Nitrososphaeria	Conexivisphaerales	UBA164	UBA164	84.06	0.56	1187522	1290
GCA_030607815.1	5	Thermoproteota	Bathyarchaeia	RBG-16-48-13	GCA-020355125	JAUWWH01	78.77	0.31	779320	843
GCA_026015225.1	5	Thermoproteota	Bathyarchaeia	40CM-2-53-6	RBG-13-38-9	JAOZGV01	80.34	4.54	1547383	1739
GCA_902158735.1	5	Halobacteriota	Methanoliparia	Methanoliparales	Methanoliparaceae	Methanolliviera	75.46	4.94	1703955	1997
GCA_014729055.1	5	Asgardarchaeota	Lokiarchaeia	Sigynarchaeales	MK-D1	WJKO01	80.12	3.28	5332287	4892
GCA_003568775.1	5	Nanobdellota	Nanobdellia	Nanobdellales	Nanobdellaceae	Nanoclepta	88.16	0.69	575637	661
GCA_011380095.1	5	Altiarchaeota	Altiarchaeia	IMC4	SCGC-AAA252-I15	DSAL01	85.5	0.0	1019182	1165
GCA_030612505.1	5	Thermoplasmatota	Thermoplasmata	SG8-5	SG8-5	JAGLQM01	85.41	4.9	2246607	2052
GCA_013415795.1	5	Halobacteriota	UBA148	UBA148	UBA148	UBA148	76.4	0.0	941283	1100
GCA_016217775.1	5	Micrarchaeota	Micrarchaeia	Norongarragalinales	UBA97	JACRGG01	72.07	0.3	861229	1038
GCF_900176435.1	5	Thermoplasmatota	Thermoplasmata	Thermoplasmatales	Thermoplasmataceae	Picrophilus	99.88	0.21	1534155	1589
GCA_020053155.1	5	Iainarchaeota	Iainarchaeia	Iainarchaeales	VGJJ01	VGJJ01	86.02	0.93	1064373	1264
GCA_023135545.1	5	Thermoplasmatota	Thermoplasmata	SG8-5	JAGLSY01	JAGLSY01	74.19	0.27	1805364	1655
GCA_036786905.1	5	Thermoproteota	Methanomethylicia	Nezhaarchaeales	WYZ-LMO8	WYZ-LMO8	88.97	1.6	1573617	1854
GCA_003034855.1	5	Halobacteriota	Methanonatronarchaeia	Methanonatronarchaeales	Methanonatronarchaeaceae	PZKD01	93.04	0.29	1422753	1649
GCA_029907715.1	5	Halobacteriota	Methanosarcinia	Methanotrichales	Methanotrichaceae	Methanothrix_B	99.89	0.04	2006954	1976
GCA_004347925.1	5	Hadarchaeota	Hadarchaeia	Hadarchaeales	WYZ-LMO6	WYZ-LMO6	88.06	0.51	1241441	1630
GCA_021162065.1	5	Thermoplasmatota	E2	UBA202	JdFR-43	JAGGZK01	95.87	0.18	1381434	1495
GCA_002009975.1	5	Methanobacteriota_B	Thermococci	Thermococcales	Thermococcaceae	Thermococcus_C	99.99	1.76	2362347	2602
GCA_019685575.1	5	Thermoproteota	Bathyarchaeia	Bathyarchaeales	SOJC01	JABFQO01	94.46	1.56	1529616	1661
GCA_038825625.1	5	Thermoproteota	Methanomethylicia	Culexarchaeales	Culexarchaeaceae	JAWBOZ01	74.61	2.9	982057	1186
GCA_027064305.1	5	Methanobacteriota	Methanopyri	Methanopyrales	Methanopyraceae	Methanopyrus	89.19	0.28	1208994	1356
GCA_028679985.1	5	Thermoplasmatota	Thermoplasmata	Methanomassiliicoccales	JACIVX01	JAJRAG01	81.2	0.65	1313589	1474
GCA_016939415.1	5	B1Sed10-29	B1Sed10-29	WALL01	WALL01	JAFGGZ01	85.08	0.21	839123	991
GCF_000308215.1	5	Thermoplasmatota	Thermoplasmata	Methanomassiliicoccales	Methanomassiliicoccaceae	Methanomassiliicoccus	99.69	4.29	2620233	2607
GCA_030600555.1	5	Aenigmatarchaeota	Aenigmatarchaeia	QMZS01	QMZS01	QMZS01	82.24	0.21	815187	896
GCA_026413865.1	5	Thermoproteota	Nitrososphaeria	JACIWG01	JACIWG01	JACIWG01	77.37	2.24	1451404	1583
GCA_963591575.1	5	Thermoplasmatota	Thermoplasmata	Methanomassiliicoccales	Methanomethylophilaceae	Methanomethylophilus	99.92	0.34	1582865	1500
GCA_034660795.1	5	Asgardarchaeota	Heimdallarchaeia	JABLTI01	JABLTI01	JAYEJY01	75.68	3.26	2297160	2388
GCA_013152685.1	5	Hydrothermarchaeota	Hydrothermarchaeia	Hydrothermarchaeales	BMS3B	Pyrohabitans	96.01	1.12	1800810	2125
GCA_025058615.1	5	Nanobdellota	Nanobdellia	Pacearchaeales	UBA284	JANXDM01	87.88	0.39	500610	600
GCA_037478935.1	5	Thermoproteota	Methanomethylicia	Methanomethylicales	Methanomethylicaceae	Methanosuratincola	96.5	0.59	1522400	1647
GCF_000016125.1	5	Methanobacteriota	Methanococci	Methanococcales	Methanococcaceae	Methanococcus	99.85	0.2	1789046	1888
GCA_017857235.1	5	Thermoplasmatota	Thermoplasmata	Thermoplasmatales	GCA-001856825	JAFMDN01	89.53	0.24	1280082	1353
GCA_038046025.1	5	Nanobdellota	Nanobdellia	SCGC-AAA011-G17	JACPIM01	JACPIM01	81.76	0.95	759063	923
GCA_016782225.1	5	Thermoproteota	Nitrososphaeria	Nitrososphaerales	Nitrososphaeraceae	Nitrosocosmicus	99.82	3.15	2622861	3010
GCA_001761425.1	5	Nanohalarchaeota	Nanosalinia	Nanosalinales	Nanosalinaceae	Nanohalobium	98.75	0.51	1118574	1222
GCA_963996465.1	5	Thermoplasmatota	Poseidoniia	MGIII	CG-Epi1	UBA102	91.77	0.22	995862	977
GCA_025966525.1	5	Halobacteriota	Syntropharchaeia	Alkanophagales	Methanospirareceae	QMVO01	94.82	0.03	1490772	1752
GCA_012910725.1	5	Halobacteriota	Methanosarcinia	Methanosarcinales	EX4572-44	Ethanoperedens	61.11	0.0	1245937	1359
GCA_034190605.1	5	Nanohalarchaeota	Nanosalinia	Nanosalinales	Nanoanaerosalinaceae	JAXINT01	87.28	0.95	1119684	1392
GCF_029633915.1	5	Halobacteriota	Methanomicrobia	Methanomicrobiales	Methanomicrobiaceae	Methanomicrobium	99.7	0.63	2438126	2327
GCA_002763345.1	5	Micrarchaeota	Micrarchaeia	Norongarragalinales	Norongarragalinaceae	Norongarragalina	71.5	0.25	789009	927
GCA_014728875.1	5	Nanobdellota	Nanobdellia	Woesearchaeales	WJKV01	WJKV01	84.51	1.23	1081931	1151
GCA_003023565.1	5	Halobacteriota	Halobacteria	Halobacteriales	QS-9-68-17	Halostella	89.19	0.36	2882595	2965
GCF_000327505.1	5	Thermoplasmatota	Thermoplasmata	Aciduliprofundales	Aciduliprofundaceae	Aciduliprofundum	99.42	0.21	1437090	1534
GCA_021801355.1	5	Micrarchaeota	Micrarchaeia	Micrarchaeales	Micrarchaeaceae	JAKATK01	96.03	0.11	1073858	1096
GCA_016177205.1	5	Aenigmatarchaeota	Aenigmatarchaeia	JACPZZ01	JACPZZ01	JACPZZ01	71.51	0.14	604800	733
GCA_041636435.1	5	Thermoplasmatota	E2	JACPAO01	JAHFTW01	JBFGSX01	90.86	0.7	1997718	2309
GCA_016935125.1	5	Nanobdellota	Nanobdellia	Woesearchaeales	DSVV01	JAFGRM01	93.0	1.1	1257203	1192
GCA_002505585.1	5	Nanobdellota	Nanobdellia	SCGC-AAA011-G17	UBA489	UBA489	90.93	0.46	766458	913
GCF_029278565.1	5	Halobacteriota	Halobacteria	Halobacteriales	Haloarculaceae	Haloarcula	100.0	3.22	4041616	4167
GCA_035687045.1	5	Thermoplasmatota	SW-10-69-26	JACQPN01	JAJPHT01	JAJPHT01	88.53	1.88	3129625	3324
GCF_030287405.1	5	Halobacteriota	Halobacteria	Halobacteriales	Halalkalicoccaceae	Halalkalicoccus	95.38	0.02	3468902	3677
GCA_018221025.1	5	SpSt-1190	SpSt-1190	SpSt-1190	SpSt-1190	JAAOXX01	85.78	1.01	631862	803
GCA_035557795.1	5	Thermoplasmatota	Thermoplasmata	RBG-16-68-12	RBG-16-68-12	RBG-16-68-12	90.96	3.19	2114960	2286
GCA_040753775.1	5	Nanobdellota	Nanobdellia	SCGC-AAA011-G17	JAFCDX01	JBFMDT01	82.32	1.26	698496	883
GCA_938045815.1	5	Thermoproteota	Thermoprotei_A	Sulfolobales	NBVN01	Zestosphaera	98.01	3.07	1519187	1627
GCA_013215525.1	5	Nanobdellota	Nanobdellia	Woesearchaeales	UBA583	UBA583	88.63	1.57	1746147	1953
GCA_038851915.1	5	Thermoproteota	Bathyarchaeia	B24	B24	DTBU01	72.6	1.35	1372697	1599
GCA_020343635.1	5	Aenigmatarchaeota	Aenigmatarchaeia	QMZP01	JAFGSV01	JAFGFG01	72.49	0.29	742425	834
GCA_038844785.1	5	Thermoproteota	Nitrososphaeria_A	Caldarchaeales	Caldarchaeaceae	Caldarchaeum	95.48	0.12	1736080	2018
GCA_013388835.1	5	Asgardarchaeota	Thorarchaeia	Thorarchaeales	Thorarchaeaceae	JACAEL01	97.58	3.13	3013036	2946
GCA_027024255.1	5	Micrarchaeota	Micrarchaeia	Anstonellales	J096	JALVSQ01	90.86	0.08	874647	950
GCF_018433835.1	5	Halobacteriota	Methanomicrobia	Methanomicrobiales	Methanoculleaceae	Methanoculleus	99.93	2.52	2939216	2921
GCA_021846665.1	5	Nanobdellota	Nanobdellia	Parvarchaeales	Parvarchaeaceae	Parvarchaeum	92.03	0.43	725305	821
GCA_034658695.1	5	Halobacteriota	Methanosarcinia	Methanosarcinales	Methanogasteraceae	Methanogaster_C	87.61	2.93	2876649	3182
GCA_016926395.1	5	Nanobdellota	Nanobdellia	Woesearchaeales	SKGA01	SKGA01	82.5	0.95	1016835	1047
GCA_034679905.1	5	Halobacteriota	Methanomicrobia	Methanomicrobiales	JACTUA01	JASEFH01	93.25	0.85	2577588	2586
GCA_036477085.1	5	Thermoplasmatota	Thermoplasmata	RBG-16-68-12	SOIM01	JAGLME01	78.51	0.22	1278176	1517
GCA_030671745.1	5	EX4484-52	EX4484-52	EX4484-52	GLR71	GLR71	85.88	3.07	1164400	1207
GCA_002011075.2	5	Thermoproteota	Nitrososphaeria	Geothermarchaeales	JDFR-13	Scotarchaeum	88.16	1.92	1686652	1735
GCA_028751095.1	5	Halobacteriota	Halobacteria	Halorutilales	Halorutilaceae	Halorutilus	88.67	1.21	1865478	2153
GCA_016839785.1	5	Asgardarchaeota	Heimdallarchaeia	Hodarchaeales	Hodarchaeaceae	Hodarchaeum	84.52	3.37	4041893	3837
GCA_021811935.1	5	Thermoproteota	Nitrososphaeria	Conexivisphaerales	DTJL01	JAKAPW01	85.14	0.3	1458821	1637
GCA_002878135.1	5	Thermoplasmatota	Thermoplasmata	Aciduliprofundales	ARK-15	ARK-15	91.41	1.31	1366358	1510
GCA_017857595.1	5	Thermoproteota	Thermoprotei	Gearchaeales	Gearchaeaceae	AAA261-N23	89.94	1.49	1472322	1611
GCA_016932215.1	5	Aenigmatarchaeota	Aenigmatarchaeia	QMZP01	QMZT01	JAFGDH01	89.0	0.21	1137756	1208
GCF_000327485.1	5	Halobacteriota	Methanomicrobia	Methanomicrobiales	Methanospirillaceae	Methanoregula	99.97	0.66	2820858	2880
GCA_002763225.1	5	Iainarchaeota	Iainarchaeia	Iainarchaeales	1-14-0-10-31-34	1-14-0-10-31-34	81.49	0.55	1044951	1170
GCA_016192905.1	5	Nanobdellota	Nanobdellia	Woesearchaeales	UBA10216	JACPTG01	95.19	0.0	1429225	1665
GCA_003056285.1	5	Thermoproteota	Nitrososphaeria_A	Caldarchaeales	Wolframiiraptoraceae	Terraquivivens	96.86	0.45	1536389	1668
GCA_013538805.1	5	Thermoproteota	Nitrososphaeria	Nitrososphaerales	Nitrosocaldaceae	Nitrosocaldus	97.19	0.05	1454274	1664
GCA_015521115.1	5	Thermoproteota	Thermoprotei_A	Sulfolobales	Acidilobaceae	S143-63	99.92	2.81	1727562	1804
GCA_028701835.1	5	Iainarchaeota	Iainarchaeia	Iainarchaeales	JAAZKV01	JAAZKV01	88.84	0.19	741671	795
GCA_028714235.1	5	Micrarchaeota	Micrarchaeia	Fermentimicrarchaeales	Fermentimicrarchaeaceae	JAQTMQ01	91.77	0.3	1038835	1101
GCF_001886955.1	5	Halobacteriota	Halobacteria	Halobacteriales	Halobacteriaceae	Halodesulfurarchaeum	99.97	0.16	2085946	2142
GCA_040771805.1	5	Methanobacteriota_B	Thermococci	Methanofastidiosales	Methanofastidiosaceae	Methanofastidiosum	96.36	0.04	1443268	1546
GCA_016930415.1	5	Nanobdellota	Nanobdellia	Woesearchaeales	SM23-78	SM23-78	90.99	0.53	1300433	1294
GCA_026396995.1	5	Iainarchaeota	Iainarchaeia	Iainarchaeales	DTGL01	JAPLVS01	92.77	0.69	1346962	1487
GCF_022693705.1	5	Thermoproteota	Thermoprotei	Thermofilales	Thermofilaceae	Infirmifilum	99.9	0.73	1829230	1931
GCA_002496395.1	5	Halobacteriota	Methanomicrobia	Methanomicrobiales	Methanocorpusculaceae	Methanocalculus	99.37	0.88	2074195	2187
GCA_038827615.1	5	Thermoproteota	Thermoprotei_A	Sulfolobales	Desulfurococcaceae	Thermosphaera	99.98	0.29	1364870	1430
GCA_009904015.1	5	Thermoproteota	Thermoprotei_A	Sulfolobales	Fervidicoccaceae	WYEQ01	91.92	0.56	1329306	1446
GCA_016180135.1	5	Nanobdellota	Nanobdellia	Woesearchaeales	JACPBV01	JACPBV01	88.38	0.22	1514466	1551
GCA_018901655.1	5	Aenigmatarchaeota	Aenigmatarchaeia	Aenigmatarchaeales	Aenigmatarchaeaceae	JAHIEG01	84.34	0.08	664824	909
GCA_030830875.1	5	Thermoplasmatota	Poseidoniia	Poseidoniales	Poseidoniaceae	MGIIa-L3	94.52	0.61	1797544	1628
GCA_025457865.1	5	Thermoplasmatota	EX4484-6	EX4484-6	EX4484-6	JALOTP01	89.47	1.86	2707365	2129
GCA_013154085.1	5	Thermoproteota	Thermoprotei_A	Sulfolobales	Ignicoccaceae	Ignicoccus	81.74	0.5	1184744	1439
GCA_902385155.1	5	Micrarchaeota	Micrarchaeia	CABMEP01	CABMEP01	CABMEP01	82.71	1.53	965193	1040
GCA_007117755.1	5	Nanobdellota	Nanobdellia	Woesearchaeales	21-14-0-10-32-9	SKIS01	91.76	4.14	784153	967
GCA_027365105.1	5	Thermoplasmatota	Thermoplasmata	UBA184	UBA184	UBA184	97.54	0.29	1832064	1849
GCA_016200045.1	5	Thermoproteota	Nitrososphaeria	Nitrososphaerales	UBA183	UBA183	96.87	2.55	1542164	1730
GCA_021813435.1	5	Nanobdellota	Nanobdellia	Woesearchaeales	UBA9642	UBA9642	96.31	0.06	1411830	1486
GCF_020886315.1	5	Thermoproteota	Thermoprotei_A	Sulfolobales	Sulfolobaceae	Saccharolobus	100.0	3.25	3075795	3318
GCF_963665675.1	5	Halobacteriota	Methanosarcinia	Methanosarcinales	Methanosarcinaceae	Methanolobus	100.0	1.13	3515989	3201
GCA_036514475.1	5	Thermoproteota	Nitrososphaeria	Nitrososphaerales	JACPRH01	DATBXD01	86.6	0.92	1350471	1609
GCA_035533635.1	5	Thermoproteota	Nitrososphaeria	Nitrososphaerales	CADDZS01	DATLTL01	68.17	3.11	1434288	1788
GCA_003550625.1	5	Aenigmatarchaeota	Aenigmatarchaeia	PWEA01	PWEA01	PWEA01	83.04	0.01	723616	798
GCA_028711925.1	5	Nanobdellota	Nanobdellia	Woesearchaeales	CG1-02-33-12	M55A3	89.15	3.11	917841	1089
GCA_038742305.1	5	Aenigmatarchaeota	Aenigmatarchaeia	CG10238-14	SpSt-28	JAHLMO01	90.84	0.33	592509	716
GCA_026413805.1	5	Micrarchaeota	Micrarchaeia	Anstonellales	Anstonellaceae	SKW311	93.5	1.64	884391	999
GCA_037140755.1	5	Halobacteriota	Bog-38	Bog-38	Bog-38	Bog-38	78.55	0.0	1768041	2120
GCA_018238545.1	5	Asgardarchaeota	Heimdallarchaeia	Heimdallarchaeales	Heimdallarchaeaceae	UBA460	91.83	4.17	3628557	3562
GCA_014859725.1	5	Halobacteriota	Methanosarcinia	Methanosarcinales	Methanocomedenaceae	Kmv04	96.04	0.46	2397132	2677
GCA_038878295.1	5	Micrarchaeota	Micrarchaeia	Micrarchaeales	CABMGC01	JAVZDR01	94.97	0.12	752021	809
GCA_038889075.1	5	Thermoproteota	Thermoprotei_A	Sulfolobales	Ignisphaeraceae	Ignisphaera	99.58	1.05	1951966	1964
GCA_018302545.1	5	Nanobdellota	Nanobdellia	SCGC-AAA011-G17	GW2011-AR18	JAGVZM01	95.59	1.69	1159343	1391
GCA_937968065.1	5	Iainarchaeota	Iainarchaeia	CSSED10-239	CSSED10-239	Forterrea	87.37	0.38	699123	782
GCA_035655435.1	5	Iainarchaeota	Iainarchaeia	Iainarchaeales	Iainarchaeaceae	UBA493	89.35	1.72	1147265	1403
GCA_016203115.1	5	Nanobdellota	Nanobdellia	SCGC-AAA011-G17	GW2011-AR20	JACQNJ01	89.46	0.67	763120	955
GCA_020056025.1	5	Nanobdellota	Nanobdellia	Woesearchaeales	WJKL01	JAGVIO01	87.93	2.78	1198592	1426
GCA_016180375.1	5	Thermoproteota	Nitrososphaeria	Nitrososphaerales	UBA57	JACPBJ01	87.7	3.52	1436640	1885
GCA_023245115.1	5	Nanobdellota	Nanobdellia	UBA10117	UBA10117	JACOYC01	86.27	0.29	846126	1139
GCA_027074515.1	5	Iainarchaeota	Iainarchaeia	JAADDC01	JAADDC01	JAADDH01	87.28	0.25	731656	956
GCA_017609145.1	5	Aenigmatarchaeota	Aenigmatarchaeia	QMZP01	QMZP01	JAFCEM01	88.05	1.09	815378	1009
GCA_038861395.1	5	Thermoproteota	EX4484-205	EX4484-205	JAAOZP01	JAAOZP01	91.5	2.74	1464497	1618
GCA_034718475.1	5	Nanobdellota	Nanobdellia	SCGC-AAA011-G17	GW2011-AR17	JAYEMU01	97.49	0.74	1115373	1309
GCA_003554965.1	5	Thermoplasmatota	Thermoplasmata	Halarchaeoplasmatales	Halarchaeoplasmataceae	Natronoplasma	93.29	3.26	2332123	2157
GCA_014729495.1	5	Nanobdellota	Nanobdellia	Woesearchaeales	UBA12501	WJJV01	91.38	0.08	1346489	1413
GCA_014361095.1	5	Hadarchaeota	Hadarchaeia	Hadarchaeales	Hadarchaeaceae	Hadarchaeum	92.01	1.46	1196065	1407
GCA_016928835.1	5	Nanobdellota	Nanobdellia	Woesearchaeales	GW2011-AR15	JAFGJW01	95.08	0.22	1531415	1554
GCA_030615265.1	5	Thermoproteota	Bathyarchaeia	Bathyarchaeales	Bathyarchaeaceae	GCA-020344715	96.02	3.49	1864115	2299
GCA_016930445.1	5	Methanobacteriota_B	Thermococci	Methanofastidiosales	NM3	JAFGGT01	84.07	0.69	1236253	1428
GCA_003116855.1	5	Thermoproteota	Thermoprotei_A	Sulfolobales	AG1	AG1	94.77	0.15	1997414	1932
GCF_000746205.1	5	Halobacteriota	Halobacteria	Halobacteriales	Haloferacaceae	Halorubrum	99.99	0.07	2767463	2765
GCA_002762785.1	5	Nanobdellota	Nanobdellia	Woesearchaeales	GW2011-AR9	PCXY01	98.27	0.57	1178529	1300
GCA_038740245.1	5	Micrarchaeota	Micrarchaeia	CAILAH01	CAILAH01	DYJQ01	81.0	0.68	687895	741
GCA_028279765.1	5	Nanobdellota	Nanobdellia	Woesearchaeales	WJIZ01	JANQND01	90.17	0.64	1503288	1529
GCA_002498725.1	5	Thermoplasmatota	Poseidoniia	Poseidoniales	Thalassarchaeaceae	MGIIb-O1	93.69	0.04	1494957	1300
GCA_002067865.1	5	Thermoplasmatota	Thermoplasmata	Methanomassiliicoccales	UBA472	MVRC01	99.81	4.2	2216273	2176
GCF_000019805.1	5	Thermoproteota	Thermoprotei	Thermoproteales	Thermoproteaceae	Pyrobaculum	99.98	0.14	1769823	2051
GCF_000024625.1	5	Methanobacteriota	Methanococci	Methanococcales	Methanocaldococcaceae	Methanocaldococcus	99.82	0.1	1761737	1761
GCA_016193585.1	5	Aenigmatarchaeota	Aenigmatarchaeia	GW2011-AR5	GW2011-AR5	JACPRW01	90.75	0.11	1170395	1422
GCA_016187465.1	5	Nanobdellota	Nanobdellia	Woesearchaeales	GW2011-AR4	GCA-2688775	93.41	0.96	1624093	1892
GCA_016185605.1	5	Nanobdellota	Nanobdellia	SCGC-AAA011-G17	JACPNG01	JACPNG01	91.85	0.63	857237	1102
GCA_002496015.1	5	Nanobdellota	Nanobdellia	Pacearchaeales	GW2011-AR1	UBA73	95.49	0.63	915349	1062
GCA_034716875.1	5	Altiarchaeota	Altiarchaeia	IMC4	QMZM01	QMZG01	87.94	0.18	1585234	1784
GCA_027460535.1	5	Halobacteriota	Methanosarcinia	Methanosarcinales	Methanoperedenaceae	Methanoperedens	99.84	0.69	2901755	3197
GCA_018920185.1	5	Aenigmatarchaeota	Aenigmatarchaeia	CG10238-14	SCSR01	JACOWB01	92.53	0.05	643152	762
GCA_021811925.1	5	Thermoplasmatota	Thermoplasmata	Sysuiplasmatales	Sysuiplasmataceae	JAJZXY01	85.47	0.82	1744010	1889
GCA_018304545.1	5	Aenigmatarchaeota	Aenigmatarchaeia	CG10238-14	CG10238-14	JAGVVZ01	91.94	0.57	960002	1134
GCA_030669135.1	5	Thermoproteota	Bathyarchaeia	TCS64	TCS64	RBG-16-57-9	94.83	4.14	1921604	2399
GCA_005888735.1	5	Thermoproteota	Bathyarchaeia	40CM-2-53-6	40CM-2-53-6	BA-19	93.18	3.32	2390752	2663
GCF_034480035.2	5	Methanobacteriota	Methanobacteria	Methanobacteriales	Methanobacteriaceae	Methanosphaera	99.99	1.12	2680162	2311
GCA_001507955.1	5	Methanobacteriota	Methanobacteria	Methanobacteriales	DSM-23052	Methanothermobacter_A	94.02	0.33	1356511	1604
GCA_027491435.1	5	Korarchaeota	Korarchaeia	Korarchaeales	Korarchaeaceae	JAOZFG01	99.46	2.54	1640506	1763
GCF_014078525.1	5	Thermoproteota	Nitrososphaeria	Nitrososphaerales	Nitrosopumilaceae	Nitrosopumilus	99.98	0.17	1789073	2164
GCA_027016475.1	5	Asgardarchaeota	Heimdallarchaeia	Heimdallarchaeales	Kariarchaeaceae	WAKA01	82.42	2.5	3387720	3706
GCA_020725925.1	5	Thermoplasmatota	Thermoplasmata	UBA10834	UBA10834	COMBO-56-21	92.9	0.93	2041948	2020
GCF_013377755.1	5	Halobacteriota	Methanomicrobia	Methanomicrobiales	Methanofollaceae	Methanofollis	99.33	0.19	2248716	2313
GCA_028818155.1	5	Nanobdellota	Nanobdellia	Woesearchaeales	UBA525	UBA525	87.48	0.11	1640986	1932
GCA_017610485.1	5	Iainarchaeota	Iainarchaeia	Iainarchaeales	GCA-2688035	JAFCCL01	88.44	0.51	1254852	1536
GCA_023129265.1	5	Thermoplasmatota	Thermoplasmata	RBG-16-68-12	JAGMCJ01	JAGMCJ01	76.78	0.76	1606260	1805
GCA_001593855.1	5	Thermoproteota	Bathyarchaeia	Hecatellales	Hecatellaceae	B25	72.13	0.61	818882	976
GCA_018817005.1	5	Nanobdellota	Nanobdellia	Woesearchaeales	GCA-2686295	JAHIUF01	91.03	1.14	1659209	1747
GCA_023142905.1	5	EX4484-52	EX4484-52	EX4484-52	B79-G9	GLR112	80.41	1.14	1044992	1244
GCA_022450005.1	5	Halobacteriota	Halobacteria	Halobacteriales	UBA12382	UBA12382	71.22	0.53	1013185	1114
GCA_028713895.1	5	Nanobdellota	Nanobdellia	CSSed11-243R1	CSSed11-243R1	JAQTNH01	89.52	0.5	1067177	1264
GCA_002067315.1	5	Halobacteriota	Methanocellia	Methanocellales	Methanocellaceae	Methanocella_A	99.99	2.91	3243770	3332
GCF_001462395.1	5	Thermoproteota	Thermoprotei_A	Sulfolobales	Pyrodictiaceae	Pyrodictium	99.79	0.0	1621727	1682
GCA_002725495.1	5	Nanobdellota	Nanobdellia	UBA10117	ARS21	ARS21	78.0	3.78	635633	803
GCA_016550485.1	5	Asgardarchaeota	Hermodarchaeia	Hermodarchaeales	Hermodarchaeaceae	YT-063	80.31	2.46	2446527	2633
GCA_025059595.1	5	Thermoproteota	Nitrososphaeria_A	Caldarchaeales	Calditenuaceae	HRBIN02	92.13	0.31	1414461	1532
GCA_038868075.1	5	Thermoproteota	Bathyarchaeia	Bathyarchaeales	DTEX01	DTEX01	97.44	0.95	1581839	1614
GCA_037445145.1	5	Nanobdellota	Nanobdellia	Woesearchaeales	ARS49	JAWAAW01	100.0	0.38	899476	987
GCF_008831545.1	5	Halobacteriota	Halobacteria	Halobacteriales	Haladaptataceae	Halorussus	99.98	1.93	4450731	4481
GCA_016839585.1	5	Asgardarchaeota	Lokiarchaeia	Sigynarchaeales	SOKP01	Loki-b32	99.24	2.2	3453515	3367
GCF_026000775.1	5	Thermoproteota	Thermoprotei	Thermoproteales	Thermocladiaceae	Vulcanisaeta	99.74	0.49	2432148	2671
GCF_000336675.1	5	Halobacteriota	Halobacteria	Halobacteriales	Halococcaceae	Halococcus	96.4	1.02	3419074	3516
GCA_013824915.1	5	Nanobdellota	Nanobdellia	SCGC-AAA011-G17	PNOQ01	PNOQ01	90.11	1.48	828909	1040
GCA_002779595.1	5	Nanobdellota	Nanobdellia	Tiddalikarchaeales	Tiddalikarchaeaceae	CG07-land	90.94	0.91	809810	1056
GCA_005239845.1	6	Micrarchaeota	Micrarchaeia	Norongarragalinales	SBBD01	SBBD01	70.17	1.64	1190917	1291
GCA_013388925.1	6	Thermoproteota	Nitrososphaeria	Nitrososphaerales	JACAEJ01	JACAEJ01	94.01	2.25	1282929	1500
GCA_029939595.1	6	Thermoplasmatota	E2	DHVEG-1	DHVEG-1	EX4572-165	93.38	0.79	2644436	2733
GCA_038883995.1	6	Thermoproteota	Thermoprotei_A	Marsarchaeales	Marsarchaeaceae	JAMDBQ01	75.54	2.05	1357625	1442
GCA_013203345.1	6	Nanobdellota	Nanobdellia	Woesearchaeales	UBA11576	JABMQF01	89.35	1.34	1692119	1806
GCA_030613375.1	6	Micrarchaeota	Micrarchaeia	Anstonellales	Bilamarchaeaceae	CAIKOA01	93.84	0.21	1155921	1266
GCF_025397995.1	6	Methanobacteriota	Methanobacteria	Methanobacteriales	Methanothermobacteraceae	Methanothermobacter	99.8	0.03	1706705	1847
GCF_900110865.1	6	Halobacteriota	Halobacteria	Halobacteriales	Natrialbaceae	Natrinema	100.0	2.49	4857017	4750
GCA_018303205.1	6	Nanobdellota	Nanobdellia	Woesearchaeales	JAGWAF01	JAGVYP01	84.99	0.98	1423955	1564
GCA_027064525.1	6	Halobacteriota	Archaeoglobi	Archaeoglobales	Archaeoglobaceae	WAKM01	99.99	0.38	1891091	2238
GCA_026014685.1	6	Thermoproteota	Bathyarchaeia	Bathyarchaeales	Bathycorpusculaceae	Bathycorpusculum	99.1	2.56	2318450	2487
GCA_029786595.1	6	Thermoproteota	Nitrososphaeria	Conexivisphaerales	UBA164	JAJZYL01	82.69	4.24	1609299	1926
GCA_030671165.1	6	Thermoproteota	Bathyarchaeia	RBG-16-48-13	GCA-020355125	JAUWWH01	77.29	3.91	1175460	1327
GCA_018396565.1	6	Thermoproteota	Bathyarchaeia	40CM-2-53-6	RBG-13-38-9	DTMT01	79.38	1.06	1572962	1871
GCA_030612265.1	6	Asgardarchaeota	Lokiarchaeia	Sigynarchaeales	MK-D1	Prometheoarchaeum	79.3	4.52	3772821	3693
GCA_028276785.1	6	Nanobdellota	Nanobdellia	Nanobdellales	Nanobdellaceae	Nanobdella	85.53	0.76	597562	718
GCA_016867655.1	6	Altiarchaeota	Altiarchaeia	IMC4	SCGC-AAA252-I15	VGJA01	78.65	0.84	1152678	1402
GCA_002499085.1	6	Thermoplasmatota	Thermoplasmata	SG8-5	SG8-5	UBA147	77.4	0.01	1749312	1503
GCA_038046065.1	6	Micrarchaeota	Micrarchaeia	Norongarragalinales	UBA97	JBBSWX01	70.93	0.16	839931	1004
GCF_008709555.1	6	Thermoplasmatota	Thermoplasmata	Thermoplasmatales	Thermoplasmataceae	Thermoplasma	99.8	0.21	1451080	1491
GCA_016198125.1	6	Iainarchaeota	Iainarchaeia	Iainarchaeales	VGJJ01	JACQJG01	71.02	0.66	845833	922
GCA_011605835.1	6	Thermoproteota	Methanomethylicia	Nezhaarchaeales	WYZ-LMO8	WYZ-LMO8	75.15	0.08	1029618	1260
GCA_026419855.1	6	Halobacteriota	Methanosarcinia	Methanotrichales	Methanotrichaceae	Methanothrix_B	99.88	0.32	1899129	1880
GCA_024275755.1	6	Thermoplasmatota	E2	UBA202	JdFR-43	JdFR-43	94.8	0.38	1422108	1567
GCF_000215995.1	6	Methanobacteriota_B	Thermococci	Thermococcales	Thermococcaceae	Pyrococcus	99.98	0.78	1716818	1882
GCA_020354575.1	6	Thermoproteota	Bathyarchaeia	Bathyarchaeales	SOJC01	GCA-020354575	92.87	3.45	1838111	1994
GCA_039833815.1	6	Methanobacteriota	Methanopyri	Methanopyrales	Methanopyraceae	Methanopyrus	87.65	0.5	1395263	1668
GCA_028682925.1	6	Thermoplasmatota	Thermoplasmata	Methanomassiliicoccales	JACIVX01	JAJRAG01	78.68	3.27	1372512	1546
GCA_018262895.1	6	Thermoplasmatota	Thermoplasmata	Methanomassiliicoccales	Methanomassiliicoccaceae	UBA6	99.66	1.01	2341601	2257
GCA_003663295.1	6	Aenigmatarchaeota	Aenigmatarchaeia	QMZS01	QMZS01	QMZS01	81.92	3.59	820294	969
GCA_963640995.1	6	Thermoplasmatota	Thermoplasmata	Methanomassiliicoccales	Methanomethylophilaceae	Methanoprimaticola	99.92	0.85	2221271	2125
GCA_030671945.1	6	Asgardarchaeota	Heimdallarchaeia	JABLTI01	JABLTI01	JABLTI01	69.44	2.95	2458465	2534
GCA_015521615.1	6	Hydrothermarchaeota	Hydrothermarchaeia	Hydrothermarchaeales	BMS3B	Pyrohabitans	93.71	2.54	1804209	2209
GCA_018304245.1	6	Nanobdellota	Nanobdellia	Pacearchaeales	UBA284	UBA284	87.66	0.08	562556	671
GCA_029907755.1	6	Thermoproteota	Methanomethylicia	Methanomethylicales	Methanomethylicaceae	Methanosuratincola	95.85	0.41	1437980	1726
GCF_000017185.1	6	Methanobacteriota	Methanococci	Methanococcales	Methanococcaceae	Methanofervidicoccus	99.8	0.0	1569500	1525
GCA_021797915.1	6	Thermoplasmatota	Thermoplasmata	Thermoplasmatales	GCA-001856825	GCA-001856825	89.18	0.03	1321336	1410
GCA_038045665.1	6	Nanobdellota	Nanobdellia	SCGC-AAA011-G17	JACPIM01	JBBSXW01	78.37	1.16	716966	928
GCF_000802205.1	6	Thermoproteota	Nitrososphaeria	Nitrososphaerales	Nitrososphaeraceae	Nitrosocosmicus	99.75	0.58	3430706	3739
GCA_001563875.1	6	Nanohalarchaeota	Nanosalinia	Nanosalinales	Nanosalinaceae	B1-Br10-U2g19	96.75	0.28	709831	860
GCA_029941645.1	6	Thermoplasmatota	Poseidoniia	MGIII	CG-Epi1	CG-Epi1	90.52	0.03	1074774	1111
GCA_025464325.1	6	Halobacteriota	Syntropharchaeia	Alkanophagales	Methanospirareceae	G60ANME1	94.46	0.12	1418687	1521
GCA_905067555.1	6	Halobacteriota	Methanosarcinia	Methanosarcinales	EX4572-44	Ethanoperedens	56.91	0.14	1220527	1290
GCA_022729275.1	6	Nanohalarchaeota	Nanosalinia	Nanosalinales	Nanoanaerosalinaceae	Nanoanaerosalina	85.73	0.05	849024	1006
GCF_032878975.1	6	Halobacteriota	Methanomicrobia	Methanomicrobiales	Methanomicrobiaceae	Methanomicrobium	99.31	0.23	2312530	2248
GCA_019322855.1	6	Nanobdellota	Nanobdellia	Woesearchaeales	WJKV01	WJKV01	82.99	0.63	859769	991
GCA_015521465.1	6	Thermoplasmatota	Thermoplasmata	Aciduliprofundales	Aciduliprofundaceae	JAADDK01	96.23	0.43	1508455	1637
GCA_021798935.1	6	Micrarchaeota	Micrarchaeia	Micrarchaeales	Micrarchaeaceae	Mancarchaeum	95.95	1.42	856966	869
GCA_035526765.1	6	Thermoplasmatota	E2	JACPAO01	JAHFTW01	JAHFTW01	90.51	0.35	2244714	2152
GCA_018661705.1	6	Nanobdellota	Nanobdellia	Woesearchaeales	DSVV01	JABHXF01	92.8	0.6	1654130	1510
GCA_018302985.1	6	Nanobdellota	Nanobdellia	SCGC-AAA011-G17	UBA489	JACOVP01	87.86	0.7	1039194	1241
GCF_031624395.1	6	Halobacteriota	Halobacteria	Halobacteriales	Haloarculaceae	Haloarcula	100.0	4.75	4195167	4288
GCA_035553595.1	6	Thermoplasmatota	SW-10-69-26	JACQPN01	JAJPHT01	DATMKA01	87.12	3.25	3493955	3500
GCF_003697815.1	6	Halobacteriota	Halobacteria	Halobacteriales	Halalkalicoccaceae	Halalkalicoccus	95.27	0.35	3610033	3867
GCA_018221005.1	6	SpSt-1190	SpSt-1190	SpSt-1190	SpSt-1190	JAAOXW01	84.26	0.02	726612	896
GCA_020029475.1	6	Thermoplasmatota	Thermoplasmata	RBG-16-68-12	RBG-16-68-12	EA-19	90.78	1.72	1936699	2040
GCA_018302265.1	6	Nanobdellota	Nanobdellia	SCGC-AAA011-G17	JAFCDX01	JAGVZV01	81.77	0.29	588803	774
GCA_027002995.1	6	Thermoproteota	Thermoprotei_A	Sulfolobales	NBVN01	WAOL01	97.78	0.42	1856338	2106
GCA_041631255.1	6	Nanobdellota	Nanobdellia	Woesearchaeales	UBA583	UBA583	85.85	3.21	942993	1268
GCA_938082915.1	6	Thermoproteota	Bathyarchaeia	B24	B24	DTBU01	72.12	1.2	1489262	1737
GCA_030624445.1	6	Aenigmatarchaeota	Aenigmatarchaeia	QMZP01	JAFGSV01	JAUXKD01	66.95	0.16	657772	794
GCA_030059675.1	6	Thermoproteota	Nitrososphaeria_A	Caldarchaeales	Caldarchaeaceae	Pelearchaeum	94.39	0.57	1786704	2104
GCA_029855935.1	6	Asgardarchaeota	Thorarchaeia	Thorarchaeales	Thorarchaeaceae	B65-G9	97.3	2.81	2970808	2750
GCA_025058915.1	6	Micrarchaeota	Micrarchaeia	Anstonellales	J096	JAADEL01	88.34	0.33	543959	636
GCF_032842345.1	6	Halobacteriota	Methanomicrobia	Methanomicrobiales	Methanoculleaceae	Methanoculleus	99.93	1.34	2617102	2562
GCA_021807085.1	6	Nanobdellota	Nanobdellia	Parvarchaeales	Parvarchaeaceae	Parvarchaeum	91.02	1.34	675293	767
GCA_004211975.1	6	Halobacteriota	Methanosarcinia	Methanosarcinales	Methanogasteraceae	Methanogaster_D	87.21	0.44	2656101	2811
GCA_035506435.1	6	Halobacteriota	Methanomicrobia	Methanomicrobiales	JACTUA01	JACTUA01	91.44	0.63	1882525	2015
GCA_020345725.1	6	Thermoplasmatota	Thermoplasmata	RBG-16-68-12	SOIM01	SOIM01	76.3	1.23	1991026	1819
GCA_023134675.1	6	EX4484-52	EX4484-52	EX4484-52	GLR71	GLR71	84.78	1.7	1119610	1400
GCA_015661745.1	6	Thermoproteota	Nitrososphaeria	Geothermarchaeales	JDFR-13	SZUA-1514	85.42	1.84	1082014	1264
GCA_028751055.1	6	Halobacteriota	Halobacteria	Halorutilales	Halorutilaceae	Halorutilus	64.27	0.55	1703903	2174
GCA_029856365.1	6	Asgardarchaeota	Heimdallarchaeia	Hodarchaeales	Hodarchaeaceae	Hodarchaeum	83.59	4.18	4243463	3927
GCA_009758405.1	6	Thermoplasmatota	Thermoplasmata	Aciduliprofundales	ARK-15	ARK-15	88.76	0.13	1302701	1385
GCA_000380705.1	6	Thermoproteota	Thermoprotei	Gearchaeales	Gearchaeaceae	SCGC-AAA471-B05	89.48	0.79	1413297	1551
GCA_030634615.1	6	Aenigmatarchaeota	Aenigmatarchaeia	QMZP01	QMZT01	DAOWAL01	83.46	0.42	1095703	1318
GCA_016926505.1	6	Halobacteriota	Methanomicrobia	Methanomicrobiales	Methanospirillaceae	JAFGOM01	99.97	0.55	2936193	2796
GCA_016192915.1	6	Nanobdellota	Nanobdellia	Woesearchaeales	UBA10216	UBA10216	92.9	0.51	1197840	1318
GCA_023254095.1	6	Thermoproteota	Nitrososphaeria_A	Caldarchaeales	Wolframiiraptoraceae	Geocrenenecus	96.38	1.22	1609249	1663
GCA_013538715.1	6	Thermoproteota	Nitrososphaeria	Nitrososphaerales	Nitrosocaldaceae	Nitrosothermus	96.31	0.38	1458290	1648
GCF_000011125.1	6	Thermoproteota	Thermoprotei_A	Sulfolobales	Acidilobaceae	Aeropyrum	99.91	0.17	1669696	1718
GCA_041653195.1	6	Iainarchaeota	Iainarchaeia	Iainarchaeales	JAAZKV01	JAPLVR01	88.83	0.02	871508	919
GCA_026396455.1	6	Micrarchaeota	Micrarchaeia	Fermentimicrarchaeales	Fermentimicrarchaeaceae	Fermentimicrarchaeum	91.62	0.52	792787	937
GCF_014647475.1	6	Halobacteriota	Halobacteria	Halobacteriales	Halobacteriaceae	Halocalculus	99.96	0.37	3380345	3460
GCA_001587575.1	6	Methanobacteriota_B	Thermococci	Methanofastidiosales	Methanofastidiosaceae	Methanofastidiosum	94.99	0.17	1557731	1760
GCA_016932315.1	6	Nanobdellota	Nanobdellia	Woesearchaeales	SM23-78	SM23-78	90.87	0.23	1338846	1422
GCA_026413945.1	6	Iainarchaeota	Iainarchaeia	Iainarchaeales	DTGL01	DTGL01	92.06	0.37	948649	981
GCA_038741495.1	6	Thermoproteota	Thermoprotei	Thermofilales	Thermofilaceae	Thermofilum_C	95.92	0.19	1615881	1756
GCF_026891975.1	6	Halobacteriota	Methanomicrobia	Methanomicrobiales	Methanocorpusculaceae	Methanocorpusculum	99.19	0.32	2026067	2087
GCF_000092185.1	6	Thermoproteota	Thermoprotei_A	Sulfolobales	Desulfurococcaceae	Thermosphaera	99.97	0.29	1316595	1415
GCA_022759165.1	6	Thermoproteota	Thermoprotei_A	Sulfolobales	Fervidicoccaceae	ARK-14	87.41	0.2	1224597	1306
GCA_019323195.1	6	Nanobdellota	Nanobdellia	Woesearchaeales	JACPBV01	JAHWHQ01	88.38	1.03	1693346	1787
GCA_017608545.1	6	Aenigmatarchaeota	Aenigmatarchaeia	Aenigmatarchaeales	Aenigmatarchaeaceae	CS1-C013	83.02	0.28	556959	824
GCA_943788295.1	6	Thermoplasmatota	Poseidoniia	Poseidoniales	Poseidoniaceae	MGIIa-L1	94.43	0.74	2104721	1778
GCA_034723935.1	6	Thermoplasmatota	EX4484-6	EX4484-6	EX4484-6	JAFGLL01	86.16	3.07	2806326	2660
GCA_015521275.1	6	Thermoproteota	Thermoprotei_A	Sulfolobales	Ignicoccaceae	Ignicoccus	56.84	1.21	901532	1185
GCA_038880755.1	6	Micrarchaeota	Micrarchaeia	CABMEP01	CABMEP01	DTQF01	82.61	0.03	684691	683
GCA_903891505.1	6	Nanobdellota	Nanobdellia	Woesearchaeales	21-14-0-10-32-9	21-14-0-10-32-9	88.6	0.66	1034902	1100
GCA_035622275.1	6	Thermoplasmatota	Thermoplasmata	UBA184	UBA184	UBA184	97.44	0.94	1731477	1712
GCA_027887005.1	6	Thermoproteota	Nitrososphaeria	Nitrososphaerales	UBA183	UBA183	96.12	1.17	1605249	1806
GCA_035626895.1	6	Nanobdellota	Nanobdellia	Woesearchaeales	UBA9642	UBA9642	95.75	0.46	1298250	1440
GCA_000508305.1	6	Thermoproteota	Thermoprotei_A	Sulfolobales	Sulfolobaceae	Sulfolobus	100.0	0.14	2061920	2208
GCF_963667555.1	6	Halobacteriota	Methanosarcinia	Methanosarcinales	Methanosarcinaceae	Methanolobus	100.0	0.21	3293617	3008
GCA_030754585.1	6	Thermoproteota	Nitrososphaeria	Nitrososphaerales	JACPRH01	JASMAB01	61.9	1.37	695719	760
GCA_027310845.1	6	Thermoproteota	Nitrososphaeria	Nitrososphaerales	CADDZS01	JASHOD01	67.35	1.43	2019928	2417
GCA_003554235.1	6	Aenigmatarchaeota	Aenigmatarchaeia	PWEA01	PWEA01	PWEA01	77.23	0.52	560609	735
GCA_017610505.1	6	Nanobdellota	Nanobdellia	Woesearchaeales	CG1-02-33-12	CG1-02-33-12	87.77	0.27	938762	1179
GCA_039000725.1	6	Aenigmatarchaeota	Aenigmatarchaeia	CG10238-14	SpSt-28	SpSt-28	89.89	0.34	704799	747
GCA_041665945.1	6	Micrarchaeota	Micrarchaeia	Anstonellales	Anstonellaceae	JBAYHU01	92.54	1.2	1188926	1229
GCA_003170935.1	6	Halobacteriota	Bog-38	Bog-38	Bog-38	Bog-38	77.18	0.38	1794462	2067
GCA_030668825.1	6	Asgardarchaeota	Heimdallarchaeia	Heimdallarchaeales	Heimdallarchaeaceae	UBA460	90.6	4.67	2757437	2698
GCA_030610815.1	6	Halobacteriota	Methanosarcinia	Methanosarcinales	Methanocomedenaceae	Methanocomedens	94.81	0.13	2366446	2573
GCA_021797995.1	6	Micrarchaeota	Micrarchaeia	Micrarchaeales	CABMGC01	JAKAVK01	94.56	0.73	945531	1017
GCA_038831005.1	6	Thermoproteota	Thermoprotei_A	Sulfolobales	Ignisphaeraceae	Ignisphaera	99.51	0.19	1700827	1692
GCA_018303515.1	6	Nanobdellota	Nanobdellia	SCGC-AAA011-G17	GW2011-AR18	JAGVXZ01	91.18	0.34	700147	852
GCA_003559395.1	6	Iainarchaeota	Iainarchaeia	CSSED10-239	CSSED10-239	CSSED10-239	86.89	2.61	913608	980
GCA_000402355.1	6	Iainarchaeota	Iainarchaeia	Iainarchaeales	Iainarchaeaceae	Iainarchaeum	87.34	0.65	1098042	1206
GCA_018303025.1	6	Nanobdellota	Nanobdellia	SCGC-AAA011-G17	GW2011-AR20	JAGVYZ01	87.5	2.45	1060573	1295
GCA_036481345.1	6	Nanobdellota	Nanobdellia	Woesearchaeales	WJKL01	JAAOYC01	86.23	0.74	924922	1080
GCA_013378375.1	6	Thermoproteota	Nitrososphaeria	Nitrososphaerales	UBA57	UBA57	86.74	0.66	918577	1036
GCA_038045805.1	6	Nanobdellota	Nanobdellia	UBA10117	UBA10117	JAGVWH01	85.37	0.15	439242	549
GCA_027043825.1	6	Iainarchaeota	Iainarchaeia	JAADDC01	JAADDC01	JAADDC01	83.58	2.94	674806	866
GCA_015520105.1	6	Aenigmatarchaeota	Aenigmatarchaeia	QMZP01	QMZP01	WAQT01	87.76	0.4	796626	918
GCA_017601395.1	6	Thermoproteota	EX4484-205	EX4484-205	JAAOZP01	JAAOZP01	90.96	2.02	2140688	2324
GCA_018830945.1	6	Nanobdellota	Nanobdellia	SCGC-AAA011-G17	GW2011-AR17	UBA9640	95.35	0.27	1515464	1816
GCA_018334755.1	6	Thermoplasmatota	Thermoplasmata	Halarchaeoplasmatales	Halarchaeoplasmataceae	Natronoplasma	93.22	2.96	2110826	1979
GCA_013331695.1	6	Nanobdellota	Nanobdellia	Woesearchaeales	UBA12501	UBA12501	87.17	2.0	1376236	1510
GCA_038872135.1	6	Hadarchaeota	Hadarchaeia	Hadarchaeales	Hadarchaeaceae	DYTO01	91.05	0.09	1081149	1200
GCA_014729915.1	6	Nanobdellota	Nanobdellia	Woesearchaeales	GW2011-AR15	WJJD01	94.33	2.31	2035461	2159
GCA_026014565.1	6	Thermoproteota	Bathyarchaeia	Bathyarchaeales	Bathyarchaeaceae	Bathyarchaeum	95.67	0.57	1812512	1906
GCA_011372835.1	6	Methanobacteriota_B	Thermococci	Methanofastidiosales	NM3	NM3	77.35	0.94	1110260	1273
GCA_038867615.1	6	Thermoproteota	Thermoprotei_A	Sulfolobales	AG1	AG1	94.44	0.27	2221398	2124
GCF_001280455.1	6	Halobacteriota	Halobacteria	Halobacteriales	Haloferacaceae	Halorubrum	99.99	2.32	3567018	3595
GCA_041665465.1	6	Nanobdellota	Nanobdellia	Woesearchaeales	GW2011-AR9	JACRPH01	97.99	2.76	1605514	1810
GCA_026413685.1	6	Micrarchaeota	Micrarchaeia	CAILAH01	CAILAH01	CAILAH01	64.38	0.26	609022	651
GCA_030647105.1	6	Nanobdellota	Nanobdellia	Woesearchaeales	WJIZ01	JAGVXW01	89.09	1.69	1105750	1315
GCA_028821815.1	6	Thermoplasmatota	Poseidoniia	Poseidoniales	Thalassarchaeaceae	MGIIb-P	93.68	0.99	1643004	1532
GCA_013415865.1	6	Thermoplasmatota	Thermoplasmata	Methanomassiliicoccales	UBA472	MVRC01	99.77	0.77	1818180	1795
GCF_000234805.1	6	Thermoproteota	Thermoprotei	Thermoproteales	Thermoproteaceae	Pyrobaculum	99.97	0.96	2467972	2804
GCF_000092305.1	6	Methanobacteriota	Methanococci	Methanococcales	Methanocaldococcaceae	Methanocaldococcus	99.78	0.05	1328194	1474
GCA_035289125.1	6	Aenigmatarchaeota	Aenigmatarchaeia	GW2011-AR5	GW2011-AR5	JACQID01	89.53	2.96	770010	989
GCA_019323655.1	6	Nanobdellota	Nanobdellia	Woesearchaeales	GW2011-AR4	JACPJP01	92.94	0.49	1317681	1467
GCA_018303365.1	6	Nanobdellota	Nanobdellia	SCGC-AAA011-G17	JACPNG01	JAGVYI01	90.86	0.07	702038	816
GCA_016867035.1	6	Nanobdellota	Nanobdellia	Pacearchaeales	GW2011-AR1	CAIPOI01	94.57	2.35	751174	952
GCA_018897475.1	6	Altiarchaeota	Altiarchaeia	IMC4	QMZM01	WALD01	86.6	2.32	1414220	1698
GCA_012026835.1	6	Halobacteriota	Methanosarcinia	Methanosarcinales	Methanoperedenaceae	Methanoperedens	99.82	1.13	3321874	3686
GCA_016181005.1	6	Aenigmatarchaeota	Aenigmatarchaeia	CG10238-14	SCSR01	JACPAE01	92.2	0.05	739890	935
GCA_038881315.1	6	Thermoplasmatota	Thermoplasmata	Sysuiplasmatales	Sysuiplasmataceae	JAVZQA01	80.95	0.18	1294751	1351
GCA_030018415.1	6	Aenigmatarchaeota	Aenigmatarchaeia	CG10238-14	CG10238-14	JASEGC01	89.39	0.15	1186489	1344
GCA_938048735.1	6	Thermoproteota	Bathyarchaeia	TCS64	TCS64	JAGTRB01	94.63	1.79	1616716	1818
GCA_005888635.1	6	Thermoproteota	Bathyarchaeia	40CM-2-53-6	40CM-2-53-6	40CM-2-53-6	92.33	1.62	2179949	2543
GCF_900103415.1	6	Methanobacteriota	Methanobacteria	Methanobacteriales	Methanobacteriaceae	Methanocatella	99.99	0.94	2725667	2390
GCA_027078475.1	6	Korarchaeota	Korarchaeia	Korarchaeales	Korarchaeaceae	WALU01	98.66	1.38	1713058	1909
GCF_025699125.1	6	Thermoproteota	Nitrososphaeria	Nitrososphaerales	Nitrosopumilaceae	Nitrosopumilus	99.98	0.41	1854254	2224
GCA_027077875.1	6	Asgardarchaeota	Heimdallarchaeia	Heimdallarchaeales	Kariarchaeaceae	S139-21	80.33	3.69	3940353	4026
GCA_041304525.1	6	Thermoplasmatota	Thermoplasmata	UBA10834	UBA10834	UBA9653	92.88	4.22	1897199	1960
GCF_019633745.1	6	Halobacteriota	Methanomicrobia	Methanomicrobiales	Methanofollaceae	Methanofollis	99.13	0.63	2965921	2672
GCA_003694385.1	6	Nanobdellota	Nanobdellia	Woesearchaeales	UBA525	UBA153	86.74	0.18	889737	1005
GCA_035290965.1	6	Iainarchaeota	Iainarchaeia	Iainarchaeales	GCA-2688035	JAGVNX01	87.79	0.6	1216095	1372
GCA_003662515.1	6	Thermoproteota	Bathyarchaeia	Hecatellales	Hecatellaceae	B25	62.4	1.43	840820	1056
GCA_002686295.1	6	Nanobdellota	Nanobdellia	Woesearchaeales	GCA-2686295	GCA-2686295	84.45	0.01	857738	940
GCA_030635525.1	6	EX4484-52	EX4484-52	EX4484-52	B79-G9	B79-G9	79.13	0.25	1247511	1450
GCA_009889625.1	6	Halobacteriota	Halobacteria	Halobacteriales	UBA12382	UBA12382	70.53	0.0	1067804	1130
GCA_007133845.1	6	Nanobdellota	Nanobdellia	CSSed11-243R1	CSSed11-243R1	CSSed11-243R1	78.37	1.23	517363	656
GCF_035506375.1	6	Halobacteriota	Methanocellia	Methanocellales	Methanocellaceae	Methanocella	96.64	1.4	2596109	2724
GCA_027036135.1	6	Thermoproteota	Thermoprotei_A	Sulfolobales	Pyrodictiaceae	Pyrofollis	99.61	1.06	2205677	2567
GCA_964010235.1	6	Nanobdellota	Nanobdellia	UBA10117	ARS21	JAAZWY01	66.9	0.6	386335	481
GCA_016839995.1	6	Asgardarchaeota	Hermodarchaeia	Hermodarchaeales	Hermodarchaeaceae	Hermodarchaeum	75.33	1.61	1662189	1766
GCA_937921685.1	6	Thermoproteota	Nitrososphaeria_A	Caldarchaeales	Calditenuaceae	HRBIN02	91.65	0.11	1445584	1559
GCA_938091805.1	6	Thermoproteota	Bathyarchaeia	Bathyarchaeales	DTEX01	DTEX01	96.29	0.39	1713766	1954
GCA_038884975.1	6	Nanobdellota	Nanobdellia	Woesearchaeales	ARS49	JAWAAW01	99.95	1.11	837994	953
GCF_000710615.1	6	Halobacteriota	Halobacteria	Halobacteriales	Haladaptataceae	Haladaptatus	99.97	0.83	3926724	4125
GCA_004524535.1	6	Asgardarchaeota	Lokiarchaeia	Sigynarchaeales	SOKP01	SDNM01	99.11	4.41	3664620	3607
GCF_002506515.1	6	Thermoproteota	Thermoprotei	Thermoproteales	Thermocladiaceae	Caldivirga	98.84	0.12	1855853	1958
GCF_000755245.1	6	Halobacteriota	Halobacteria	Halobacteriales	Halococcaceae	Halococcus	95.52	0.51	3764367	3907
GCA_018302135.1	6	Nanobdellota	Nanobdellia	SCGC-AAA011-G17	PNOQ01	PNOQ01	88.29	0.13	636960	793
GCA_028710615.1	6	Nanobdellota	Nanobdellia	Tiddalikarchaeales	Tiddalikarchaeaceae	JAQTTT01	87.7	0.52	726308	898
GCA_024256245.1	7	Thermoproteota	Nitrososphaeria	Nitrososphaerales	JACAEJ01	HK02M2	93.28	2.35	1363104	1550
GCA_026394495.1	7	Thermoplasmatota	E2	DHVEG-1	DHVEG-1	CAIYYQ01	92.99	0.86	2220865	2247
GCA_023487445.1	7	Thermoproteota	Thermoprotei_A	Marsarchaeales	Marsarchaeaceae	JAMDBQ01	71.28	0.3	603241	674
GCA_020052935.1	7	Nanobdellota	Nanobdellia	Woesearchaeales	UBA11576	JABMQF01	85.41	2.47	1637270	1738
GCA_040758595.1	7	Micrarchaeota	Micrarchaeia	Anstonellales	Bilamarchaeaceae	Bilamarchaeum	93.65	0.39	1232223	1282
GCF_030055425.1	7	Methanobacteriota	Methanobacteria	Methanobacteriales	Methanothermobacteraceae	Methanothermobacter	99.78	0.01	1668441	1752
GCF_900111485.1	7	Halobacteriota	Halobacteria	Halobacteriales	Natrialbaceae	Natrinema	100.0	3.6	3963480	4146
GCA_035289465.1	7	Nanobdellota	Nanobdellia	Woesearchaeales	JAGWAF01	DATDXB01	76.13	1.76	1170843	1626
GCA_029984855.1	7	Halobacteriota	Archaeoglobi	Archaeoglobales	Archaeoglobaceae	Archaeoglobus_C	99.99	2.88	2127036	2638
GCA_041500785.1	7	Thermoproteota	Bathyarchaeia	Bathyarchaeales	Bathycorpusculaceae	JBGQMW01	98.78	3.44	2238010	2471
GCA_023256355.1	7	Thermoproteota	Nitrososphaeria	Conexivisphaerales	UBA164	UBA164	81.96	1.75	1194790	1282
GCA_038826985.1	7	Thermoproteota	Bathyarchaeia	RBG-16-48-13	GCA-020355125	JAWBNY01	72.3	2.35	1225567	1374
GCA_023144075.1	7	Thermoproteota	Bathyarchaeia	40CM-2-53-6	RBG-13-38-9	RBG-13-38-9	77.07	0.39	1298490	1580
GCA_004524545.1	7	Asgardarchaeota	Lokiarchaeia	Sigynarchaeales	MK-D1	AMARA-1	75.52	1.42	2547497	2496
GCA_028275885.1	7	Nanobdellota	Nanobdellia	Nanobdellales	Nanobdellaceae	Nanobdella	85.26	0.6	530933	602
GCA_026394745.1	7	Altiarchaeota	Altiarchaeia	IMC4	SCGC-AAA252-I15	JAPKXP01	74.25	0.32	1078181	1362
GCA_030636255.1	7	Thermoplasmatota	Thermoplasmata	SG8-5	SG8-5	JAGLQM01	77.15	1.33	1696362	1662
GCF_002078355.1	7	Thermoplasmatota	Thermoplasmata	Thermoplasmatales	Thermoplasmataceae	Ferroplasma	99.76	0.2	1826943	1829
GCA_003650865.1	7	Thermoproteota	Methanomethylicia	Nezhaarchaeales	WYZ-LMO8	QMSN01	72.67	1.52	1247919	1514
GCA_963682135.1	7	Halobacteriota	Methanosarcinia	Methanotrichales	Methanotrichaceae	Methanothrix	99.87	0.8	3043341	3010
GCA_021158865.1	7	Thermoplasmatota	E2	UBA202	JdFR-43	JAGGXW01	94.6	0.41	1307769	1423
GCF_002214385.1	7	Methanobacteriota_B	Thermococci	Thermococcales	Thermococcaceae	Thermococcus	99.98	0.23	1674122	1864
GCA_020352645.1	7	Thermoproteota	Bathyarchaeia	Bathyarchaeales	SOJC01	GCA-020352645	90.98	1.55	1681106	1721
GCA_020725985.1	7	Thermoplasmatota	Thermoplasmata	Methanomassiliicoccales	JACIVX01	DYTM01	73.93	0.76	1514930	1828
GCA_012719175.1	7	Thermoplasmatota	Thermoplasmata	Methanomassiliicoccales	Methanomassiliicoccaceae	UBA6	99.61	1.2	2423199	2355
GCA_030614705.1	7	Aenigmatarchaeota	Aenigmatarchaeia	QMZS01	QMZS01	QMZS01	77.99	0.25	729106	854
GCA_963643445.1	7	Thermoplasmatota	Thermoplasmata	Methanomassiliicoccales	Methanomethylophilaceae	Methanomethylophilus	99.91	0.01	1418041	1413
GCA_030667035.1	7	Asgardarchaeota	Heimdallarchaeia	JABLTI01	JABLTI01	JABLTI01	64.69	1.92	2326816	2494
GCA_015521565.1	7	Hydrothermarchaeota	Hydrothermarchaeia	Hydrothermarchaeales	BMS3B	Pyrohabitans	93.14	3.76	1715788	2061
GCA_026395795.1	7	Nanobdellota	Nanobdellia	Pacearchaeales	UBA284	JAPLYB01	87.54	0.18	956882	1118
GCA_001717025.1	7	Thermoproteota	Methanomethylicia	Methanomethylicales	Methanomethylicaceae	Methanomethylicus	95.21	1.36	1374477	1550
GCA_015661555.1	7	Methanobacteriota	Methanococci	Methanococcales	Methanococcaceae	Methanofervidicoccus	99.8	1.34	1053089	1224
GCA_021817415.1	7	Thermoplasmatota	Thermoplasmata	Thermoplasmatales	GCA-001856825	JAKAUZ01	89.03	3.75	2025808	2164
GCA_021325295.1	7	Thermoproteota	Nitrososphaeria	Nitrososphaerales	Nitrososphaeraceae	JAJPHM01	99.73	0.22	2691817	3185
GCA_013343275.1	7	Nanohalarchaeota	Nanosalinia	Nanosalinales	Nanosalinaceae	Nanohalovita	96.48	0.42	915886	1077
GCA_016845825.1	7	Thermoplasmatota	Poseidoniia	MGIII	CG-Epi1	CG-Epi1	89.07	1.45	1570144	1662
GCA_014859735.1	7	Halobacteriota	Syntropharchaeia	Alkanophagales	Methanospirareceae	ANME-1-THS	93.81	2.28	1679196	1929
GCA_022729285.1	7	Nanohalarchaeota	Nanosalinia	Nanosalinales	Nanoanaerosalinaceae	Nanoanaerosalina	85.54	0.64	762957	905
GCF_000243255.1	7	Halobacteriota	Methanomicrobia	Methanomicrobiales	Methanomicrobiaceae	Methanoplanus	99.29	0.62	3200946	3049
GCA_015523125.1	7	Thermoplasmatota	Thermoplasmata	Aciduliprofundales	Aciduliprofundaceae	JAADDK01	95.01	0.46	1542224	1643
GCA_023473665.1	7	Micrarchaeota	Micrarchaeia	Micrarchaeales	Micrarchaeaceae	JAMCYM01	95.87	0.42	778769	845
GCA_034667725.1	7	Thermoplasmatota	E2	JACPAO01	JAHFTW01	JAHFTW01	90.05	0.71	2323388	2244
GCA_038884615.1	7	Nanobdellota	Nanobdellia	Woesearchaeales	DSVV01	JAWABL01	92.43	0.45	1328580	1280
GCA_030679025.1	7	Nanobdellota	Nanobdellia	SCGC-AAA011-G17	UBA489	JACOVP01	83.2	3.91	1065344	1446
GCF_900110215.1	7	Halobacteriota	Halobacteria	Halobacteriales	Haloarculaceae	Halorientalis	100.0	4.1	4869758	5164
GCA_035526585.1	7	Thermoplasmatota	SW-10-69-26	JACQPN01	JAJPHT01	JAJPHT01	86.51	2.27	2656643	2810
GCF_036584055.1	7	Halobacteriota	Halobacteria	Halobacteriales	Halalkalicoccaceae	Halalkalicoccus	94.72	4.13	4276665	4463
GCA_015522095.1	7	SpSt-1190	SpSt-1190	SpSt-1190	SpSt-1190	WAMX01	72.82	0.24	550362	767
GCA_035283985.1	7	Thermoplasmatota	Thermoplasmata	RBG-16-68-12	RBG-16-68-12	EA-19	90.56	1.13	1529780	1701
GCA_023255955.1	7	Thermoproteota	Thermoprotei_A	Sulfolobales	NBVN01	DRZP01	97.09	2.03	1639473	1683
GCA_036146255.1	7	Nanobdellota	Nanobdellia	Woesearchaeales	UBA583	UBA583	85.0	1.3	947081	1098
GCA_038890155.1	7	Thermoproteota	Nitrososphaeria_A	Caldarchaeales	Caldarchaeaceae	Caldarchaeum	93.75	0.61	1695664	1851
GCA_018335335.1	7	Asgardarchaeota	Thorarchaeia	Thorarchaeales	Thorarchaeaceae	WJIL01	96.96	3.59	2944246	2942
GCA_015522475.1	7	Micrarchaeota	Micrarchaeia	Anstonellales	J096	J096	88.16	3.97	910436	850
GCF_030464365.1	7	Halobacteriota	Methanomicrobia	Methanomicrobiales	Methanoculleaceae	Methanoculleus	99.92	0.41	2611534	2646
GCA_023378865.1	7	Nanobdellota	Nanobdellia	Parvarchaeales	Parvarchaeaceae	Parvarchaeum	90.87	0.95	807505	904
GCA_002506015.1	7	Halobacteriota	Methanosarcinia	Methanosarcinales	Methanogasteraceae	Methanogaster_C	85.98	0.33	2368347	2581
GCA_028678665.1	7	Halobacteriota	Methanomicrobia	Methanomicrobiales	JACTUA01	JAJRCY01	91.02	0.65	1735199	1857
GCA_030636885.1	7	EX4484-52	EX4484-52	EX4484-52	GLR71	GLR71	75.96	1.05	884026	1093
GCA_011043415.1	7	Thermoproteota	Nitrososphaeria	Geothermarchaeales	JDFR-13	B109-G9	84.67	0.55	1238569	1451
GCA_030589605.1	7	Asgardarchaeota	Heimdallarchaeia	Hodarchaeales	Hodarchaeaceae	Hodarchaeum	74.59	2.37	3623943	3686
GCA_039794005.1	7	Thermoplasmatota	Thermoplasmata	Aciduliprofundales	ARK-15	JAGDXR01	87.2	0.29	1099501	1112
GCA_032249055.1	7	Thermoproteota	Thermoprotei	Gearchaeales	Gearchaeaceae	SCGC-AAA471-B05	81.15	2.3	926077	1066
GCA_003663325.1	7	Aenigmatarchaeota	Aenigmatarchaeia	QMZP01	QMZT01	QMZT01	81.84	0.05	734982	785
GCA_041645435.1	7	Halobacteriota	Methanomicrobia	Methanomicrobiales	Methanospirillaceae	Methanoregula	99.97	1.64	3247930	3204
GCA_016192945.1	7	Nanobdellota	Nanobdellia	Woesearchaeales	UBA10216	JACPTE01	92.4	0.23	1074152	1190
GCA_023269855.1	7	Thermoproteota	Nitrososphaeria_A	Caldarchaeales	Wolframiiraptoraceae	Geocrenenecus	95.94	1.28	1642213	1850
GCA_013538675.1	7	Thermoproteota	Nitrososphaeria	Nitrososphaerales	Nitrosocaldaceae	Nitrosocaldus	91.3	0.0	1240491	1432
GCA_027014125.1	7	Thermoproteota	Thermoprotei_A	Sulfolobales	Acidilobaceae	S012-22	99.8	0.0	1823860	1981
GCA_041650735.1	7	Iainarchaeota	Iainarchaeia	Iainarchaeales	JAAZKV01	JAAZKV01	88.06	0.7	983729	1007
GCA_013425335.1	7	Micrarchaeota	Micrarchaeia	Fermentimicrarchaeales	Fermentimicrarchaeaceae	Fermentimicrarchaeum	89.37	2.89	1004840	1116
GCF_031432215.1	7	Halobacteriota	Halobacteria	Halobacteriales	Halobacteriaceae	Halodesulfurarchaeum	99.96	0.1	2247336	2338
GCA_039679445.1	7	Methanobacteriota_B	Thermococci	Methanofastidiosales	Methanofastidiosaceae	Methanofastidiosum	93.98	0.24	1617756	1943
GCA_001595785.1	7	Nanobdellota	Nanobdellia	Woesearchaeales	SM23-78	SM23-78	90.23	0.94	1480827	1622
GCA_017608575.1	7	Iainarchaeota	Iainarchaeia	Iainarchaeales	DTGL01	JAFCFP01	89.51	0.13	1101990	1227
GCA_038731975.1	7	Thermoproteota	Thermoprotei	Thermofilales	Thermofilaceae	JANXEW01	95.12	0.16	1852659	1992
GCF_000015765.1	7	Halobacteriota	Methanomicrobia	Methanomicrobiales	Methanocorpusculaceae	Methanocorpusculum	98.16	0.48	1804962	1816
GCA_027022365.1	7	Thermoproteota	Thermoprotei_A	Sulfolobales	Desulfurococcaceae	JAADCY01	99.97	0.67	1742253	1877
GCA_027014955.1	7	Thermoproteota	Thermoprotei_A	Sulfolobales	Fervidicoccaceae	JALTXS01	71.13	1.96	1424250	1614
GCA_035655475.1	7	Nanobdellota	Nanobdellia	Woesearchaeales	JACPBV01	DASRUK01	83.04	0.92	1397837	1690
GCA_011773475.1	7	Aenigmatarchaeota	Aenigmatarchaeia	Aenigmatarchaeales	Aenigmatarchaeaceae	CS1-C013	81.14	3.64	1009083	1286
GCA_002505405.1	7	Thermoplasmatota	Poseidoniia	Poseidoniales	Poseidoniaceae	Poseidonia	94.42	0.09	1936638	1641
GCA_041304645.1	7	Thermoplasmatota	EX4484-6	EX4484-6	EX4484-6	JALOTP01	80.02	0.03	2306566	2094
GCA_026413625.1	7	Micrarchaeota	Micrarchaeia	CABMEP01	CABMEP01	DTQF01	54.05	0.15	483789	521
GCA_002762915.1	7	Nanobdellota	Nanobdellia	Woesearchaeales	21-14-0-10-32-9	21-14-0-10-32-9	86.45	0.02	773833	896
GCA_033854115.1	7	Thermoplasmatota	Thermoplasmata	UBA184	UBA184	UBA184	96.84	1.43	1754952	1726
GCA_021796515.1	7	Thermoproteota	Nitrososphaeria	Nitrososphaerales	UBA183	UBA183	95.62	0.4	1513832	1786
GCA_038895475.1	7	Nanobdellota	Nanobdellia	Woesearchaeales	UBA9642	UBA9642	95.33	0.16	816131	861
GCF_000016605.1	7	Thermoproteota	Thermoprotei_A	Sulfolobales	Sulfolobaceae	Metallosphaera	99.99	0.38	2191517	2391
GCF_963678545.1	7	Halobacteriota	Methanosarcinia	Methanosarcinales	Methanosarcinaceae	Methanomethylovorans	100.0	1.16	3328399	3244
GCA_035605055.1	7	Thermoproteota	Nitrososphaeria	Nitrososphaerales	CADDZS01	DATLTL01	61.17	0.68	1923792	2367
GCA_018819345.1	7	Nanobdellota	Nanobdellia	Woesearchaeales	CG1-02-33-12	CG1-02-33-12	87.02	0.27	895114	1086
GCA_039000985.1	7	Aenigmatarchaeota	Aenigmatarchaeia	CG10238-14	SpSt-28	JANXEB01	89.7	1.84	843031	915
GCA_026396415.1	7	Micrarchaeota	Micrarchaeia	Anstonellales	Anstonellaceae	JAPLWY01	92.35	1.85	1735713	1744
GCA_035624185.1	7	Halobacteriota	Bog-38	Bog-38	Bog-38	DASPRZ01	72.01	0.26	2159851	2311
GCA_023705985.1	7	Asgardarchaeota	Heimdallarchaeia	Heimdallarchaeales	Heimdallarchaeaceae	18H4-34	89.92	3.98	3621793	3628
GCA_002926195.1	7	Halobacteriota	Methanosarcinia	Methanosarcinales	Methanocomedenaceae	Methanomarinus	92.68	0.0	2195459	2460
GCA_038873795.1	7	Micrarchaeota	Micrarchaeia	Micrarchaeales	CABMGC01	JAVZDR01	94.29	0.41	600028	662
GCA_020832925.1	7	Thermoproteota	Thermoprotei_A	Sulfolobales	Ignisphaeraceae	Ignisphaera	99.12	2.23	1878555	2091
GCA_000806155.1	7	Nanobdellota	Nanobdellia	SCGC-AAA011-G17	GW2011-AR18	GW2011-AR18	90.07	1.45	822540	1062
GCA_035390665.1	7	Iainarchaeota	Iainarchaeia	CSSED10-239	CSSED10-239	JAKQTP01	86.41	0.4	847917	882
GCA_013331625.1	7	Iainarchaeota	Iainarchaeia	Iainarchaeales	Iainarchaeaceae	UBA10205	86.75	0.65	1432180	1603
GCA_018819375.1	7	Nanobdellota	Nanobdellia	SCGC-AAA011-G17	GW2011-AR20	JAHJQH01	84.57	0.29	706533	879
GCA_019322815.1	7	Nanobdellota	Nanobdellia	Woesearchaeales	WJKL01	JAHWIB01	82.28	1.64	1236757	1472
GCA_027295865.1	7	Thermoproteota	Nitrososphaeria	Nitrososphaerales	UBA57	B1T1B5	84.9	2.66	1284375	1507
GCA_018304345.1	7	Nanobdellota	Nanobdellia	UBA10117	UBA10117	JAGVWH01	83.43	0.05	437743	548
GCA_013154145.1	7	Iainarchaeota	Iainarchaeia	JAADDC01	JAADDC01	JAADDC01	80.96	1.86	543304	683
GCA_030670085.1	7	Aenigmatarchaeota	Aenigmatarchaeia	QMZP01	QMZP01	GCA-020343575	87.56	0.27	768442	848
GCA_017601225.1	7	Thermoproteota	EX4484-205	EX4484-205	JAAOZP01	JAAOZP01	89.73	2.77	2317920	2265
GCA_013329215.1	7	Nanobdellota	Nanobdellia	SCGC-AAA011-G17	GW2011-AR17	UBA9640	95.33	0.6	1415786	1622
GCA_003560595.1	7	Thermoplasmatota	Thermoplasmata	Halarchaeoplasmatales	Halarchaeoplasmataceae	Halarchaeoplasma	92.72	0.71	1892138	1848
GCA_035289765.1	7	Nanobdellota	Nanobdellia	Woesearchaeales	UBA12501	DATDWE01	81.76	0.5	840957	1007
GCA_029259175.1	7	Hadarchaeota	Hadarchaeia	Hadarchaeales	Hadarchaeaceae	DYTO01	90.88	0.54	1306024	1474
GCA_018671515.1	7	Nanobdellota	Nanobdellia	Woesearchaeales	GW2011-AR15	JABHHN01	89.61	1.08	1880298	2061
GCA_026014495.1	7	Thermoproteota	Bathyarchaeia	Bathyarchaeales	Bathyarchaeaceae	Bathyarchaeum	93.13	2.28	2190950	2394
GCA_032249255.1	7	Thermoproteota	Thermoprotei_A	Sulfolobales	AG1	AG1	93.33	3.38	2684061	3236
GCF_002952775.1	7	Halobacteriota	Halobacteria	Halobacteriales	Haloferacaceae	Halalkaliarchaeum	99.99	3.01	3313120	3301
GCA_016214025.1	7	Nanobdellota	Nanobdellia	Woesearchaeales	GW2011-AR9	JACRPH01	97.18	2.42	1431526	1696
GCA_026419815.1	7	Micrarchaeota	Micrarchaeia	CAILAH01	CAILAH01	DYJQ01	61.06	0.69	567418	630
GCA_018303575.1	7	Nanobdellota	Nanobdellia	Woesearchaeales	WJIZ01	JAGVXW01	69.64	1.26	1104803	1311
GCA_963582685.1	7	Thermoplasmatota	Poseidoniia	Poseidoniales	Thalassarchaeaceae	CAUZSM01	93.48	0.17	1773564	1556
GCA_035527755.1	7	Thermoplasmatota	Thermoplasmata	Methanomassiliicoccales	UBA472	UBA472	99.7	0.24	1680344	1742
GCF_000015205.1	7	Thermoproteota	Thermoprotei	Thermoproteales	Thermoproteaceae	Pyrobaculum	99.95	0.12	1826402	2176
GCF_024490875.1	7	Methanobacteriota	Methanococci	Methanococcales	Methanocaldococcaceae	Methanocaldococcus	99.78	0.0	1468100	1553
GCA_039091535.1	7	Aenigmatarchaeota	Aenigmatarchaeia	GW2011-AR5	GW2011-AR5	JAWCLW01	88.29	0.42	673598	791
GCA_016188245.1	7	Nanobdellota	Nanobdellia	Woesearchaeales	GW2011-AR4	GCA-2688775	92.3	1.29	1293398	1548
GCA_028713535.1	7	Nanobdellota	Nanobdellia	SCGC-AAA011-G17	JACPNG01	JAQTMY01	90.56	0.23	872850	1005
GCA_001872185.1	7	Nanobdellota	Nanobdellia	Pacearchaeales	GW2011-AR1	MNVX01	93.65	0.62	676359	854
GCA_015523055.1	7	Altiarchaeota	Altiarchaeia	IMC4	QMZM01	WALD01	85.05	0.12	973568	1065
GCF_000685155.1	7	Halobacteriota	Methanosarcinia	Methanosarcinales	Methanoperedenaceae	Methanoperedens	99.77	3.65	3203386	3422
GCA_038998625.1	7	Aenigmatarchaeota	Aenigmatarchaeia	CG10238-14	SCSR01	JAWADS01	91.82	0.28	469094	587
GCA_021796895.1	7	Thermoplasmatota	Thermoplasmata	Sysuiplasmatales	Sysuiplasmataceae	Sysuiplasma	78.8	4.25	2068345	2245
GCA_002789635.1	7	Aenigmatarchaeota	Aenigmatarchaeia	CG10238-14	CG10238-14	CG10238-14	85.57	0.3	891026	1170
GCA_026014515.1	7	Thermoproteota	Bathyarchaeia	TCS64	TCS64	RBG-16-57-9	94.54	5.0	2958818	3518
GCA_035656295.1	7	Thermoproteota	Bathyarchaeia	40CM-2-53-6	40CM-2-53-6	40CM-2-53-6	91.9	2.06	2004198	2368
GCA_000499765.1	7	Methanobacteriota	Methanobacteria	Methanobacteriales	Methanobacteriaceae	Methanobacterium	99.99	0.12	2029766	2022
GCA_027061785.1	7	Korarchaeota	Korarchaeia	Korarchaeales	Korarchaeaceae	WALU01	98.54	1.65	1758676	1966
GCF_002787055.1	7	Thermoproteota	Nitrososphaeria	Nitrososphaerales	Nitrosopumilaceae	Nitrosotenuis	99.97	0.07	1697207	2009
GCA_016839545.1	7	Asgardarchaeota	Heimdallarchaeia	Heimdallarchaeales	Kariarchaeaceae	Kariarchaeum	68.8	1.75	2887009	3341
GCA_014859835.1	7	Thermoplasmatota	Thermoplasmata	UBA10834	UBA10834	UBA9653	91.27	1.32	1853231	1851
GCF_004297185.1	7	Halobacteriota	Methanomicrobia	Methanomicrobiales	Methanofollaceae	Methanofollis	98.51	0.5	2357249	2301
GCA_002503705.1	7	Nanobdellota	Nanobdellia	Woesearchaeales	UBA525	UBA153	84.24	1.68	1238951	1315
GCA_017610335.1	7	Iainarchaeota	Iainarchaeia	Iainarchaeales	GCA-2688035	JAFCCL01	87.2	2.93	1291277	1564
GCA_002254975.1	7	Thermoproteota	Bathyarchaeia	Hecatellales	Hecatellaceae	EX4484-218	61.49	0.31	628054	801
GCA_018812505.1	7	Nanobdellota	Nanobdellia	Woesearchaeales	GCA-2686295	GCA-2686295	84.08	2.62	1401081	1620
GCA_030594585.1	7	EX4484-52	EX4484-52	EX4484-52	B79-G9	GLR112	78.45	3.12	995963	1095
GCA_034521615.1	7	Halobacteriota	Halobacteria	Halobacteriales	UBA12382	JAXHME01	67.57	2.95	2262979	2479
GCA_003563585.1	7	Nanobdellota	Nanobdellia	CSSed11-243R1	CSSed11-243R1	CSSed11-243R1	71.37	2.24	536796	720
GCA_023436075.1	7	Halobacteriota	Methanocellia	Methanocellales	Methanocellaceae	Methanocella_A	82.33	1.24	2588403	2810
GCF_000223395.1	7	Thermoproteota	Thermoprotei_A	Sulfolobales	Pyrodictiaceae	Pyrolobus	99.53	0.06	1843267	2037
GCA_016550395.1	7	Asgardarchaeota	Hermodarchaeia	Hermodarchaeales	Hermodarchaeaceae	Hermodarchaeum	74.73	2.73	2656945	2924
GCA_030550235.1	7	Thermoproteota	Nitrososphaeria_A	Caldarchaeales	Calditenuaceae	HRBIN02	91.34	0.01	1433776	1530
GCA_018396405.1	7	Thermoproteota	Bathyarchaeia	Bathyarchaeales	DTEX01	DTEX01	95.59	4.26	1489207	1587
GCA_038850615.1	7	Nanobdellota	Nanobdellia	Woesearchaeales	ARS49	JAWAAW01	99.37	0.32	914194	1009
GCF_004765785.1	7	Halobacteriota	Halobacteria	Halobacteriales	Haladaptataceae	Halorussus	99.97	4.29	4318307	4337
GCA_019894715.1	7	Asgardarchaeota	Lokiarchaeia	Sigynarchaeales	SOKP01	JAFGOA01	98.34	2.4	3361411	3168
GCA_001516585.1	7	Thermoproteota	Thermoprotei	Thermoproteales	Thermocladiaceae	Thermocladium	97.1	0.07	1876950	2099
GCF_009900715.1	7	Halobacteriota	Halobacteria	Halobacteriales	Halococcaceae	Halococcus	95.14	0.74	3521978	3571
GCA_018652625.1	7	Nanobdellota	Nanobdellia	SCGC-AAA011-G17	PNOQ01	JABIBT01	86.67	0.17	658183	838
GCA_028704265.1	7	Nanobdellota	Nanobdellia	Tiddalikarchaeales	Tiddalikarchaeaceae	JAQTTT01	81.75	4.19	1193589	1524
GCA_038883135.1	8	Thermoproteota	Nitrososphaeria	Nitrososphaerales	JACAEJ01	JACAEJ01	81.36	1.19	1041175	1181
GCA_014894395.1	8	Thermoplasmatota	E2	DHVEG-1	DHVEG-1	SM1-50	92.66	0.67	2733643	2716
GCA_016208715.1	8	Nanobdellota	Nanobdellia	Woesearchaeales	UBA11576	JACQX01	83.94	2.93	2059229	2330
GCA_041694885.1	8	Micrarchaeota	Micrarchaeia	Anstonellales	Bilamarchaeaceae	JAHJBR01	93.56	0.07	922512	956
GCF_030055435.1	8	Methanobacteriota	Methanobacteria	Methanobacteriales	Methanothermobacteraceae	Methanothermobacter	99.73	0.04	1669713	1749
GCF_900156475.1	8	Halobacteriota	Halobacteria	Halobacteriales	Natrialbaceae	Natronorubrum	100.0	2.54	4209793	4244
GCA_040514265.1	8	Halobacteriota	Archaeoglobi	Archaeoglobales	Archaeoglobaceae	WYZ-LMO2	99.99	0.02	1377565	1591
GCA_019685655.1	8	Thermoproteota	Bathyarchaeia	Bathyarchaeales	Bathycorpusculaceae	DSLH01	98.59	2.82	1514431	1664
GCA_021798095.1	8	Thermoproteota	Nitrososphaeria	Conexivisphaerales	UBA164	JAJZYL01	74.07	1.08	1216184	1405
GCA_030617005.1	8	Thermoproteota	Bathyarchaeia	RBG-16-48-13	GCA-020355125	JAUWWH01	65.28	2.49	1309998	1635
GCA_001775955.1	8	Thermoproteota	Bathyarchaeia	40CM-2-53-6	RBG-13-38-9	RBG-13-38-9	74.97	0.72	1724111	1823
GCA_030611625.1	8	Asgardarchaeota	Lokiarchaeia	Sigynarchaeales	MK-D1	Prometheoarchaeum	74.61	3.37	3052667	3135
GCA_038735675.1	8	Nanobdellota	Nanobdellia	Nanobdellales	Nanobdellaceae	Nanoclepta	82.89	2.72	482740	576
GCA_018815265.1	8	Altiarchaeota	Altiarchaeia	IMC4	SCGC-AAA252-I15	JAHIYG01	70.92	1.34	1578560	1902
GCA_030655715.1	8	Thermoplasmatota	Thermoplasmata	SG8-5	SG8-5	UBA147	72.72	1.74	1730865	1780
GCA_021797555.1	8	Thermoplasmatota	Thermoplasmata	Thermoplasmatales	Thermoplasmataceae	Ferroplasma	99.56	0.47	1937194	2013
GCA_030055465.1	8	Thermoproteota	Methanomethylicia	Nezhaarchaeales	WYZ-LMO8	WYZ-LMO8	67.22	0.03	1024082	1098
GCA_037128175.1	8	Halobacteriota	Methanosarcinia	Methanotrichales	Methanotrichaceae	Methanothrix	99.81	0.91	2964426	3090
GCA_021162305.1	8	Thermoplasmatota	E2	UBA202	JdFR-43	JAGGXW01	93.34	2.54	1440462	1665
GCF_002214485.1	8	Methanobacteriota_B	Thermococci	Thermococcales	Thermococcaceae	Thermococcus	99.98	0.49	1785673	1950
GCA_020351305.1	8	Thermoproteota	Bathyarchaeia	Bathyarchaeales	SOJC01	GCA-020351305	90.23	2.02	1870377	1958
GCA_041478695.1	8	Thermoplasmatota	Thermoplasmata	Methanomassiliicoccales	JACIVX01	JAJRAG01	66.89	0.83	1008064	1204
GCA_944319735.1	8	Thermoplasmatota	Thermoplasmata	Methanomassiliicoccales	Methanomassiliicoccaceae	Methanomassiliicoccus_A	99.55	0.75	1774839	1717
GCA_023134135.1	8	Aenigmatarchaeota	Aenigmatarchaeia	QMZS01	QMZS01	QMZS01	73.07	1.01	985619	1169
GCA_001560915.1	8	Thermoplasmatota	Thermoplasmata	Methanomassiliicoccales	Methanomethylophilaceae	Methanomethylophilus	99.9	0.35	1937883	1837
GCA_015521945.1	8	Hydrothermarchaeota	Hydrothermarchaeia	Hydrothermarchaeales	BMS3B	JAADFH01	91.41	0.59	1306368	1606
GCA_020343435.1	8	Nanobdellota	Nanobdellia	Pacearchaeales	UBA284	GCA-020343435	85.63	0.36	647887	771
GCA_025057955.1	8	Thermoproteota	Methanomethylicia	Methanomethylicales	Methanomethylicaceae	JANXER01	93.78	0.04	1209911	1380
GCF_013760955.1	8	Methanobacteriota	Methanococci	Methanococcales	Methanococcaceae	Methanococcus	99.69	0.14	1758457	1835
GCA_023256475.1	8	Thermoplasmatota	Thermoplasmata	Thermoplasmatales	GCA-001856825	JAFMDN01	89.0	1.48	1387810	1434
GCF_000730285.1	8	Thermoproteota	Nitrososphaeria	Nitrososphaerales	Nitrososphaeraceae	Nitrososphaera	99.68	1.05	2954373	3528
GCF_029207735.1	8	Nanohalarchaeota	Nanosalinia	Nanosalinales	Nanosalinaceae	Nanohalococcus	96.13	0.64	948351	1062
GCA_014240055.1	8	Thermoplasmatota	Poseidoniia	MGIII	CG-Epi1	CG-Epi1	88.07	2.44	1232608	1243
GCA_003336485.1	8	Halobacteriota	Syntropharchaeia	Alkanophagales	Methanospirareceae	QENH01	93.55	0.78	3182512	3476
GCA_022865265.1	8	Nanohalarchaeota	Nanosalinia	Nanosalinales	Nanoanaerosalinaceae	JALIDO01	80.17	1.12	701335	846
GCA_001412355.1	8	Halobacteriota	Methanomicrobia	Methanomicrobiales	Methanomicrobiaceae	LKUD01	99.11	1.23	2085722	2185
GCA_021163705.1	8	Thermoplasmatota	Thermoplasmata	Aciduliprofundales	Aciduliprofundaceae	S014-41	94.03	1.21	1346427	1550
GCA_023485295.1	8	Micrarchaeota	Micrarchaeia	Micrarchaeales	Micrarchaeaceae	Micrarchaeum_A	95.69	0.22	885231	909
GCA_040390065.1	8	Thermoplasmatota	E2	JACPAO01	JAHFTW01	JAHFTW01	89.01	0.3	2677426	2725
GCA_018303325.1	8	Nanobdellota	Nanobdellia	Woesearchaeales	DSVV01	JACQSP01	91.66	2.87	1969595	1795
GCA_035289145.1	8	Nanobdellota	Nanobdellia	SCGC-AAA011-G17	UBA489	JACOVP01	82.96	0.97	896303	1100
GCA_029688825.1	8	Halobacteriota	Halobacteria	Halobacteriales	Haloarculaceae	JARUKX01	100.0	3.32	4264721	4319
GCA_035292305.1	8	Thermoplasmatota	SW-10-69-26	JACQPN01	JAJPHT01	DATDQL01	72.95	2.77	2420304	2664
GCF_001593955.1	8	Halobacteriota	Halobacteria	Halobacteriales	Halalkalicoccaceae	Halalkalicoccus	94.55	0.35	3980410	4188
GCA_035636315.1	8	Thermoplasmatota	Thermoplasmata	RBG-16-68-12	RBG-16-68-12	RBG-16-68-12	90.4	3.81	2022480	2144
GCA_038843015.1	8	Thermoproteota	Thermoprotei_A	Sulfolobales	NBVN01	Zestosphaera	95.89	1.69	1552330	1609
GCA_041598975.1	8	Nanobdellota	Nanobdellia	Woesearchaeales	UBA583	UBA583	83.28	0.67	1093513	1288
GCA_015520425.1	8	Thermoproteota	Nitrososphaeria_A	Caldarchaeales	Caldarchaeaceae	Pelearchaeum	93.44	1.34	1800204	2023
GCA_019057475.1	8	Asgardarchaeota	Thorarchaeia	Thorarchaeales	Thorarchaeaceae	WTCK01	96.42	2.59	3339353	3244
GCA_026982895.1	8	Micrarchaeota	Micrarchaeia	Anstonellales	J096	J096	88.12	0.18	1014522	1003
GCF_023195915.1	8	Halobacteriota	Methanomicrobia	Methanomicrobiales	Methanoculleaceae	Methanoculleus	99.88	1.63	2601197	2621
GCA_021810345.1	8	Nanobdellota	Nanobdellia	Parvarchaeales	Parvarchaeaceae	JAMCRB01	90.31	0.27	670455	764
GCA_030625165.1	8	Halobacteriota	Methanosarcinia	Methanosarcinales	Methanogasteraceae	Methanogaster_A	85.95	0.56	2301391	2580
GCA_028678905.1	8	Halobacteriota	Methanomicrobia	Methanomicrobiales	JACTUA01	JAJRCM01	88.99	3.05	2140093	2610
GCA_030636615.1	8	EX4484-52	EX4484-52	EX4484-52	GLR71	DAOVWP01	72.11	0.2	758223	936
GCA_027000765.1	8	Thermoproteota	Nitrososphaeria	Geothermarchaeales	JDFR-13	Geothermarchaeum	75.63	2.19	1409162	1683
GCA_020351745.1	8	Asgardarchaeota	Heimdallarchaeia	Hodarchaeales	Hodarchaeaceae	Hodarchaeum	71.5	1.81	1389446	1240
GCA_023261745.1	8	Thermoplasmatota	Thermoplasmata	Aciduliprofundales	ARK-15	JAGDXR01	82.55	1.1	1065173	1066
GCA_041641355.1	8	Thermoproteota	Thermoprotei	Gearchaeales	Gearchaeaceae	DSFO01	74.36	3.91	1264387	1549
GCA_011772645.1	8	Aenigmatarchaeota	Aenigmatarchaeia	QMZP01	QMZT01	CS3-C152	77.94	0.85	774923	879
GCF_003173355.1	8	Halobacteriota	Methanomicrobia	Methanomicrobiales	Methanospirillaceae	Methanospirillum	99.94	1.8	3743701	3419
GCA_016211185.1	8	Nanobdellota	Nanobdellia	Woesearchaeales	UBA10216	JACQST01	90.65	0.36	998943	1057
GCA_023539495.1	8	Thermoproteota	Nitrososphaeria_A	Caldarchaeales	Wolframiiraptoraceae	Wolframiiraptor	95.89	1.31	1315737	1501
GCA_002898655.1	8	Thermoproteota	Nitrososphaeria	Nitrososphaerales	Nitrosocaldaceae	Nitrosocaldus	67.7	0.08	1208457	1471
GCF_000317795.1	8	Thermoproteota	Thermoprotei_A	Sulfolobales	Acidilobaceae	Caldisphaera	99.71	0.34	1546846	1525
GCA_028702895.1	8	Iainarchaeota	Iainarchaeia	Iainarchaeales	JAAZKV01	JABIDZ01	87.95	3.09	926626	968
GCA_903921825.1	8	Micrarchaeota	Micrarchaeia	Fermentimicrarchaeales	Fermentimicrarchaeaceae	CAIXRF01	88.75	1.05	1246586	1344
GCF_021233435.1	8	Halobacteriota	Halobacteria	Halobacteriales	Halobacteriaceae	Halobacterium	99.94	2.44	3316796	3514
GCA_041678455.1	8	Methanobacteriota_B	Thermococci	Methanofastidiosales	Methanofastidiosaceae	Methanofastidiosum	92.57	0.06	1569055	1786
GCA_038046485.1	8	Nanobdellota	Nanobdellia	Woesearchaeales	SM23-78	JBBSWA01	89.91	0.34	1528896	1848
GCA_038886995.1	8	Iainarchaeota	Iainarchaeia	Iainarchaeales	DTGL01	DTGL01	88.57	0.84	865833	916
GCA_028275925.1	8	Thermoproteota	Thermoprotei	Thermofilales	Thermofilaceae	JANXEW01	94.96	0.47	1945600	2138
GCF_030655665.1	8	Halobacteriota	Methanomicrobia	Methanomicrobiales	Methanocorpusculaceae	Methanocorpusculum	98.14	0.19	1812670	1851
GCF_000264495.1	8	Thermoproteota	Thermoprotei_A	Sulfolobales	Desulfurococcaceae	Thermogladius	99.95	0.31	1356318	1421
GCA_027048265.1	8	Thermoproteota	Thermoprotei_A	Sulfolobales	Fervidicoccaceae	JALTXS01	61.22	0.38	1206586	1405
GCA_027623355.1	8	Nanobdellota	Nanobdellia	Woesearchaeales	JACPBV01	JAQBWB01	80.4	0.29	1072018	1151
GCA_018221065.1	8	Aenigmatarchaeota	Aenigmatarchaeia	Aenigmatarchaeales	Aenigmatarchaeaceae	JAAOXY01	77.66	0.75	643878	910
GCA_016778305.1	8	Thermoplasmatota	Poseidoniia	Poseidoniales	Poseidoniaceae	Poseidonia	94.4	0.0	1901525	1609
GCA_030600725.1	8	Thermoplasmatota	EX4484-6	EX4484-6	EX4484-6	JAGLEG01	79.68	0.26	2214483	1932
GCA_003560545.1	8	Nanobdellota	Nanobdellia	Woesearchaeales	21-14-0-10-32-9	PWWA01	83.22	0.1	915355	1111
GCA_035656275.1	8	Thermoplasmatota	Thermoplasmata	UBA184	UBA184	UBA184	96.29	0.74	2227880	2168
GCA_032906765.1	8	Thermoproteota	Nitrososphaeria	Nitrososphaerales	UBA183	DASPPF01	95.59	3.73	1774357	2047
GCA_013330595.1	8	Nanobdellota	Nanobdellia	Woesearchaeales	UBA9642	UBA9642	94.25	0.58	1354283	1521
GCF_000022485.1	8	Thermoproteota	Thermoprotei_A	Sulfolobales	Sulfolobaceae	Saccharolobus	99.99	1.08	2854410	3256
GCA_963675495.1	8	Halobacteriota	Methanosarcinia	Methanosarcinales	Methanosarcinaceae	Methanolobus	100.0	0.16	2874008	2685
GCA_003561825.1	8	Nanobdellota	Nanobdellia	Woesearchaeales	CG1-02-33-12	PWVO01	79.96	1.72	1106493	1345
GCA_032249395.1	8	Aenigmatarchaeota	Aenigmatarchaeia	CG10238-14	SpSt-28	SpSt-28	89.5	0.1	752806	824
GCA_021814005.1	8	Micrarchaeota	Micrarchaeia	Anstonellales	Anstonellaceae	CAIXYX01	92.22	0.55	1200791	1197
GCA_036385775.1	8	Halobacteriota	Bog-38	Bog-38	Bog-38	Bog-38	64.89	0.83	1426354	1818
GCA_019057375.1	8	Asgardarchaeota	Heimdallarchaeia	Heimdallarchaeales	Heimdallarchaeaceae	UBA460	89.22	4.95	3468051	3396
GCA_030627385.1	8	Halobacteriota	Methanosarcinia	Methanosarcinales	Methanocomedenaceae	Methanocomedens	87.3	0.73	2202465	2536
GCA_021803945.1	8	Micrarchaeota	Micrarchaeia	Micrarchaeales	CABMGC01	JAJZNA01	93.92	0.75	902125	971
GCA_028275825.1	8	Thermoproteota	Thermoprotei_A	Sulfolobales	Ignisphaeraceae	Ignisphaera	98.45	0.2	1810540	1924
GCA_023245385.1	8	Nanobdellota	Nanobdellia	SCGC-AAA011-G17	GW2011-AR18	JAHFKM01	88.78	1.95	842560	1047
GCA_028693335.1	8	Iainarchaeota	Iainarchaeia	CSSED10-239	CSSED10-239	JAKQTP01	85.2	0.34	646254	746
GCA_037441005.1	8	Iainarchaeota	Iainarchaeia	Iainarchaeales	Iainarchaeaceae	UBA10205	85.44	0.8	799648	895
GCA_021107205.1	8	Nanobdellota	Nanobdellia	SCGC-AAA011-G17	GW2011-AR20	JAIOTD01	84.51	0.17	641671	833
GCA_018221125.1	8	Nanobdellota	Nanobdellia	Woesearchaeales	WJKL01	JAAOYC01	78.58	0.25	964591	1174
GCA_022572285.1	8	Thermoproteota	Nitrososphaeria	Nitrososphaerales	UBA57	B1T1B5	84.02	2.3	1581065	2003
GCA_903864915.1	8	Nanobdellota	Nanobdellia	UBA10117	UBA10117	CAIPHS01	82.65	0.45	650790	794
GCA_027000685.1	8	Iainarchaeota	Iainarchaeia	JAADDC01	JAADDC01	JAADDC01	78.97	0.84	544403	702
GCA_035256265.1	8	Aenigmatarchaeota	Aenigmatarchaeia	QMZP01	QMZP01	JAPLVB01	86.82	1.54	782552	979
GCA_038850115.1	8	Thermoproteota	EX4484-205	EX4484-205	JAAOZP01	JAAOZP01	89.27	4.54	1962146	2016
GCA_018896675.1	8	Nanobdellota	Nanobdellia	SCGC-AAA011-G17	GW2011-AR17	JAHIMK01	94.48	2.03	1433641	1646
GCA_003552585.1	8	Thermoplasmatota	Thermoplasmata	Halarchaeoplasmatales	Halarchaeoplasmataceae	PUNK01	91.29	0.85	1838264	1838
GCA_018812465.1	8	Nanobdellota	Nanobdellia	Woesearchaeales	UBA12501	WJJV01	79.22	2.02	1354381	1548
GCA_020725055.1	8	Hadarchaeota	Hadarchaeia	Hadarchaeales	Hadarchaeaceae	DYFS01	90.31	0.15	1093550	1247
GCA_016934775.1	8	Nanobdellota	Nanobdellia	Woesearchaeales	GW2011-AR15	JAFGSP01	88.76	1.67	1364004	1536
GCA_001399795.1	8	Thermoproteota	Bathyarchaeia	Bathyarchaeales	Bathyarchaeaceae	BA2	92.5	3.51	1455689	1800
GCA_035559775.1	8	Thermoproteota	Thermoprotei_A	Sulfolobales	AG1	AG1	86.35	0.29	1961010	1953
GCF_024464655.1	8	Halobacteriota	Halobacteria	Halobacteriales	Haloferacaceae	Halobellus	99.99	0.65	3408193	3410
GCA_030704845.1	8	Nanobdellota	Nanobdellia	Woesearchaeales	GW2011-AR9	JAUYKZ01	97.08	0.57	1015533	1129
GCA_937911265.1	8	Thermoplasmatota	Poseidoniia	Poseidoniales	Thalassarchaeaceae	Thalassarchaeum	93.39	0.05	1463911	1338
GCA_012729095.1	8	Thermoplasmatota	Thermoplasmata	Methanomassiliicoccales	UBA472	UBA472	99.44	0.32	1680434	1754
GCF_000193375.1	8	Thermoproteota	Thermoprotei	Thermoproteales	Thermoproteaceae	Thermoproteus	99.92	0.34	1936063	2198
GCF_902827225.1	8	Methanobacteriota	Methanococci	Methanococcales	Methanocaldococcaceae	Methanocaldococcus	98.72	0.02	1537427	1577
GCA_041645025.1	8	Aenigmatarchaeota	Aenigmatarchaeia	GW2011-AR5	GW2011-AR5	GW2011-AR5	88.09	1.92	982848	1305
GCA_018303685.1	8	Nanobdellota	Nanobdellia	Woesearchaeales	GW2011-AR4	GCA-2688775	91.74	0.79	1134885	1387
GCA_016185615.1	8	Nanobdellota	Nanobdellia	SCGC-AAA011-G17	JACPNG01	JACPNE01	86.06	0.41	668339	830
GCA_038869755.1	8	Nanobdellota	Nanobdellia	Pacearchaeales	GW2011-AR1	JAWCQN01	93.23	0.14	627282	738
GCA_003663115.1	8	Altiarchaeota	Altiarchaeia	IMC4	QMZM01	QMZJ01	83.79	0.5	1194125	1359
GCA_023249105.1	8	Halobacteriota	Methanosarcinia	Methanosarcinales	Methanoperedenaceae	Methanoperedens	99.74	1.31	3282813	3925
GCA_039000165.1	8	Aenigmatarchaeota	Aenigmatarchaeia	CG10238-14	SCSR01	JAVZHQ01	91.59	0.72	783037	937
GCA_021796175.1	8	Thermoplasmatota	Thermoplasmata	Sysuiplasmatales	Sysuiplasmataceae	JAJZXY01	69.34	1.78	1646068	1742
GCA_001784635.1	8	Aenigmatarchaeota	Aenigmatarchaeia	CG10238-14	CG10238-14	RBG-16-49-10	82.71	0.1	916337	1114
GCA_016930055.1	8	Thermoproteota	Bathyarchaeia	TCS64	TCS64	UBA8941	94.32	4.34	1792688	1946
GCA_005881615.1	8	Thermoproteota	Bathyarchaeia	40CM-2-53-6	40CM-2-53-6	40CM-2-53-6	89.08	3.49	2232448	2646
GCA_002495625.1	8	Methanobacteriota	Methanobacteria	Methanobacteriales	Methanobacteriaceae	Methanobacterium_A	99.99	1.38	2450193	2520
GCA_027491395.1	8	Korarchaeota	Korarchaeia	Korarchaeales	Korarchaeaceae	WALU01	98.41	1.93	1715985	1895
GCA_963667665.1	8	Thermoproteota	Nitrososphaeria	Nitrososphaerales	Nitrosopumilaceae	Nitrosopumilus	99.97	1.27	1891871	2250
GCA_030668165.1	8	Asgardarchaeota	Heimdallarchaeia	Heimdallarchaeales	Kariarchaeaceae	JAJRQD01	68.7	3.32	3385994	3519
GCA_041548485.1	8	Thermoplasmatota	Thermoplasmata	UBA10834	UBA10834	UBA10834	90.75	0.16	1689464	1595
GCF_000275865.1	8	Halobacteriota	Methanomicrobia	Methanomicrobiales	Methanofollaceae	Methanofollis	98.43	0.2	2475100	2438
GCA_018221165.1	8	Nanobdellota	Nanobdellia	Woesearchaeales	UBA525	UBA153	82.96	0.86	1046325	1194
GCA_020053055.1	8	Iainarchaeota	Iainarchaeia	Iainarchaeales	GCA-2688035	JAGVNX01	87.07	0.8	1123672	1284
GCA_016784125.1	8	Nanobdellota	Nanobdellia	Woesearchaeales	GCA-2686295	GCA-2686295	83.57	0.56	953501	1079
GCA_030630425.1	8	EX4484-52	EX4484-52	EX4484-52	B79-G9	GLR112	74.73	2.65	973004	1212
GCA_963933005.1	8	Halobacteriota	Halobacteria	Halobacteriales	UBA12382	UBA12382	67.31	0.57	820248	980
GCF_033097485.1	8	Thermoproteota	Thermoprotei_A	Sulfolobales	Pyrodictiaceae	Pyrofollis	99.13	1.16	2005174	2063
GCA_030059665.1	8	Thermoproteota	Nitrososphaeria_A	Caldarchaeales	Calditenuaceae	Calditenuis	91.18	0.02	1567119	1629
GCA_038882715.1	8	Thermoproteota	Bathyarchaeia	Bathyarchaeales	DTEX01	DTEX01	95.23	1.01	1636764	1711
GCA_041489925.1	8	Nanobdellota	Nanobdellia	Woesearchaeales	ARS49	JAWAAW01	99.12	0.85	1061636	1174
GCF_004765795.1	8	Halobacteriota	Halobacteria	Halobacteriales	Haladaptataceae	Halorussus	99.97	0.29	3763720	3810
GCA_014730165.1	8	Asgardarchaeota	Lokiarchaeia	Sigynarchaeales	SOKP01	TEKIR-8	97.79	4.93	4653450	4438
GCF_023256255.1	8	Thermoproteota	Thermoprotei	Thermoproteales	Thermocladiaceae	Caldivirga	97.03	0.19	2067412	2167
GCF_024508235.1	8	Halobacteriota	Halobacteria	Halobacteriales	Halococcaceae	Halococcus	95.14	0.09	2703393	2792
GCA_021107835.1	8	Nanobdellota	Nanobdellia	SCGC-AAA011-G17	PNOQ01	JABJPM01	85.7	0.29	803359	1070
GCA_003649715.1	9	Thermoplasmatota	E2	DHVEG-1	DHVEG-1	B82-G9	92.65	2.39	1504696	1525
GCA_027083015.1	9	Nanobdellota	Nanobdellia	Woesearchaeales	UBA11576	UBA11576	83.11	0.76	1351688	1377
GCA_016926175.1	9	Micrarchaeota	Micrarchaeia	Anstonellales	Bilamarchaeaceae	Bilamarchaeum	93.42	0.41	1047127	1175
GCA_023008585.1	9	Halobacteriota	Halobacteria	Halobacteriales	Natrialbaceae	Natribaculum	100.0	0.95	4352512	4362
GCF_000025505.1	9	Halobacteriota	Archaeoglobi	Archaeoglobales	Archaeoglobaceae	Ferroglobus	99.98	0.03	2196266	2599
GCA_038873195.1	9	Thermoproteota	Bathyarchaeia	Bathyarchaeales	Bathycorpusculaceae	DSLH01	98.24	2.19	1632854	1782
GCA_021792955.1	9	Thermoproteota	Nitrososphaeria	Conexivisphaerales	UBA164	JAJZYL01	73.47	0.39	1172860	1321
GCA_018397035.1	9	Thermoproteota	Bathyarchaeia	40CM-2-53-6	RBG-13-38-9	JAGTQV01	73.81	1.99	1700603	1986
GCA_028275775.1	9	Nanobdellota	Nanobdellia	Nanobdellales	Nanobdellaceae	Nanobdella	79.67	0.45	536355	633
GCA_000402775.1	9	Altiarchaeota	Altiarchaeia	IMC4	SCGC-AAA252-I15	SCGC-AAA252-I15	57.14	1.01	1325681	1507
GCA_001595885.1	9	Thermoplasmatota	Thermoplasmata	SG8-5	SG8-5	SG8-5	70.54	0.52	1247229	1197
GCA_027310185.1	9	Thermoplasmatota	Thermoplasmata	Thermoplasmatales	Thermoplasmataceae	Cuniculiplasma	99.54	1.04	1878148	1911
GCA_013178225.1	9	Halobacteriota	Methanosarcinia	Methanotrichales	Methanotrichaceae	JABLXE01	99.77	0.66	2978549	2964
GCA_029259055.1	9	Thermoplasmatota	E2	UBA202	JdFR-43	JAPDJP01	91.75	0.43	1342139	1352
GCF_000585495.1	9	Methanobacteriota_B	Thermococci	Thermococcales	Thermococcaceae	Thermococcus	99.97	0.3	1976356	2181
GCA_023131555.1	9	Thermoproteota	Bathyarchaeia	Bathyarchaeales	SOJC01	JAGLZJ01	89.53	0.07	1122796	1356
GCA_963663855.1	9	Thermoplasmatota	Thermoplasmata	Methanomassiliicoccales	Methanomassiliicoccaceae	UBA6	99.19	4.31	2449019	2409
GCA_023659975.1	9	Aenigmatarchaeota	Aenigmatarchaeia	QMZS01	QMZS01	QMZS01	71.82	0.22	779153	866
GCA_006954405.1	9	Thermoplasmatota	Thermoplasmata	Methanomassiliicoccales	Methanomethylophilaceae	Methanarcanum	99.9	0.27	1416890	1405
GCA_002011115.2	9	Hydrothermarchaeota	Hydrothermarchaeia	Hydrothermarchaeales	BMS3B	Pyrohabitans	82.96	1.07	1624699	1880
GCA_030612665.1	9	Nanobdellota	Nanobdellia	Pacearchaeales	UBA284	JAUWNL01	83.55	0.24	667650	819
GCA_014361455.1	9	Thermoproteota	Methanomethylicia	Methanomethylicales	Methanomethylicaceae	Methanosuratincola	93.71	4.56	1519268	1754
GCF_004310395.1	9	Methanobacteriota	Methanococci	Methanococcales	Methanococcaceae	Methanofervidicoccus	99.67	0.04	1308147	1258
GCA_021827945.1	9	Thermoplasmatota	Thermoplasmata	Thermoplasmatales	GCA-001856825	GCA-001856825	87.47	0.84	1828298	2012
GCA_036815945.1	9	Thermoproteota	Nitrososphaeria	Nitrososphaerales	Nitrososphaeraceae	Nitrosopolaris	99.59	1.91	3034397	4001
GCA_022729235.1	9	Nanohalarchaeota	Nanosalinia	Nanosalinales	Nanosalinaceae	JALDAJ01	95.15	0.04	1027595	1238
GCA_029977605.1	9	Thermoplasmatota	Poseidoniia	MGIII	CG-Epi1	CG-Epi1	87.57	0.32	1090727	1085
GCA_003194435.1	9	Halobacteriota	Syntropharchaeia	Alkanophagales	Methanospirareceae	G60ANME1	93.48	0.27	1805851	1870
GCF_024662215.1	9	Halobacteriota	Methanomicrobia	Methanomicrobiales	Methanomicrobiaceae	Methanoplanus	99.1	0.18	3163021	2866
GCA_013154005.1	9	Thermoplasmatota	Thermoplasmata	Aciduliprofundales	Aciduliprofundaceae	JAADDK01	93.64	0.79	1635142	1733
GCA_021816895.1	9	Micrarchaeota	Micrarchaeia	Micrarchaeales	Micrarchaeaceae	JAKAWW01	95.42	1.13	928770	1007
GCA_041623215.1	9	Thermoplasmatota	E2	JACPAO01	JAHFTW01	JBFJXH01	88.41	0.04	1939509	1947
GCA_016219865.1	9	Nanobdellota	Nanobdellia	Woesearchaeales	DSVV01	JACRKF01	91.21	0.81	1340683	1492
GCA_030699455.1	9	Nanobdellota	Nanobdellia	SCGC-AAA011-G17	UBA489	JABIKK01	82.67	1.17	770469	918
GCF_000011085.1	9	Halobacteriota	Halobacteria	Halobacteriales	Haloarculaceae	Haloarcula	99.99	1.04	4274642	4453
GCA_038893155.1	9	Halobacteriota	Halobacteria	Halobacteriales	Halalkalicoccaceae	Halalkalicoccus	76.88	0.04	2410782	2879
GCA_041483635.1	9	Thermoplasmatota	Thermoplasmata	RBG-16-68-12	RBG-16-68-12	RBG-16-68-12	89.1	3.01	2360430	2599
GCA_039889305.1	9	Thermoproteota	Thermoprotei_A	Sulfolobales	NBVN01	Zestosphaera	93.95	0.86	1299652	1458
GCA_964217375.1	9	Nanobdellota	Nanobdellia	Woesearchaeales	UBA583	UBA583	82.19	1.87	980645	1117
GCA_002898355.1	9	Thermoproteota	Nitrososphaeria_A	Caldarchaeales	Caldarchaeaceae	HRBIN01	93.25	0.76	1761185	1947
GCA_027031765.1	9	Asgardarchaeota	Thorarchaeia	Thorarchaeales	Thorarchaeaceae	JALVPN01	95.26	1.38	2954021	2842
GCA_015523325.1	9	Micrarchaeota	Micrarchaeia	Anstonellales	J096	WAKO01	86.57	0.21	701125	733
GCF_001602375.1	9	Halobacteriota	Methanomicrobia	Methanomicrobiales	Methanoculleaceae	Methanoculleus	99.85	0.76	2446106	2441
GCA_037443005.1	9	Nanobdellota	Nanobdellia	Parvarchaeales	Parvarchaeaceae	Parvarchaeum	89.98	0.77	831087	954
GCA_034659035.1	9	Halobacteriota	Methanosarcinia	Methanosarcinales	Methanogasteraceae	Methanogaster_A	85.24	0.28	2412215	2727
GCA_035517575.1	9	Halobacteriota	Methanomicrobia	Methanomicrobiales	JACTUA01	JACTUA01	88.13	2.36	1773700	1936
GCA_030594675.1	9	EX4484-52	EX4484-52	EX4484-52	GLR71	GLR71	68.61	2.74	830451	882
GCA_015522055.1	9	Thermoproteota	Nitrososphaeria	Geothermarchaeales	JDFR-13	WAMZ01	74.98	1.65	1300233	1448
GCA_020348965.1	9	Asgardarchaeota	Heimdallarchaeia	Hodarchaeales	Hodarchaeaceae	Hodarchaeum	70.69	1.98	3155959	2883
GCA_031961605.1	9	Thermoplasmatota	Thermoplasmata	Aciduliprofundales	ARK-15	JAVRLH01	80.27	0.93	1049880	1151
GCA_000375685.1	9	Thermoproteota	Thermoprotei	Gearchaeales	Gearchaeaceae	AAA261-N23	67.43	2.97	1203892	1479
GCA_036478655.1	9	Aenigmatarchaeota	Aenigmatarchaeia	QMZP01	QMZT01	JAZGEG01	77.56	0.13	847156	1051
GCA_030651815.1	9	Halobacteriota	Methanomicrobia	Methanomicrobiales	Methanospirillaceae	Methanoregula	99.91	3.14	3275466	3621
GCA_028279045.1	9	Nanobdellota	Nanobdellia	Woesearchaeales	UBA10216	JANQSZ01	90.19	0.99	1016234	1159
GCA_023539445.1	9	Thermoproteota	Nitrososphaeria_A	Caldarchaeales	Wolframiiraptoraceae	Terraquivivens	95.8	0.09	1158832	1257
GCA_022015155.1	9	Thermoproteota	Thermoprotei_A	Sulfolobales	Acidilobaceae	Acidilobus	99.64	0.0	1252937	1353
GCA_902385225.1	9	Iainarchaeota	Iainarchaeia	Iainarchaeales	JAAZKV01	JAAZKV01	87.06	0.44	1054479	1178
GCF_001011115.1	9	Halobacteriota	Halobacteria	Halobacteriales	Halobacteriaceae	Halanaeroarchaeum	99.93	0.62	2209738	2259
GCA_001587715.1	9	Methanobacteriota_B	Thermococci	Methanofastidiosales	Methanofastidiosaceae	Methanofastidiosum	91.77	3.09	1994208	2545
GCA_016933095.1	9	Nanobdellota	Nanobdellia	Woesearchaeales	SM23-78	SM23-78	86.1	0.0	1266225	1308
GCA_017608995.1	9	Iainarchaeota	Iainarchaeia	Iainarchaeales	DTGL01	DTGL01	86.99	1.32	885445	1151
GCA_021163245.1	9	Thermoproteota	Thermoprotei	Thermofilales	Thermofilaceae	JAGGXB01	93.45	1.81	1947278	2049
GCF_963667985.1	9	Halobacteriota	Methanomicrobia	Methanomicrobiales	Methanocorpusculaceae	Methanocorpusculum	98.12	0.33	1760986	1931
GCF_000092465.1	9	Thermoproteota	Thermoprotei_A	Sulfolobales	Desulfurococcaceae	Staphylothermus	99.92	0.04	1580347	1646
GCA_016188175.1	9	Nanobdellota	Nanobdellia	Woesearchaeales	JACPBV01	JACPII01	75.49	0.22	1639396	1744
GCA_039000735.1	9	Aenigmatarchaeota	Aenigmatarchaeia	Aenigmatarchaeales	Aenigmatarchaeaceae	JAWBOD01	63.12	0.27	295375	389
GCA_937892945.1	9	Thermoplasmatota	Poseidoniia	Poseidoniales	Poseidoniaceae	MGIIa-L1	93.87	0.37	2030320	1688
GCA_016929175.1	9	Thermoplasmatota	EX4484-6	EX4484-6	EX4484-6	JAFGLL01	79.16	3.76	2380726	2060
GCA_007117145.1	9	Nanobdellota	Nanobdellia	Woesearchaeales	21-14-0-10-32-9	SKIS01	80.25	0.4	640128	814
GCA_035532555.1	9	Thermoplasmatota	Thermoplasmata	UBA184	UBA184	UBA184	95.97	0.8	1603217	1644
GCA_035625455.1	9	Thermoproteota	Nitrososphaeria	Nitrososphaerales	UBA183	UBA183	94.99	2.57	1572757	1748
GCA_031402215.1	9	Nanobdellota	Nanobdellia	Woesearchaeales	UBA9642	UBA9642	93.98	1.64	1135400	1304
GCF_001719125.1	9	Thermoproteota	Thermoprotei_A	Sulfolobales	Sulfolobaceae	Saccharolobus	99.99	0.17	2688317	2718
GCF_000025865.1	9	Halobacteriota	Methanosarcinia	Methanosarcinales	Methanosarcinaceae	Methanohalophilus	99.99	0.03	2012424	2012
GCA_017610275.1	9	Nanobdellota	Nanobdellia	Woesearchaeales	CG1-02-33-12	CG1-02-33-12	75.71	0.11	961168	1094
GCA_025057985.1	9	Aenigmatarchaeota	Aenigmatarchaeia	CG10238-14	SpSt-28	SpSt-28	88.8	0.07	554132	638
GCA_902384555.1	9	Micrarchaeota	Micrarchaeia	Anstonellales	Anstonellaceae	CAIXYX01	91.97	0.58	1303632	1298
GCA_028679495.1	9	Halobacteriota	Bog-38	Bog-38	Bog-38	Bog-38	61.11	1.72	1391548	1665
GCA_030603365.1	9	Asgardarchaeota	Heimdallarchaeia	Heimdallarchaeales	Heimdallarchaeaceae	UBA460	88.96	3.43	3652076	3375
GCA_009649835.1	9	Halobacteriota	Methanosarcinia	Methanosarcinales	Methanocomedenaceae	Methanocomedens	84.94	0.0	1813034	1975
GCA_028867135.1	9	Micrarchaeota	Micrarchaeia	Micrarchaeales	CABMGC01	JAGWGW01	93.86	0.49	961386	1075
GCA_038821645.1	9	Thermoproteota	Thermoprotei_A	Sulfolobales	Ignisphaeraceae	Ignisphaera	97.8	0.24	1571862	1596
GCA_035289905.1	9	Nanobdellota	Nanobdellia	SCGC-AAA011-G17	GW2011-AR18	DATDVT01	88.42	0.94	715863	874
GCA_037147375.1	9	Iainarchaeota	Iainarchaeia	CSSED10-239	CSSED10-239	JBAWVI01	85.14	1.48	844626	973
GCA_002762975.1	9	Iainarchaeota	Iainarchaeia	Iainarchaeales	Iainarchaeaceae	PCWY01	85.07	1.62	1130899	1280
GCA_018303005.1	9	Nanobdellota	Nanobdellia	SCGC-AAA011-G17	GW2011-AR20	JAGVYY01	82.91	0.82	999658	1211
GCA_002495905.1	9	Thermoproteota	Nitrososphaeria	Nitrososphaerales	UBA57	UBA57	80.39	0.35	852867	941
GCA_035283085.1	9	Nanobdellota	Nanobdellia	UBA10117	UBA10117	DATEUM01	81.79	1.21	568495	799
GCA_015520865.1	9	Iainarchaeota	Iainarchaeia	JAADDC01	JAADDC01	JAADDC01	78.73	2.34	600362	781
GCA_038999435.1	9	Aenigmatarchaeota	Aenigmatarchaeia	QMZP01	QMZP01	QMZZ01	86.21	0.0	549141	637
GCA_038867695.1	9	Thermoproteota	EX4484-205	EX4484-205	JAAOZP01	JAAOZP01	82.07	0.4	1230454	1352
GCA_018653605.1	9	Nanobdellota	Nanobdellia	SCGC-AAA011-G17	GW2011-AR17	JABHYY01	93.1	0.32	960978	1124
GCA_007129655.1	9	Thermoplasmatota	Thermoplasmata	Halarchaeoplasmatales	Halarchaeoplasmataceae	Haladaptatiplasma	90.52	0.29	1628689	1734
GCA_016177315.1	9	Nanobdellota	Nanobdellia	Woesearchaeales	UBA12501	JACOVN01	79.12	1.23	908737	1103
GCA_020725895.1	9	Hadarchaeota	Hadarchaeia	Hadarchaeales	Hadarchaeaceae	DYTO01	90.07	0.06	1123145	1298
GCA_013335235.1	9	Nanobdellota	Nanobdellia	Woesearchaeales	GW2011-AR15	JAAXVZ01	84.29	1.41	1637990	1943
GCA_020348865.1	9	Thermoproteota	Bathyarchaeia	Bathyarchaeales	Bathyarchaeaceae	SOJZ01	92.1	0.84	1497484	1575
GCA_032249275.1	9	Thermoproteota	Thermoprotei_A	Sulfolobales	AG1	AG1	81.76	0.1	1697875	1839
GCF_031823395.1	9	Halobacteriota	Halobacteria	Halobacteriales	Haloferacaceae	Halobellus	99.99	3.29	4200409	4115
GCA_018696595.1	9	Nanobdellota	Nanobdellia	Woesearchaeales	GW2011-AR9	JABJOX01	97.06	0.38	1186834	1245
GCA_036154155.1	9	Thermoplasmatota	Poseidoniia	Poseidoniales	Thalassarchaeaceae	MGIIb-O5	92.75	0.35	1296316	1141
GCA_035506675.1	9	Thermoplasmatota	Thermoplasmata	Methanomassiliicoccales	UBA472	JAJRAL01	99.16	1.04	1972979	2039
GCF_000015805.1	9	Thermoproteota	Thermoprotei	Thermoproteales	Thermoproteaceae	Pyrobaculum	99.85	0.07	2009313	2292
GCF_000371805.1	9	Methanobacteriota	Methanococci	Methanococcales	Methanocaldococcaceae	Methanocaldococcus	96.83	0.03	1249385	1379
GCA_000806115.1	9	Aenigmatarchaeota	Aenigmatarchaeia	GW2011-AR5	GW2011-AR5	GW2011-AR5	87.6	0.31	858244	1029
GCA_035288865.1	9	Nanobdellota	Nanobdellia	Woesearchaeales	GW2011-AR4	GCA-2688775	91.33	0.34	1464961	1655
GCA_017609525.1	9	Nanobdellota	Nanobdellia	SCGC-AAA011-G17	JACPNG01	JAFCDT01	85.99	0.13	785318	1049
GCA_040879765.1	9	Nanobdellota	Nanobdellia	Pacearchaeales	GW2011-AR1	JBBDJQ01	93.16	0.16	525751	650
GCA_002254565.1	9	Altiarchaeota	Altiarchaeia	IMC4	QMZM01	EX4484-2	83.03	0.26	1395301	1576
GCA_041494705.1	9	Halobacteriota	Methanosarcinia	Methanosarcinales	Methanoperedenaceae	Methanoperedens	99.53	0.17	2063292	2257
GCA_016187385.1	9	Aenigmatarchaeota	Aenigmatarchaeia	CG10238-14	SCSR01	JACPAE01	91.32	0.15	875944	1082
GCA_014728985.1	9	Aenigmatarchaeota	Aenigmatarchaeia	CG10238-14	CG10238-14	CG10238-14	81.96	0.31	1005542	1249
GCA_026014815.1	9	Thermoproteota	Bathyarchaeia	TCS64	TCS64	RBG-16-57-9	93.35	4.46	3086587	3624
GCA_005883075.1	9	Thermoproteota	Bathyarchaeia	40CM-2-53-6	40CM-2-53-6	40CM-2-53-6	87.57	3.59	1896249	2206
GCF_003814835.1	9	Methanobacteriota	Methanobacteria	Methanobacteriales	Methanobacteriaceae	Methanocatella	99.98	0.2	1878029	1848
GCA_003344655.1	9	Korarchaeota	Korarchaeia	Korarchaeales	Korarchaeaceae	Korarchaeum	96.45	0.33	1374210	1587
GCA_023265135.1	9	Thermoproteota	Nitrososphaeria	Nitrososphaerales	Nitrosopumilaceae	Nitrosarchaeum	99.96	0.39	1816188	2164
GCA_022574115.1	9	Asgardarchaeota	Heimdallarchaeia	Heimdallarchaeales	Kariarchaeaceae	LC-2	63.78	0.76	3595926	4010
GCA_035529455.1	9	Thermoplasmatota	Thermoplasmata	UBA10834	UBA10834	UBA10834	90.55	3.03	1772582	1742
GCF_937919355.1	9	Halobacteriota	Methanomicrobia	Methanomicrobiales	Methanofollaceae	Methanofollis	96.46	0.94	2246125	2429
GCA_014874255.1	9	Nanobdellota	Nanobdellia	Woesearchaeales	UBA525	UBA153	81.5	0.48	1287827	1271
GCA_016932355.1	9	Iainarchaeota	Iainarchaeia	Iainarchaeales	GCA-2688035	JAFGDB01	84.74	0.0	1068444	1212
GCA_003660865.1	9	EX4484-52	EX4484-52	EX4484-52	B79-G9	B79-G9	68.83	1.0	1201421	1314
GCA_964012925.1	9	Halobacteriota	Halobacteria	Halobacteriales	UBA12382	UBA12382	63.77	0.54	1021349	1173
GCA_027046265.1	9	Thermoproteota	Thermoprotei_A	Sulfolobales	Pyrodictiaceae	QNYQ01	98.65	2.22	1992841	2145
GCA_033581555.1	9	Thermoproteota	Nitrososphaeria_A	Caldarchaeales	Calditenuaceae	Calditenuis	90.56	0.14	1425448	1546
GCA_021158305.1	9	Thermoproteota	Bathyarchaeia	Bathyarchaeales	DTEX01	B63	95.12	1.88	1634124	1813
GCA_002762795.1	9	Nanobdellota	Nanobdellia	Woesearchaeales	ARS49	1-14-0-10-37-12	99.11	0.71	1351557	1517
GCF_000376445.1	9	Halobacteriota	Halobacteria	Halobacteriales	Haladaptataceae	Haladaptatus	99.95	2.51	4317540	4391
GCA_016839765.1	9	Asgardarchaeota	Lokiarchaeia	Sigynarchaeales	SOKP01	SOKP01	95.94	3.45	3320821	3220
GCF_001663375.1	9	Thermoproteota	Thermoprotei	Thermoproteales	Thermocladiaceae	Caldivirga	94.48	1.33	2260471	2417
GCF_000336695.1	9	Halobacteriota	Halobacteria	Halobacteriales	Halococcaceae	Halococcus	94.92	0.72	2991556	3175
GCA_018693795.1	9	Nanobdellota	Nanobdellia	SCGC-AAA011-G17	PNOQ01	JABJPM01	85.04	1.66	661999	836
GCA_025457885.1	10	Thermoplasmatota	E2	DHVEG-1	DHVEG-1	SM1-50	91.64	0.39	2069614	2028
GCA_016219765.1	10	Nanobdellota	Nanobdellia	Woesearchaeales	UBA11576	JACQX01	80.98	0.39	1086044	1230
GCA_023129075.1	10	Micrarchaeota	Micrarchaeia	Anstonellales	Bilamarchaeaceae	JAGMCT01	93.04	0.29	987661	1035
GCF_000025325.1	10	Halobacteriota	Halobacteria	Halobacteriales	Natrialbaceae	Haloterrigena	99.99	1.2	5440782	5224
GCF_039641995.1	10	Halobacteriota	Archaeoglobi	Archaeoglobales	Archaeoglobaceae	Geoglobus	99.98	0.33	1903522	2180
GCA_026014545.1	10	Thermoproteota	Bathyarchaeia	Bathyarchaeales	Bathycorpusculaceae	JAOAIV01	98.06	1.35	1858296	1986
GCA_002506605.1	10	Thermoproteota	Nitrososphaeria	Conexivisphaerales	UBA164	UBA164	68.34	0.82	854732	922
GCA_038850385.1	10	Thermoproteota	Bathyarchaeia	40CM-2-53-6	RBG-13-38-9	JAGTQV01	69.03	1.16	1129821	1397
GCA_038833255.1	10	Nanobdellota	Nanobdellia	Nanobdellales	Nanobdellaceae	Nanoclepta	77.12	0.76	431724	522
GCA_023136815.1	10	Thermoplasmatota	Thermoplasmata	SG8-5	SG8-5	JAGLQM01	61.24	0.02	949536	999
GCA_000965745.1	10	Thermoplasmatota	Thermoplasmata	Thermoplasmatales	Thermoplasmataceae	GCA-965745	99.43	1.1	2226687	2292
GCF_030055635.1	10	Halobacteriota	Methanosarcinia	Methanotrichales	Methanotrichaceae	Methanothrix_B	99.75	0.0	1763032	1721
GCA_038818725.1	10	Thermoplasmatota	E2	UBA202	JdFR-43	JACIWB01	91.52	0.2	1117127	1189
GCF_002214465.1	10	Methanobacteriota_B	Thermococci	Thermococcales	Thermococcaceae	Thermococcus	99.97	0.03	1922421	2035
GCA_035542635.1	10	Thermoproteota	Bathyarchaeia	Bathyarchaeales	SOJC01	DATHCB01	87.08	0.56	1285458	1523
GCA_001512965.1	10	Thermoplasmatota	Thermoplasmata	Methanomassiliicoccales	Methanomassiliicoccaceae	DTU008	98.98	1.47	1762311	1887
GCA_023659935.1	10	Aenigmatarchaeota	Aenigmatarchaeia	QMZS01	QMZS01	QMZS01	70.93	0.13	728758	860
GCA_949292635.1	10	Thermoplasmatota	Thermoplasmata	Methanomassiliicoccales	Methanomethylophilaceae	SIG5	99.9	0.13	1482705	1503
GCA_013152995.1	10	Hydrothermarchaeota	Hydrothermarchaeia	Hydrothermarchaeales	BMS3B	JAADFH01	62.43	0.69	827235	1075
GCA_030641225.1	10	Nanobdellota	Nanobdellia	Pacearchaeales	UBA284	DAOWHW01	79.82	0.87	518712	661
GCA_020832905.1	10	Thermoproteota	Methanomethylicia	Methanomethylicales	Methanomethylicaceae	WYZ-LMO11	92.47	0.63	1161342	1336
GCF_002945325.1	10	Methanobacteriota	Methanococci	Methanococcales	Methanococcaceae	Methanococcus	99.46	0.23	1714918	1819
GCA_038734825.1	10	Thermoplasmatota	Thermoplasmata	Thermoplasmatales	GCA-001856825	GCA-001856825	87.41	0.11	1199866	1283
GCA_041747305.1	10	Thermoproteota	Nitrososphaeria	Nitrososphaerales	Nitrososphaeraceae	Nitrosocosmicus	99.56	3.41	3388989	3971
GCA_001563915.1	10	Nanohalarchaeota	Nanosalinia	Nanosalinales	Nanosalinaceae	B1-Br10-U2g21	92.17	1.59	815638	920
GCA_001875345.1	10	Thermoplasmatota	Poseidoniia	MGIII	CG-Epi1	CG-Epi1	87.15	0.83	1177165	1107
GCA_003661125.1	10	Halobacteriota	Syntropharchaeia	Alkanophagales	Methanospirareceae	QMVO01	93.46	1.54	2212588	2785
GCF_017875315.1	10	Halobacteriota	Methanomicrobia	Methanomicrobiales	Methanomicrobiaceae	Methanomicrobium	99.03	0.26	2541249	2478
GCA_015523135.1	10	Thermoplasmatota	Thermoplasmata	Aciduliprofundales	Aciduliprofundaceae	Aciduliprofundum	91.21	3.02	1411456	1653
GCA_021799475.1	10	Micrarchaeota	Micrarchaeia	Micrarchaeales	Micrarchaeaceae	JAJZYD01	95.28	0.06	814392	864
GCA_041659985.1	10	Thermoplasmatota	E2	JACPAO01	JAHFTW01	JAHFTW01	87.8	0.65	2350647	2517
GCA_018657385.1	10	Nanobdellota	Nanobdellia	Woesearchaeales	DSVV01	JABHXF01	90.4	0.52	1538308	1493
GCA_016177265.1	10	Nanobdellota	Nanobdellia	SCGC-AAA011-G17	UBA489	JACOVP01	70.83	1.69	688134	821
GCF_000336615.1	10	Halobacteriota	Halobacteria	Halobacteriales	Haloarculaceae	Haloarcula	99.99	0.78	4225424	4327
GCA_022561895.1	10	Halobacteriota	Halobacteria	Halobacteriales	Halalkalicoccaceae	Halalkalicoccus	71.4	0.39	2937121	3539
GCA_035639595.1	10	Thermoplasmatota	Thermoplasmata	RBG-16-68-12	RBG-16-68-12	RBG-16-68-12	87.47	4.58	2065798	2235
GCA_026986435.1	10	Thermoproteota	Thermoprotei_A	Sulfolobales	NBVN01	WAOK01	93.58	0.88	1538393	1787
GCA_002506365.1	10	Nanobdellota	Nanobdellia	Woesearchaeales	UBA583	UBA583	73.82	1.89	1388979	1335
GCA_038740895.1	10	Thermoproteota	Nitrososphaeria_A	Caldarchaeales	Caldarchaeaceae	Caldarchaeum	92.62	0.75	1673655	1867
GCA_003345555.1	10	Asgardarchaeota	Thorarchaeia	Thorarchaeales	Thorarchaeaceae	OWC5	93.47	3.36	2277301	2206
GCA_041500405.1	10	Micrarchaeota	Micrarchaeia	Anstonellales	J096	JAPLWW01	86.12	0.21	916473	987
GCF_033472595.1	10	Halobacteriota	Methanomicrobia	Methanomicrobiales	Methanoculleaceae	Methanoculleus	99.76	0.04	1980381	2044
GCA_023269965.1	10	Nanobdellota	Nanobdellia	Parvarchaeales	Parvarchaeaceae	Acidifodinimicrobium	89.95	0.14	666194	761
GCA_013572355.1	10	Halobacteriota	Methanosarcinia	Methanosarcinales	Methanogasteraceae	Methanogaster_A	85.04	0.14	1688642	1844
GCA_035542895.1	10	Halobacteriota	Methanomicrobia	Methanomicrobiales	JACTUA01	JACTUA01	85.71	2.24	1564053	1715
GCA_027047855.1	10	Thermoproteota	Nitrososphaeria	Geothermarchaeales	JDFR-13	WAMZ01	74.92	4.39	1370844	1471
GCA_031961525.1	10	Thermoplasmatota	Thermoplasmata	Aciduliprofundales	ARK-15	JAVRLH01	79.89	0.5	1168302	1356
GCF_003173335.1	10	Halobacteriota	Methanomicrobia	Methanomicrobiales	Methanospirillaceae	Methanospirillum	99.89	1.44	3740742	3579
GCA_016180105.1	10	Nanobdellota	Nanobdellia	Woesearchaeales	UBA10216	UBA10216	89.06	0.06	888046	1060
GCA_025058515.1	10	Thermoproteota	Nitrososphaeria_A	Caldarchaeales	Wolframiiraptoraceae	Geocrenenecus	95.46	1.58	1466662	1491
GCA_000495735.1	10	Thermoproteota	Thermoprotei_A	Sulfolobales	Acidilobaceae	Acidilobus	99.4	0.26	1476663	1567
GCA_037141515.1	10	Iainarchaeota	Iainarchaeia	Iainarchaeales	JAAZKV01	JAAZKV01	86.24	4.71	1295135	1574
GCF_014647115.1	10	Halobacteriota	Halobacteria	Halobacteriales	Halobacteriaceae	Halarchaeum	99.88	1.46	2813544	2893
GCA_001587595.1	10	Methanobacteriota_B	Thermococci	Methanofastidiosales	Methanofastidiosaceae	Methanofastidiosum	87.25	1.85	1495432	1656
GCA_035256305.1	10	Nanobdellota	Nanobdellia	Woesearchaeales	SM23-78	SM23-78	83.58	0.63	1177542	1406
GCA_021161055.1	10	Iainarchaeota	Iainarchaeia	Iainarchaeales	DTGL01	DTGL01	84.85	2.81	826063	944
GCA_023269735.1	10	Thermoproteota	Thermoprotei	Thermofilales	Thermofilaceae	JANXEW01	93.02	0.5	1502755	1743
GCF_026891935.1	10	Halobacteriota	Methanomicrobia	Methanomicrobiales	Methanocorpusculaceae	Methanocorpusculum	97.42	0.23	1942183	1958
GCA_026626905.1	10	Thermoproteota	Thermoprotei_A	Sulfolobales	Desulfurococcaceae	Desulfurococcus	99.92	0.01	1272001	1363
GCA_016180165.1	10	Nanobdellota	Nanobdellia	Woesearchaeales	JACPBV01	JACPBV01	62.29	1.53	1225517	1446
GCA_038106355.1	10	Thermoplasmatota	Poseidoniia	Poseidoniales	Poseidoniaceae	Poseidonia	93.81	0.71	1908912	1602
GCA_030595585.1	10	Thermoplasmatota	EX4484-6	EX4484-6	EX4484-6	JAGLEG01	76.58	0.33	2054152	1787
GCA_007116295.1	10	Nanobdellota	Nanobdellia	Woesearchaeales	21-14-0-10-32-9	SKIS01	77.5	0.36	487262	648
GCA_021798195.1	10	Thermoplasmatota	Thermoplasmata	UBA184	UBA184	JAJZYH01	95.69	0.05	1751857	1685
GCA_902812495.1	10	Thermoproteota	Nitrososphaeria	Nitrososphaerales	UBA183	CADDZR01	94.87	0.71	1344321	1506
GCA_038884715.1	10	Nanobdellota	Nanobdellia	Woesearchaeales	UBA9642	JAWABG01	82.48	3.76	1709097	1761
GCF_009601705.1	10	Thermoproteota	Thermoprotei_A	Sulfolobales	Sulfolobaceae	Saccharolobus	99.99	1.05	2543529	2690
GCF_000217995.1	10	Halobacteriota	Methanosarcinia	Methanosarcinales	Methanosarcinaceae	Methanosalsum	99.99	0.02	2138444	2027
GCA_021161995.1	10	Aenigmatarchaeota	Aenigmatarchaeia	CG10238-14	SpSt-28	JAGGZO01	85.45	1.2	710588	855
GCA_013331805.1	10	Micrarchaeota	Micrarchaeia	Anstonellales	Anstonellaceae	UBA10161	91.52	1.31	1189147	1323
GCA_030608385.1	10	Asgardarchaeota	Heimdallarchaeia	Heimdallarchaeales	Heimdallarchaeaceae	UBA460	88.83	1.79	2773242	2726
GCA_030638625.1	10	Halobacteriota	Methanosarcinia	Methanosarcinales	Methanocomedenaceae	QBUR01	83.83	1.36	1862555	2217
GCA_028867435.1	10	Micrarchaeota	Micrarchaeia	Micrarchaeales	CABMGC01	JAGWGI01	93.71	1.48	1054622	1240
GCA_938074605.1	10	Thermoproteota	Thermoprotei_A	Sulfolobales	Ignisphaeraceae	Ignisphaera	97.79	0.21	1633764	1615
GCA_023245565.1	10	Nanobdellota	Nanobdellia	SCGC-AAA011-G17	GW2011-AR18	JACPCE01	87.98	0.69	895974	1128
GCA_035400625.1	10	Iainarchaeota	Iainarchaeia	CSSED10-239	CSSED10-239	JAKQTP01	84.9	0.68	818624	818
GCA_038046625.1	10	Iainarchaeota	Iainarchaeia	Iainarchaeales	Iainarchaeaceae	Iainarchaeum	84.64	0.21	986348	1074
GCA_035288805.1	10	Nanobdellota	Nanobdellia	SCGC-AAA011-G17	GW2011-AR20	DATDYH01	82.69	0.91	836746	1075
GCA_002713205.1	10	Thermoproteota	Nitrososphaeria	Nitrososphaerales	UBA57	UBA57	75.75	0.3	919096	1002
GCA_038044065.1	10	Nanobdellota	Nanobdellia	UBA10117	UBA10117	UBA10117	69.3	0.38	510398	693
GCA_015662385.1	10	Iainarchaeota	Iainarchaeia	JAADDC01	JAADDC01	SZUA-1452	68.89	0.27	441605	566
GCA_039091855.1	10	Aenigmatarchaeota	Aenigmatarchaeia	QMZP01	QMZP01	JAPLVB01	84.17	0.13	689355	804
GCA_038883435.1	10	Thermoproteota	EX4484-205	EX4484-205	JAAOZP01	JAAOZP01	80.38	0.7	1332043	1466
GCA_030697685.1	10	Nanobdellota	Nanobdellia	SCGC-AAA011-G17	GW2011-AR17	GW2011-AR17	92.42	0.85	1065959	1349
GCA_019594055.1	10	Thermoplasmatota	Thermoplasmata	Halarchaeoplasmatales	Halarchaeoplasmataceae	Haladaptatiplasma	90.08	0.71	1822596	1767
GCA_026394915.1	10	Nanobdellota	Nanobdellia	Woesearchaeales	UBA12501	JAPLZS01	76.03	0.17	1252486	1591
GCA_030616305.1	10	Hadarchaeota	Hadarchaeia	Hadarchaeales	Hadarchaeaceae	JAUWXD01	89.64	1.03	877392	1018
GCA_023701075.1	10	Nanobdellota	Nanobdellia	Woesearchaeales	GW2011-AR15	JAMPXQ01	76.08	0.5	1261383	1474
GCA_041653695.1	10	Thermoproteota	Bathyarchaeia	Bathyarchaeales	Bathyarchaeaceae	Bathyarchaeum	89.35	3.37	2344300	2869
GCA_026990885.1	10	Thermoproteota	Thermoprotei_A	Sulfolobales	AG1	WANO01	76.91	1.25	1553946	1840
GCF_900114455.1	10	Halobacteriota	Halobacteria	Halobacteriales	Haloferacaceae	Halogranum	99.99	3.45	4566676	4580
GCA_016185725.1	10	Nanobdellota	Nanobdellia	Woesearchaeales	GW2011-AR9	JACPNA01	96.97	0.14	1026428	1156
GCA_937876055.1	10	Thermoplasmatota	Poseidoniia	Poseidoniales	Thalassarchaeaceae	MGIIb-O1	92.75	3.2	1461062	1459
GCA_038740345.1	10	Thermoplasmatota	Thermoplasmata	Methanomassiliicoccales	UBA472	JAJRAN01	99.08	2.36	1794893	1752
GCA_001189275.1	10	Thermoproteota	Thermoprotei	Thermoproteales	Thermoproteaceae	Pyrobaculum	99.84	0.19	1993257	2279
GCA_027068365.1	10	Methanobacteriota	Methanococci	Methanococcales	Methanocaldococcaceae	Methanocaldococcus	89.43	0.03	1380945	1605
GCA_018304565.1	10	Aenigmatarchaeota	Aenigmatarchaeia	GW2011-AR5	GW2011-AR5	JACPDL01	84.59	0.52	811389	1105
GCA_018303185.1	10	Nanobdellota	Nanobdellia	Woesearchaeales	GW2011-AR4	JAGVYR01	90.87	1.63	1619018	1755
GCA_030745695.1	10	Nanobdellota	Nanobdellia	SCGC-AAA011-G17	JACPNG01	JACPNE01	76.6	1.28	546515	694
GCA_038045945.1	10	Nanobdellota	Nanobdellia	Pacearchaeales	GW2011-AR1	JAGVWS01	93.07	1.06	847022	1013
GCA_021731385.1	10	Altiarchaeota	Altiarchaeia	IMC4	QMZM01	JAKFXM01	81.52	0.18	1302570	1583
GCA_027460525.1	10	Halobacteriota	Methanosarcinia	Methanosarcinales	Methanoperedenaceae	Methanoperedens	99.47	0.9	2439352	2758
GCA_039000425.1	10	Aenigmatarchaeota	Aenigmatarchaeia	CG10238-14	SCSR01	JAVZGQ01	91.01	3.21	1702364	2017
GCA_017608955.1	10	Aenigmatarchaeota	Aenigmatarchaeia	CG10238-14	CG10238-14	JAFCEW01	80.42	0.38	468508	652
GCA_035529515.1	10	Thermoproteota	Bathyarchaeia	TCS64	TCS64	RBG-16-57-9	90.95	4.73	1774500	2103
GCA_005882895.1	10	Thermoproteota	Bathyarchaeia	40CM-2-53-6	40CM-2-53-6	40CM-2-53-6	86.6	4.02	1967130	2301
GCF_023227715.1	10	Methanobacteriota	Methanobacteria	Methanobacteriales	Methanobacteriaceae	Methanobacterium_E	99.98	0.35	2359936	2348
GCA_027492205.1	10	Korarchaeota	Korarchaeia	Korarchaeales	Korarchaeaceae	DRBY01	96.44	1.36	1938333	2060
GCF_025998175.1	10	Thermoproteota	Nitrososphaeria	Nitrososphaerales	Nitrosopumilaceae	Nitrosopumilus	99.95	0.1	1775052	2109
GCA_020347565.1	10	Thermoplasmatota	Thermoplasmata	UBA10834	UBA10834	UBA10834	90.29	2.0	1966570	1815
GCF_028702905.1	10	Halobacteriota	Methanomicrobia	Methanomicrobiales	Methanofollaceae	Methanofollis	96.08	1.42	2408875	2506
GCA_013331575.1	10	Nanobdellota	Nanobdellia	Woesearchaeales	UBA525	UBA525	74.59	1.45	1625642	1821
GCA_017610265.1	10	Iainarchaeota	Iainarchaeia	Iainarchaeales	GCA-2688035	JAFCCL01	81.96	0.21	1279687	1438
GCA_023139785.1	10	EX4484-52	EX4484-52	EX4484-52	B79-G9	JAFCBV01	59.08	0.81	892359	1089
GCA_009889685.1	10	Halobacteriota	Halobacteria	Halobacteriales	UBA12382	UBA12382	58.89	0.36	920269	1096
GCA_040514295.1	10	Thermoproteota	Thermoprotei_A	Sulfolobales	Pyrodictiaceae	JBEVCE01	90.05	0.16	1464545	1605
GCA_030550155.1	10	Thermoproteota	Nitrososphaeria_A	Caldarchaeales	Calditenuaceae	HRBIN02	90.09	0.6	1439625	1580
GCA_038820405.1	10	Thermoproteota	Bathyarchaeia	Bathyarchaeales	DTEX01	DTEX01	94.47	0.88	1375849	1515
GCA_030750765.1	10	Nanobdellota	Nanobdellia	Woesearchaeales	ARS49	GCA-2687275	98.74	0.56	1143409	1376
GCF_024138125.1	10	Halobacteriota	Halobacteria	Halobacteriales	Haladaptataceae	Halorussus	99.95	1.15	3596520	3594
GCA_005223125.1	10	Asgardarchaeota	Lokiarchaeia	Sigynarchaeales	SOKP01	Loki-b32	95.5	4.61	4129784	4072
GCA_013153275.1	10	Thermoproteota	Thermoprotei	Thermoproteales	Thermocladiaceae	JAADER01	88.61	0.27	1386228	1564
GCA_003021235.1	10	Halobacteriota	Halobacteria	Halobacteriales	Halococcaceae	Halococcus	90.03	0.27	3604584	3683
GCA_903877165.1	11	Thermoplasmatota	E2	DHVEG-1	DHVEG-1	CAIRCU01	91.63	0.19	1977445	1865
GCA_019322385.1	11	Nanobdellota	Nanobdellia	Woesearchaeales	UBA11576	JABMQF01	74.6	0.29	1037281	1232
GCA_029557835.1	11	Micrarchaeota	Micrarchaeia	Anstonellales	Bilamarchaeaceae	CAIXOA01	92.81	0.15	941648	1049
GCF_000226975.2	11	Halobacteriota	Halobacteria	Halobacteriales	Natrialbaceae	Halobiforma	99.99	0.58	4381543	4253
GCA_038731605.1	11	Halobacteriota	Archaeoglobi	Archaeoglobales	Archaeoglobaceae	WYZ-LMO2	99.97	0.0	1671425	1845
GCA_038728085.1	11	Thermoproteota	Bathyarchaeia	Bathyarchaeales	Bathycorpusculaceae	DRVP01	97.73	2.29	1428030	1576
GCA_023256405.1	11	Thermoproteota	Nitrososphaeria	Conexivisphaerales	UBA164	UBA164	66.71	0.15	626496	729
GCA_020697515.1	11	Nanobdellota	Nanobdellia	Nanobdellales	Nanobdellaceae	JAIXNB01	76.43	0.25	469257	539
GCA_030670795.1	11	Thermoplasmatota	Thermoplasmata	SG8-5	SG8-5	SG8-5	59.02	1.27	1435799	1205
GCF_900083515.1	11	Thermoplasmatota	Thermoplasmata	Thermoplasmatales	Thermoplasmataceae	Cuniculiplasma	99.34	0.35	1938699	1960
GCA_903871465.1	11	Halobacteriota	Methanosarcinia	Methanotrichales	Methanotrichaceae	Methanothrix	99.62	1.62	3132245	3166
GCA_021163175.1	11	Thermoplasmatota	E2	UBA202	JdFR-43	JAGGXW01	87.93	3.82	1198492	1395
GCF_035621495.1	11	Methanobacteriota_B	Thermococci	Thermococcales	Thermococcaceae	Thermococcus_B	99.97	0.17	2033621	2255
GCA_020341775.1	11	Thermoproteota	Bathyarchaeia	Bathyarchaeales	SOJC01	GCA-020341775	85.85	3.33	1921102	1991
GCA_905202485.1	11	Thermoplasmatota	Thermoplasmata	Methanomassiliicoccales	Methanomassiliicoccaceae	Methanomassiliicoccus_A	97.02	0.37	1739504	1750
GCA_030620695.1	11	Aenigmatarchaeota	Aenigmatarchaeia	QMZS01	QMZS01	QMZS01	65.56	0.28	547495	742
GCA_963631655.1	11	Thermoplasmatota	Thermoplasmata	Methanomassiliicoccales	Methanomethylophilaceae	Methanomethylophilus	99.9	0.49	1982708	1782
GCA_023511755.1	11	Nanobdellota	Nanobdellia	Pacearchaeales	UBA284	DRVD01	78.5	0.12	529690	657
GCA_029887795.1	11	Thermoproteota	Methanomethylicia	Methanomethylicales	Methanomethylicaceae	WYZ-LMO10	92.25	0.61	1247100	1393
GCF_946463545.1	11	Methanobacteriota	Methanococci	Methanococcales	Methanococcaceae	Methanothermococcus	99.33	1.22	1706496	1686
GCA_027345195.1	11	Thermoplasmatota	Thermoplasmata	Thermoplasmatales	GCA-001856825	GCA-001856825	85.4	1.42	1474403	1570
GCF_013388945.1	11	Thermoproteota	Nitrososphaeria	Nitrososphaerales	Nitrososphaeraceae	Nitrososphaera	99.29	1.0	1993934	2443
GCA_022729355.1	11	Nanohalarchaeota	Nanosalinia	Nanosalinales	Nanosalinaceae	Nanosalina	89.62	0.06	886350	1026
GCA_937893445.1	11	Thermoplasmatota	Poseidoniia	MGIII	CG-Epi1	UBA8886	86.23	1.03	1307085	1311
GCA_034660415.1	11	Halobacteriota	Syntropharchaeia	Alkanophagales	Methanospirareceae	QENH01	92.78	1.43	2136130	2468
GCF_000784355.1	11	Halobacteriota	Methanomicrobia	Methanomicrobiales	Methanomicrobiaceae	Methanolacinia	98.23	1.12	2791704	2770
GCA_015520975.1	11	Thermoplasmatota	Thermoplasmata	Aciduliprofundales	Aciduliprofundaceae	S143-98	87.06	1.52	1360600	1577
GCA_021848125.1	11	Micrarchaeota	Micrarchaeia	Micrarchaeales	Micrarchaeaceae	JAJZMY01	94.69	0.95	776221	832
GCA_041618195.1	11	Thermoplasmatota	E2	JACPAO01	JAHFTW01	JBFGSX01	87.55	0.51	1929940	2089
GCA_023267795.1	11	Nanobdellota	Nanobdellia	Woesearchaeales	DSVV01	JACRPI01	89.39	0.46	995997	1176
GCA_038045925.1	11	Nanobdellota	Nanobdellia	SCGC-AAA011-G17	UBA489	UBA489	70.13	0.05	779494	989
GCF_000336635.1	11	Halobacteriota	Halobacteria	Halobacteriales	Haloarculaceae	Haloarcula	99.99	1.92	4280359	4384
GCA_007129135.1	11	Halobacteriota	Halobacteria	Halobacteriales	Halalkalicoccaceae	SKXI01	70.87	0.32	2698993	3162
GCA_947084985.1	11	Thermoplasmatota	Thermoplasmata	RBG-16-68-12	RBG-16-68-12	RBG-16-68-12	87.2	3.89	1748198	1903
GCA_003056265.1	11	Thermoproteota	Thermoprotei_A	Sulfolobales	NBVN01	Zestosphaera	93.46	1.69	1808184	1941
GCA_007117405.1	11	Nanobdellota	Nanobdellia	Woesearchaeales	UBA583	UBA583	71.51	0.15	502376	572
GCA_038832005.1	11	Thermoproteota	Nitrososphaeria_A	Caldarchaeales	Caldarchaeaceae	Caldarchaeum	90.32	0.41	1553292	1766
GCA_024275415.1	11	Asgardarchaeota	Thorarchaeia	Thorarchaeales	Thorarchaeaceae	MP5-2226	92.9	4.46	3525578	3496
GCA_003694965.1	11	Micrarchaeota	Micrarchaeia	Anstonellales	J096	J096	84.95	0.43	644393	767
GCF_900095385.1	11	Halobacteriota	Methanomicrobia	Methanomicrobiales	Methanoculleaceae	Methanoculleus	99.73	0.82	2649157	2687
GCA_021850635.1	11	Nanobdellota	Nanobdellia	Parvarchaeales	Parvarchaeaceae	JAJZLM01	89.93	0.39	569477	667
GCA_002503595.1	11	Halobacteriota	Methanosarcinia	Methanosarcinales	Methanogasteraceae	Methanogaster_A	83.12	0.71	2390467	2640
GCA_037916685.1	11	Halobacteriota	Methanomicrobia	Methanomicrobiales	JACTUA01	JAJRCM01	78.16	1.9	1546836	1850
GCA_015523725.1	11	Thermoproteota	Nitrososphaeria	Geothermarchaeales	JDFR-13	WAMZ01	72.7	2.09	1426587	1570
GCA_031961585.1	11	Thermoplasmatota	Thermoplasmata	Aciduliprofundales	ARK-15	JAVRLH01	76.14	0.91	1047800	1199
GCA_035561295.1	11	Halobacteriota	Methanomicrobia	Methanomicrobiales	Methanospirillaceae	Methanospirillum	99.89	1.29	3457568	3188
GCA_016188155.1	11	Nanobdellota	Nanobdellia	Woesearchaeales	UBA10216	UBA10216	88.7	3.86	1075335	1204
GCA_023267885.1	11	Thermoproteota	Nitrososphaeria_A	Caldarchaeales	Wolframiiraptoraceae	Terraquivivens	95.24	1.32	1273736	1389
GCF_023256325.1	11	Thermoproteota	Thermoprotei_A	Sulfolobales	Acidilobaceae	Caldisphaera	99.22	0.42	1518025	1563
GCA_041661245.1	11	Iainarchaeota	Iainarchaeia	Iainarchaeales	JAAZKV01	JAAZKV01	86.22	0.69	1309270	1356
GCF_021249345.1	11	Halobacteriota	Halobacteria	Halobacteriales	Halobacteriaceae	Halobacterium	99.88	0.17	3112195	3273
GCA_013329085.1	11	Methanobacteriota_B	Thermococci	Methanofastidiosales	Methanofastidiosaceae	Methanofastidiosum	76.91	1.53	1566181	2050
GCA_018819305.1	11	Nanobdellota	Nanobdellia	Woesearchaeales	SM23-78	SM23-78	81.7	0.05	1528804	1739
GCA_038727095.1	11	Thermoproteota	Thermoprotei	Thermofilales	Thermofilaceae	JANXEW01	92.39	0.87	1864241	1948
GCF_032714495.1	11	Halobacteriota	Methanomicrobia	Methanomicrobiales	Methanocorpusculaceae	Methanocorpusculum	96.26	0.56	1829609	1858
GCF_038881575.1	11	Thermoproteota	Thermoprotei_A	Sulfolobales	Desulfurococcaceae	Desulfurococcus	99.9	1.29	1634277	1731
GCA_016777125.1	11	Thermoplasmatota	Poseidoniia	Poseidoniales	Poseidoniaceae	MGIIa-L2	93.73	0.25	1870706	1573
GCA_030591285.1	11	Thermoplasmatota	EX4484-6	EX4484-6	EX4484-6	JAFGLL01	70.04	1.91	1912748	1715
GCA_003562145.1	11	Nanobdellota	Nanobdellia	Woesearchaeales	21-14-0-10-32-9	PWWA01	73.1	2.31	655780	821
GCA_022749935.1	11	Thermoplasmatota	Thermoplasmata	UBA184	UBA184	UBA184	95.2	2.73	1785925	1723
GCA_027886975.1	11	Thermoproteota	Nitrososphaeria	Nitrososphaerales	UBA183	UBA183	94.77	3.67	2052981	2365
GCF_013343295.1	11	Thermoproteota	Thermoprotei_A	Sulfolobales	Sulfolobaceae	Metallosphaera	99.99	1.2	2176897	2335
GCF_000328665.1	11	Halobacteriota	Methanosarcinia	Methanosarcinales	Methanosarcinaceae	Methanomethylovorans	99.99	0.31	2714013	2638
GCA_025058985.1	11	Aenigmatarchaeota	Aenigmatarchaeia	CG10238-14	SpSt-28	JANXEB01	85.22	2.3	746211	891
GCA_020056305.1	11	Micrarchaeota	Micrarchaeia	Anstonellales	Anstonellaceae	JAGVIA01	90.12	0.8	1379636	1436
GCA_013166775.1	11	Asgardarchaeota	Heimdallarchaeia	Heimdallarchaeales	Heimdallarchaeaceae	UBA460	88.74	4.46	3847693	3768
GCA_023136155.1	11	Halobacteriota	Methanosarcinia	Methanosarcinales	Methanocomedenaceae	QBUR01	81.15	0.04	1546431	1727
GCA_021792095.1	11	Micrarchaeota	Micrarchaeia	Micrarchaeales	CABMGC01	JAJYVH01	93.45	0.15	771545	849
GCA_025058535.1	11	Thermoproteota	Thermoprotei_A	Sulfolobales	Ignisphaeraceae	Ignisphaera	94.1	0.55	1718967	1767
GCA_035289605.1	11	Nanobdellota	Nanobdellia	SCGC-AAA011-G17	GW2011-AR18	GW2011-AR18	85.95	0.9	839229	1030
GCA_035357435.1	11	Iainarchaeota	Iainarchaeia	CSSED10-239	CSSED10-239	DAOPNM01	84.8	0.1	534509	611
GCA_005239615.1	11	Iainarchaeota	Iainarchaeia	Iainarchaeales	Iainarchaeaceae	UBA10205	84.37	0.2	1137048	1251
GCA_016181245.1	11	Nanobdellota	Nanobdellia	SCGC-AAA011-G17	GW2011-AR20	JACQNJ01	82.64	1.18	907905	1176
GCA_963577725.1	11	Thermoproteota	Nitrososphaeria	Nitrososphaerales	UBA57	UBA57	74.27	2.78	810896	967
GCA_016204275.1	11	Nanobdellota	Nanobdellia	UBA10117	UBA10117	JACOYC01	68.44	0.47	704678	874
GCA_018818465.1	11	Aenigmatarchaeota	Aenigmatarchaeia	QMZP01	QMZP01	JAHIRU01	83.08	1.53	872921	1051
GCA_017601345.1	11	Thermoproteota	EX4484-205	EX4484-205	JAAOZP01	JAAOZP01	77.37	1.68	1183702	1331
GCA_003694495.1	11	Nanobdellota	Nanobdellia	SCGC-AAA011-G17	GW2011-AR17	J104	90.42	0.61	843393	977
GCA_018334835.1	11	Thermoplasmatota	Thermoplasmata	Halarchaeoplasmatales	Halarchaeoplasmataceae	Natronoplasma	83.71	3.63	1708464	1769
GCA_016177345.1	11	Nanobdellota	Nanobdellia	Woesearchaeales	UBA12501	JACPCA01	72.22	0.0	1048848	1135
GCA_030619825.1	11	Hadarchaeota	Hadarchaeia	Hadarchaeales	Hadarchaeaceae	DG-33	89.3	1.49	990820	1233
GCA_038825025.1	11	Nanobdellota	Nanobdellia	Woesearchaeales	GW2011-AR15	JAAXVZ01	71.71	1.04	828349	910
GCA_020344315.1	11	Thermoproteota	Bathyarchaeia	Bathyarchaeales	Bathyarchaeaceae	Bathyarchaeum	88.36	1.67	1556945	1632
GCA_015521765.1	11	Thermoproteota	Thermoprotei_A	Sulfolobales	AG1	WANO01	63.59	1.44	1228353	1314
GCF_000337095.1	11	Halobacteriota	Halobacteria	Halobacteriales	Haloferacaceae	Halogeometricum	99.98	3.0	4384515	4349
GCA_016188115.1	11	Nanobdellota	Nanobdellia	Woesearchaeales	GW2011-AR9	JACPIK01	96.63	0.48	1479238	1554
GCF_022448665.1	11	Thermoplasmatota	Poseidoniia	Poseidoniales	Thalassarchaeaceae	Thalassarchaeum	92.69	0.19	1356798	1227
GCA_004525545.1	11	Thermoplasmatota	Thermoplasmata	Methanomassiliicoccales	UBA472	UBA472	98.24	0.8	1596147	1768
GCF_000007225.1	11	Thermoproteota	Thermoprotei	Thermoproteales	Thermoproteaceae	Pyrobaculum	99.74	0.17	2222430	2631
GCA_013153845.1	11	Methanobacteriota	Methanococci	Methanococcales	Methanocaldococcaceae	Methanocaldococcus	86.87	0.29	1429137	1466
GCA_013331845.1	11	Aenigmatarchaeota	Aenigmatarchaeia	GW2011-AR5	GW2011-AR5	GW2011-AR5	84.21	0.14	898948	1145
GCA_016185945.1	11	Nanobdellota	Nanobdellia	Woesearchaeales	GW2011-AR4	GCA-2688775	90.7	1.2	1506178	1671
GCA_018303485.1	11	Nanobdellota	Nanobdellia	SCGC-AAA011-G17	JACPNG01	JAGVYC01	73.57	0.61	544479	688
GCA_030647095.1	11	Nanobdellota	Nanobdellia	Pacearchaeales	GW2011-AR1	JAUSKH01	92.93	1.48	1091981	1366
GCA_003663045.1	11	Altiarchaeota	Altiarchaeia	IMC4	QMZM01	QMZG01	80.8	0.17	1171794	1272
GCA_902386135.1	11	Halobacteriota	Methanosarcinia	Methanosarcinales	Methanoperedenaceae	Methanoperedens	99.18	2.49	3243210	3618
GCA_039090665.1	11	Aenigmatarchaeota	Aenigmatarchaeia	CG10238-14	SCSR01	JAVZGQ01	90.57	0.12	620606	763
GCA_025058005.1	11	Aenigmatarchaeota	Aenigmatarchaeia	CG10238-14	CG10238-14	JAHLMN01	74.26	0.72	511437	702
GCA_037439685.1	11	Thermoproteota	Bathyarchaeia	TCS64	TCS64	JAGTRB01	86.15	0.47	1514400	1673
GCA_021323995.1	11	Thermoproteota	Bathyarchaeia	40CM-2-53-6	40CM-2-53-6	40CM-2-53-6	85.74	1.26	2006564	2387
GCA_022775905.1	11	Methanobacteriota	Methanobacteria	Methanobacteriales	Methanobacteriaceae	Methanocatella	99.98	0.44	1828846	2005
GCA_027491415.1	11	Korarchaeota	Korarchaeia	Korarchaeales	Korarchaeaceae	DRBY01	96.28	1.11	1783303	1971
GCA_028867755.1	11	Thermoproteota	Nitrososphaeria	Nitrososphaerales	Nitrosopumilaceae	Nitrosotalea	99.95	0.59	1636759	1988
GCA_037439985.1	11	Thermoplasmatota	Thermoplasmata	UBA10834	UBA10834	COMBO-56-21	89.47	0.49	1633162	1785
GCA_030156225.1	11	Halobacteriota	Methanomicrobia	Methanomicrobiales	Methanofollaceae	Methanofollis	88.45	0.16	1789143	1889
GCA_018221245.1	11	Nanobdellota	Nanobdellia	Woesearchaeales	UBA525	UBA525	74.45	0.65	843861	1087
GCA_017608725.1	11	Iainarchaeota	Iainarchaeia	Iainarchaeales	GCA-2688035	JAFGDB01	81.69	2.6	1136951	1358
GCA_013540595.1	11	Thermoproteota	Thermoprotei_A	Sulfolobales	Pyrodictiaceae	QNYQ01	88.16	2.57	1457804	1540
GCA_039630085.1	11	Thermoproteota	Nitrososphaeria_A	Caldarchaeales	Calditenuaceae	Calditenuis	89.93	0.05	1412510	1520
GCA_038867895.1	11	Thermoproteota	Bathyarchaeia	Bathyarchaeales	DTEX01	DTEX01	94.4	1.59	1707094	1736
GCA_038868995.1	11	Nanobdellota	Nanobdellia	Woesearchaeales	ARS49	CABMGU01	98.55	0.21	940371	1093
GCF_004143485.2	11	Halobacteriota	Halobacteria	Halobacteriales	Haladaptataceae	Halorussus	99.88	0.99	3779259	3858
GCA_019058015.1	11	Asgardarchaeota	Lokiarchaeia	Sigynarchaeales	SOKP01	6H3-1	94.44	3.4	3841276	3892
GCA_013153895.1	11	Thermoproteota	Thermoprotei	Thermoproteales	Thermocladiaceae	JAADER01	87.75	0.32	1786476	2107
GCA_003021725.1	11	Halobacteriota	Halobacteria	Halobacteriales	Halococcaceae	Halococcus	88.04	0.29	3053165	3199
GCA_018334795.1	12	Thermoplasmatota	E2	DHVEG-1	DHVEG-1	EX4572-165	91.19	0.66	1752697	1835
GCA_030591125.1	12	Nanobdellota	Nanobdellia	Woesearchaeales	UBA11576	JABMQF01	66.93	0.61	1313173	1454
GCA_041653635.1	12	Micrarchaeota	Micrarchaeia	Anstonellales	Bilamarchaeaceae	CAIXOA01	91.57	0.07	1126690	1203
GCF_000337475.1	12	Halobacteriota	Halobacteria	Halobacteriales	Natrialbaceae	Natrinema	99.99	0.67	3522035	3657
GCA_015520485.1	12	Halobacteriota	Archaeoglobi	Archaeoglobales	Archaeoglobaceae	WAPX01	99.96	0.4	1574805	1697
GCA_009778385.1	12	Thermoproteota	Bathyarchaeia	Bathyarchaeales	Bathycorpusculaceae	Bathycorpusculum	97.7	0.99	2179374	2153
GCF_003086415.1	12	Nanobdellota	Nanobdellia	Nanobdellales	Nanobdellaceae	Nanobdella	65.66	0.59	449376	525
GCF_031200575.1	12	Thermoplasmatota	Thermoplasmata	Thermoplasmatales	Thermoplasmataceae	Ferroplasma	99.33	0.56	1859113	1973
GCA_029553285.1	12	Halobacteriota	Methanosarcinia	Methanotrichales	Methanotrichaceae	Methanothrix_B	99.6	0.01	1950071	1959
GCA_021161135.1	12	Thermoplasmatota	E2	UBA202	JdFR-43	JdFR-43	87.19	0.33	1347557	1531
GCF_000022365.1	12	Methanobacteriota_B	Thermococci	Thermococcales	Thermococcaceae	Thermococcus	99.96	0.3	2045438	2175
GCA_035319765.1	12	Thermoproteota	Bathyarchaeia	Bathyarchaeales	SOJC01	DATHCB01	84.41	2.14	2243255	2554
GCA_012518185.1	12	Thermoplasmatota	Thermoplasmata	Methanomassiliicoccales	Methanomassiliicoccaceae	DTU008	95.68	2.05	1596405	1690
GCA_015063165.1	12	Thermoplasmatota	Thermoplasmata	Methanomassiliicoccales	Methanomethylophilaceae	Methanoprimaticola	99.86	1.45	2280216	2174
GCA_030619955.1	12	Nanobdellota	Nanobdellia	Pacearchaeales	UBA284	JAUXAK01	70.95	0.53	479922	610
GCA_004348015.1	12	Thermoproteota	Methanomethylicia	Methanomethylicales	Methanomethylicaceae	WYZ-LMO11	90.55	0.08	1118163	1337
GCF_000179575.2	12	Methanobacteriota	Methanococci	Methanococcales	Methanococcaceae	Methanofervidicoccus	99.2	0.1	1677455	1665
GCA_023256615.1	12	Thermoplasmatota	Thermoplasmata	Thermoplasmatales	GCA-001856825	JAGDXO01	84.36	0.51	1215608	1278
GCF_900696045.1	12	Thermoproteota	Nitrososphaeria	Nitrososphaerales	Nitrososphaeraceae	Nitrosocosmicus	99.26	0.11	2836447	3025
GCA_041640035.1	12	Nanohalarchaeota	Nanosalinia	Nanosalinales	Nanosalinaceae	JBEQAZ01	89.28	1.39	978572	1145
GCA_022449785.1	12	Thermoplasmatota	Poseidoniia	MGIII	CG-Epi1	CG-Epi1	86.09	0.03	1042084	1085
GCA_017883965.1	12	Halobacteriota	Syntropharchaeia	Alkanophagales	Methanospirareceae	JAFNKG01	92.72	1.32	2478969	2820
GCA_023396365.1	12	Halobacteriota	Methanomicrobia	Methanomicrobiales	Methanomicrobiaceae	Methanomicrobium	97.89	0.0	1855355	1876
GCA_015522955.1	12	Thermoplasmatota	Thermoplasmata	Aciduliprofundales	Aciduliprofundaceae	S014-41	85.98	1.22	1259601	1450
GCA_014874295.1	12	Micrarchaeota	Micrarchaeia	Micrarchaeales	Micrarchaeaceae	A-MIC-10	94.51	1.41	823640	942
GCA_041623015.1	12	Thermoplasmatota	E2	JACPAO01	JAHFTW01	JANQNI01	86.82	0.17	2160355	2422
GCA_016205905.1	12	Nanobdellota	Nanobdellia	Woesearchaeales	DSVV01	JACQSP01	76.57	1.43	1384344	1318
GCF_000470655.1	12	Halobacteriota	Halobacteria	Halobacteriales	Haloarculaceae	Halorhabdus	99.99	0.54	3146160	3161
GCA_007128515.1	12	Halobacteriota	Halobacteria	Halobacteriales	Halalkalicoccaceae	SKXI01	61.57	0.24	2468096	2921
GCA_005878955.1	12	Thermoplasmatota	Thermoplasmata	RBG-16-68-12	RBG-16-68-12	EA-19	86.55	2.37	2149721	2290
GCA_038831135.1	12	Thermoproteota	Thermoprotei_A	Sulfolobales	NBVN01	DTCV01	93.15	0.05	1504804	1625
GCA_015661775.1	12	Thermoproteota	Nitrososphaeria_A	Caldarchaeales	Caldarchaeaceae	SZUA-1515	88.56	0.72	1487529	1695
GCA_038893995.1	12	Asgardarchaeota	Thorarchaeia	Thorarchaeales	Thorarchaeaceae	JAWAQK01	91.16	1.64	2326833	2228
GCA_030550115.1	12	Micrarchaeota	Micrarchaeia	Anstonellales	J096	JAADEL01	84.42	0.53	575622	653
GCF_000015825.1	12	Halobacteriota	Methanomicrobia	Methanomicrobiales	Methanoculleaceae	Methanoculleus	99.71	0.41	2478101	2481
GCA_021817165.1	12	Nanobdellota	Nanobdellia	Parvarchaeales	Parvarchaeaceae	Parvarchaeum	89.83	0.59	762408	854
GCA_034659235.1	12	Halobacteriota	Methanosarcinia	Methanosarcinales	Methanogasteraceae	Methanogaster_B	83.02	0.29	1783591	2031
GCA_028678555.1	12	Halobacteriota	Methanomicrobia	Methanomicrobiales	JACTUA01	JAJRCY01	77.98	0.37	1460683	1619
GCA_015660965.1	12	Halobacteriota	Methanomicrobia	Methanomicrobiales	Methanospirillaceae	MVRE01	99.88	3.61	2428622	2781
GCA_016180065.1	12	Nanobdellota	Nanobdellia	Woesearchaeales	UBA10216	UBA10216	88.32	0.42	1064605	1217
GCA_023539395.1	12	Thermoproteota	Nitrososphaeria_A	Caldarchaeales	Wolframiiraptoraceae	Geocrenenecus	94.09	1.31	1530521	1625
GCA_035175045.1	12	Thermoproteota	Thermoprotei_A	Sulfolobales	Acidilobaceae	Calypsonella	98.78	0.5	1604348	1770
GCA_036170245.1	12	Iainarchaeota	Iainarchaeia	Iainarchaeales	JAAZKV01	JAAZKV01	86.16	0.0	866866	941
GCF_001488575.1	12	Halobacteriota	Halobacteria	Halobacteriales	Halobacteriaceae	Halobacterium	99.81	0.46	3130345	3304
GCA_023622545.1	12	Methanobacteriota_B	Thermococci	Methanofastidiosales	Methanofastidiosaceae	Methanofastidiosum	68.23	0.63	1292870	1534
GCA_030637925.1	12	Nanobdellota	Nanobdellia	Woesearchaeales	SM23-78	SM23-78	80.16	0.11	922611	1113
GCA_038861545.1	12	Thermoproteota	Thermoprotei	Thermofilales	Thermofilaceae	CALHPJ01	92.01	0.21	1626640	1613
GCF_032714615.1	12	Halobacteriota	Methanomicrobia	Methanomicrobiales	Methanocorpusculaceae	Methanocorpusculum	95.77	0.4	1847417	1887
GCF_014962245.1	12	Thermoproteota	Thermoprotei_A	Sulfolobales	Desulfurococcaceae	Thermosphaera	99.86	0.33	1305106	1407
GCA_964015875.1	12	Thermoplasmatota	Poseidoniia	Poseidoniales	Poseidoniaceae	MGIIa-L1	93.57	0.19	1996536	1677
GCA_002254385.1	12	Thermoplasmatota	EX4484-6	EX4484-6	EX4484-6	EX4484-6	68.79	0.51	1825537	1551
GCA_021801925.1	12	Thermoplasmatota	Thermoplasmata	UBA184	UBA184	UBA184	94.67	0.02	1571138	1548
GCA_035622475.1	12	Thermoproteota	Nitrososphaeria	Nitrososphaerales	UBA183	UBA183	94.0	1.22	1741766	1926
GCF_019704315.1	12	Thermoproteota	Thermoprotei_A	Sulfolobales	Sulfolobaceae	Stygiolobus	99.99	0.36	2958410	3012
GCF_000969905.1	12	Halobacteriota	Methanosarcinia	Methanosarcinales	Methanosarcinaceae	Methanosarcina	99.99	0.86	4563885	3737
GCA_036824555.1	12	Aenigmatarchaeota	Aenigmatarchaeia	CG10238-14	SpSt-28	SpSt-28	83.45	0.13	435149	519
GCA_902384585.1	12	Micrarchaeota	Micrarchaeia	Anstonellales	Anstonellaceae	Anstonella	89.09	0.93	1332822	1335
GCA_021399345.1	12	Asgardarchaeota	Heimdallarchaeia	Heimdallarchaeales	Heimdallarchaeaceae	UBA460	88.6	2.78	3265656	3173
GCA_030600695.1	12	Halobacteriota	Methanosarcinia	Methanosarcinales	Methanocomedenaceae	Methanocomedens	80.28	0.25	1737099	1885
GCA_021827925.1	12	Micrarchaeota	Micrarchaeia	Micrarchaeales	CABMGC01	JAKATZ01	93.22	0.87	969053	1009
GCA_020833345.1	12	Thermoproteota	Thermoprotei_A	Sulfolobales	Ignisphaeraceae	Ignisphaera	93.61	0.02	1315685	1449
GCA_035655455.1	12	Nanobdellota	Nanobdellia	SCGC-AAA011-G17	GW2011-AR18	JAHFKM01	85.42	1.77	802530	973
GCA_028700905.1	12	Iainarchaeota	Iainarchaeia	CSSED10-239	CSSED10-239	Forterrea	83.66	1.1	781565	903
GCA_902386385.1	12	Iainarchaeota	Iainarchaeia	Iainarchaeales	Iainarchaeaceae	UBA10205	83.86	1.14	1090173	1130
GCA_038045885.1	12	Nanobdellota	Nanobdellia	SCGC-AAA011-G17	GW2011-AR20	JBBSXG01	82.64	2.4	805271	1124
GCA_022449325.1	12	Thermoproteota	Nitrososphaeria	Nitrososphaerales	UBA57	UBA57	71.8	0.0	753860	895
GCA_018304365.1	12	Nanobdellota	Nanobdellia	UBA10117	UBA10117	JAGVWH01	52.39	0.07	290440	383
GCA_030615165.1	12	Aenigmatarchaeota	Aenigmatarchaeia	QMZP01	QMZP01	JAUWZW01	81.64	0.02	958306	1107
GCA_025059435.1	12	Thermoproteota	EX4484-205	EX4484-205	JAAOZP01	JAAOZP01	70.49	0.08	563745	686
GCA_017608525.1	12	Nanobdellota	Nanobdellia	SCGC-AAA011-G17	GW2011-AR17	JAFCFS01	90.24	1.5	1028344	1230
GCA_003553085.1	12	Thermoplasmatota	Thermoplasmata	Halarchaeoplasmatales	Halarchaeoplasmataceae	Halarchaeoplasma	83.54	0.52	1814659	1757
GCA_016203375.1	12	Nanobdellota	Nanobdellia	Woesearchaeales	UBA12501	JACQMX01	71.02	0.39	663514	754
GCA_038851075.1	12	Hadarchaeota	Hadarchaeia	Hadarchaeales	Hadarchaeaceae	JAWCKV01	88.21	0.21	1009249	1050
GCA_029882515.1	12	Thermoproteota	Bathyarchaeia	Bathyarchaeales	Bathyarchaeaceae	JAOUKN01	87.81	4.98	2225482	2585
GCF_007671725.1	12	Halobacteriota	Halobacteria	Halobacteriales	Haloferacaceae	Halorubrum	99.98	2.16	3182860	3134
GCA_018824365.1	12	Nanobdellota	Nanobdellia	Woesearchaeales	GW2011-AR9	JAHJGQ01	96.02	0.22	1228733	1314
GCA_964003245.1	12	Thermoplasmatota	Poseidoniia	Poseidoniales	Thalassarchaeaceae	MGIIb-O2	92.52	1.36	1527883	1449
GCA_002497075.1	12	Thermoplasmatota	Thermoplasmata	Methanomassiliicoccales	UBA472	UBA472	96.44	0.24	1831976	1891
GCA_000247545.1	12	Thermoproteota	Thermoprotei	Thermoproteales	Thermoproteaceae	Pyrobaculum	99.55	0.56	2452920	2943
GCA_039833665.1	12	Methanobacteriota	Methanococci	Methanococcales	Methanocaldococcaceae	Methanocaldococcus	86.0	0.03	1166155	1363
GCA_016180945.1	12	Aenigmatarchaeota	Aenigmatarchaeia	GW2011-AR5	GW2011-AR5	JACPAG01	83.65	0.0	987615	1173
GCA_016185815.1	12	Nanobdellota	Nanobdellia	Woesearchaeales	GW2011-AR4	GCA-2688775	89.88	0.65	972971	1230
GCA_017609845.1	12	Nanobdellota	Nanobdellia	SCGC-AAA011-G17	JACPNG01	JAFCDD01	72.55	0.35	525454	706
GCA_041484115.1	12	Nanobdellota	Nanobdellia	Pacearchaeales	GW2011-AR1	ASMP01	92.85	0.5	476305	611
GCA_003663175.1	12	Altiarchaeota	Altiarchaeia	IMC4	QMZM01	QMZM01	79.54	0.03	937638	1056
GCA_003104905.1	12	Halobacteriota	Methanosarcinia	Methanosarcinales	Methanoperedenaceae	Methanoperedens	98.47	3.36	2913215	3019
GCA_038998335.1	12	Aenigmatarchaeota	Aenigmatarchaeia	CG10238-14	SCSR01	JAVZHQ01	90.41	0.33	1009365	1081
GCA_030672375.1	12	Aenigmatarchaeota	Aenigmatarchaeia	CG10238-14	CG10238-14	DAOVGP01	73.47	0.05	472432	597
GCA_001774245.1	12	Thermoproteota	Bathyarchaeia	TCS64	TCS64	UBA8941	85.29	2.6	2081685	2355
GCA_005881695.1	12	Thermoproteota	Bathyarchaeia	40CM-2-53-6	40CM-2-53-6	40CM-2-53-6	82.51	4.14	1997423	2353
GCF_000012545.1	12	Methanobacteriota	Methanobacteria	Methanobacteriales	Methanobacteriaceae	Methanosphaera	99.97	0.24	1767403	1552
GCA_030130125.1	12	Korarchaeota	Korarchaeia	Korarchaeales	Korarchaeaceae	WALU01	96.05	3.44	1516173	1684
GCF_018128925.1	12	Thermoproteota	Nitrososphaeria	Nitrososphaerales	Nitrosopumilaceae	Nitrosarchaeum_A	99.94	0.02	1645909	1984
GCA_038852315.1	12	Thermoplasmatota	Thermoplasmata	UBA10834	UBA10834	JAJYIS01	89.09	0.19	1714790	1665
GCA_028696365.1	12	Halobacteriota	Methanomicrobia	Methanomicrobiales	Methanofollaceae	Methanofollis	81.28	1.51	2423139	2525
GCA_027371725.1	12	Nanobdellota	Nanobdellia	Woesearchaeales	UBA525	UBA153	73.84	0.35	1052791	1246
GCA_016931555.1	12	Iainarchaeota	Iainarchaeia	Iainarchaeales	GCA-2688035	JAFGEM01	81.62	0.68	952776	1160
GCA_027028845.1	12	Thermoproteota	Thermoprotei_A	Sulfolobales	Pyrodictiaceae	Pyrofollis	86.97	0.42	1388499	1624
GCA_038741355.1	12	Thermoproteota	Nitrososphaeria_A	Caldarchaeales	Calditenuaceae	HRBIN02	89.32	0.32	1652096	1872
GCA_018396655.1	12	Thermoproteota	Bathyarchaeia	Bathyarchaeales	DTEX01	DTEX01	94.38	1.01	1320416	1389
GCA_016188265.1	12	Nanobdellota	Nanobdellia	Woesearchaeales	ARS49	JACPID01	98.24	1.23	923817	1074
GCF_004087835.1	12	Halobacteriota	Halobacteria	Halobacteriales	Haladaptataceae	Halorussus	99.83	1.11	3490924	3515
GCA_019058445.1	12	Asgardarchaeota	Lokiarchaeia	Sigynarchaeales	SOKP01	LW40-45	92.57	4.27	4611789	4165
GCA_023256215.1	12	Thermoproteota	Thermoprotei	Thermoproteales	Thermocladiaceae	Vulcanisaeta	87.1	0.31	1901059	2199
GCA_003021705.1	12	Halobacteriota	Halobacteria	Halobacteriales	Halococcaceae	Halococcus	79.15	0.0	2832741	2942
GCA_017885605.1	13	Thermoplasmatota	E2	DHVEG-1	DHVEG-1	SM1-50	91.13	0.93	2396611	2421
GCA_016932815.1	13	Micrarchaeota	Micrarchaeia	Anstonellales	Bilamarchaeaceae	CAIKOA01	91.53	0.12	1246214	1224
GCF_001953745.1	13	Halobacteriota	Halobacteria	Halobacteriales	Natrialbaceae	Natrinema	99.99	1.27	3980616	4012
GCF_000025285.1	13	Halobacteriota	Archaeoglobi	Archaeoglobales	Archaeoglobaceae	Archaeoglobus_B	99.94	0.08	1563423	1873
GCA_009776805.1	13	Thermoproteota	Bathyarchaeia	Bathyarchaeales	Bathycorpusculaceae	Bathycorpusculum	97.57	1.19	2287482	2201
GCF_001402945.1	13	Thermoplasmatota	Thermoplasmata	Thermoplasmatales	Thermoplasmataceae	Acidiplasma	99.26	1.07	1778901	1947
GCF_024518575.1	13	Halobacteriota	Methanosarcinia	Methanotrichales	Methanotrichaceae	Methanothrix_B	99.32	0.01	1662847	1658
GCA_029259015.1	13	Thermoplasmatota	E2	UBA202	JdFR-43	JdFR-43	86.24	1.14	1406633	1560
GCF_002214585.1	13	Methanobacteriota_B	Thermococci	Thermococcales	Thermococcaceae	Thermococcus	99.96	0.24	2043143	2123
GCA_030641425.1	13	Thermoproteota	Bathyarchaeia	Bathyarchaeales	SOJC01	SOJC01	79.52	1.67	1000150	1140
GCA_905203995.1	13	Thermoplasmatota	Thermoplasmata	Methanomassiliicoccales	Methanomassiliicoccaceae	Methanomassiliicoccus_A	94.34	0.01	1571927	1538
GCA_009911715.1	13	Thermoplasmatota	Thermoplasmata	Methanomassiliicoccales	Methanomethylophilaceae	Methanoprimaticola	99.79	0.7	1889135	1893
GCA_038894195.1	13	Nanobdellota	Nanobdellia	Pacearchaeales	UBA284	JAWAPZ01	69.91	0.42	535395	596
GCA_014361445.1	13	Thermoproteota	Methanomethylicia	Methanomethylicales	Methanomethylicaceae	WYZ-LMO10	89.94	1.04	1456804	1654
GCF_024807035.1	13	Methanobacteriota	Methanococci	Methanococcales	Methanococcaceae	Methanococcus	98.62	0.01	1780593	1619
GCA_021787125.1	13	Thermoplasmatota	Thermoplasmata	Thermoplasmatales	GCA-001856825	GCA-001856825	83.43	0.95	1402476	1546
GCA_035691865.1	13	Thermoproteota	Nitrososphaeria	Nitrososphaerales	Nitrososphaeraceae	Nitrosopolaris	99.21	4.45	2943345	3592
GCA_041640075.1	13	Nanohalarchaeota	Nanosalinia	Nanosalinales	Nanosalinaceae	Nanosalina	89.01	2.0	979576	1126
GCA_036148495.1	13	Thermoplasmatota	Poseidoniia	MGIII	CG-Epi1	CG-Epi1	85.69	0.26	1140211	1165
GCA_030602585.1	13	Halobacteriota	Syntropharchaeia	Alkanophagales	Methanospirareceae	JAFNKG01	92.69	0.96	2054039	2414
GCF_018687785.1	13	Halobacteriota	Methanomicrobia	Methanomicrobiales	Methanomicrobiaceae	Methanovulcanius	96.36	0.66	2289878	2212
GCA_027014065.1	13	Thermoplasmatota	Thermoplasmata	Aciduliprofundales	Aciduliprofundaceae	JAADDK01	84.44	4.21	1504303	1770
GCA_021654395.1	13	Micrarchaeota	Micrarchaeia	Micrarchaeales	Micrarchaeaceae	ARM-1	94.41	0.24	814439	826
GCA_041600695.1	13	Thermoplasmatota	E2	JACPAO01	JAHFTW01	JBFJVP01	86.24	0.08	4230763	4307
GCF_001280425.1	13	Halobacteriota	Halobacteria	Halobacteriales	Haloarculaceae	Haloarcula	99.99	0.57	3970989	4056
GCA_035637195.1	13	Thermoplasmatota	Thermoplasmata	RBG-16-68-12	RBG-16-68-12	RBG-16-68-12	85.52	4.12	1990949	2279
GCA_027023255.1	13	Thermoproteota	Thermoprotei_A	Sulfolobales	NBVN01	WAOL01	92.59	0.92	1698771	1909
GCA_038885755.1	13	Thermoproteota	Nitrososphaeria_A	Caldarchaeales	Caldarchaeaceae	Caldarchaeum	86.53	0.34	1330206	1477
GCA_030612005.1	13	Asgardarchaeota	Thorarchaeia	Thorarchaeales	Thorarchaeaceae	MP8T-1	90.87	2.76	3639396	3611
GCA_938083015.1	13	Micrarchaeota	Micrarchaeia	Anstonellales	J096	JAADEL01	84.07	0.71	518034	570
GCF_030019085.1	13	Halobacteriota	Methanomicrobia	Methanomicrobiales	Methanoculleaceae	Methanoculleus	99.64	0.14	1913311	1969
GCA_021802105.1	13	Nanobdellota	Nanobdellia	Parvarchaeales	Parvarchaeaceae	JAJZLM01	89.48	0.3	669024	765
GCA_012961645.1	13	Halobacteriota	Methanosarcinia	Methanosarcinales	Methanogasteraceae	Methanogaster_D	82.22	0.58	1663990	1860
GCA_028678965.1	13	Halobacteriota	Methanomicrobia	Methanomicrobiales	JACTUA01	JAJRCM01	77.75	1.72	1198387	1464
GCF_963662735.1	13	Halobacteriota	Methanomicrobia	Methanomicrobiales	Methanospirillaceae	Methanoregula	99.85	0.93	2821257	2812
GCA_023269295.1	13	Nanobdellota	Nanobdellia	Woesearchaeales	UBA10216	UBA10216	88.04	2.44	1181342	1431
GCA_021650775.1	13	Thermoproteota	Nitrososphaeria_A	Caldarchaeales	Wolframiiraptoraceae	Benthortus	93.58	3.55	1470116	1688
GCA_015522645.1	13	Thermoproteota	Thermoprotei_A	Sulfolobales	Acidilobaceae	Tiamatella	98.42	0.15	1540421	1675
GCA_002068885.1	13	Iainarchaeota	Iainarchaeia	Iainarchaeales	JAAZKV01	JAAZKV01	85.74	3.9	933162	1035
GCA_000230955.3	13	Halobacteriota	Halobacteria	Halobacteriales	Halobacteriaceae	Halobacterium	99.81	0.09	3162560	3301
GCA_011372335.1	13	Nanobdellota	Nanobdellia	Woesearchaeales	SM23-78	SM23-78	74.12	0.04	783464	886
GCA_938036345.1	13	Thermoproteota	Thermoprotei	Thermofilales	Thermofilaceae	CALHPJ01	91.96	0.38	1518956	1546
GCA_023396065.1	13	Halobacteriota	Methanomicrobia	Methanomicrobiales	Methanocorpusculaceae	Methanocorpusculum	95.7	0.43	2079429	2065
GCF_000513855.1	13	Thermoproteota	Thermoprotei_A	Sulfolobales	Desulfurococcaceae	Desulfurococcus	99.78	0.13	1307099	1385
GCF_029250625.1	13	Thermoplasmatota	Poseidoniia	Poseidoniales	Poseidoniaceae	Poseidonia	93.14	1.44	1934170	1653
GCA_027315165.1	13	Thermoplasmatota	Thermoplasmata	UBA184	UBA184	UBA184	94.45	2.02	2039419	1940
GCA_028866945.1	13	Thermoproteota	Nitrososphaeria	Nitrososphaerales	UBA183	UBA183	91.83	1.22	1270505	1495
GCF_021655615.1	13	Thermoproteota	Thermoprotei_A	Sulfolobales	Sulfolobaceae	Acidianus	99.99	0.95	2584028	2913
GCF_000970085.1	13	Halobacteriota	Methanosarcinia	Methanosarcinales	Methanosarcinaceae	Methanosarcina	99.99	1.03	5017558	4232
GCA_020832825.1	13	Aenigmatarchaeota	Aenigmatarchaeia	CG10238-14	SpSt-28	SpSt-28	82.51	1.04	703099	805
GCA_041650255.1	13	Micrarchaeota	Micrarchaeia	Anstonellales	Anstonellaceae	1-14-0-10-45-29	89.04	0.01	1049811	1034
GCA_016839945.1	13	Asgardarchaeota	Heimdallarchaeia	Heimdallarchaeales	Heimdallarchaeaceae	UBA460	88.07	2.35	3003036	2942
GCA_023544495.1	13	Halobacteriota	Methanosarcinia	Methanosarcinales	Methanocomedenaceae	QBUR01	80.22	2.2	2344381	2581
GCA_021809925.1	13	Micrarchaeota	Micrarchaeia	Micrarchaeales	CABMGC01	JAMCSO01	93.07	0.0	907647	1016
GCA_038892955.1	13	Thermoproteota	Thermoprotei_A	Sulfolobales	Ignisphaeraceae	Ignisphaera	89.41	0.34	1582583	1641
GCA_038046085.1	13	Nanobdellota	Nanobdellia	SCGC-AAA011-G17	GW2011-AR18	GW2011-AR18	81.73	0.26	801723	1001
GCA_035387745.1	13	Iainarchaeota	Iainarchaeia	CSSED10-239	CSSED10-239	JAKQTP01	82.32	1.75	807118	865
GCA_035655375.1	13	Iainarchaeota	Iainarchaeia	Iainarchaeales	Iainarchaeaceae	DASRUO01	81.13	0.71	951503	1161
GCA_018302885.1	13	Nanobdellota	Nanobdellia	SCGC-AAA011-G17	GW2011-AR20	JAGVZC01	78.81	1.21	559905	735
GCA_036422215.1	13	Thermoproteota	Nitrososphaeria	Nitrososphaerales	UBA57	JAYZAG01	70.26	0.36	660685	766
GCA_016198605.1	13	Aenigmatarchaeota	Aenigmatarchaeia	QMZP01	QMZP01	JACQIG01	78.94	0.37	820916	945
GCA_026414125.1	13	Thermoproteota	EX4484-205	EX4484-205	JAAOZP01	JAAOZP01	70.1	0.72	1249068	1435
GCA_013331795.1	13	Nanobdellota	Nanobdellia	SCGC-AAA011-G17	GW2011-AR17	GW2011-AR17	89.67	0.78	974666	1202
GCA_036626005.1	13	Thermoplasmatota	Thermoplasmata	Halarchaeoplasmatales	Halarchaeoplasmataceae	Natronoplasma	83.3	1.32	1637114	1755
GCA_029880065.1	13	Hadarchaeota	Hadarchaeia	Hadarchaeales	Hadarchaeaceae	DG-33	88.02	2.34	1163240	1388
GCA_037386545.1	13	Thermoproteota	Bathyarchaeia	Bathyarchaeales	Bathyarchaeaceae	Bathyarchaeum	87.68	0.97	1370631	1583
GCF_009831625.1	13	Halobacteriota	Halobacteria	Halobacteriales	Haloferacaceae	Halobaculum	99.98	2.17	3775766	3736
GCA_023259115.1	13	Nanobdellota	Nanobdellia	Woesearchaeales	GW2011-AR9	JACPNA01	96.0	0.59	1574476	1728
GCA_001628485.1	13	Thermoplasmatota	Poseidoniia	Poseidoniales	Thalassarchaeaceae	UBA36	92.09	0.04	1295986	1183
GCA_041304605.1	13	Thermoplasmatota	Thermoplasmata	Methanomassiliicoccales	UBA472	UBA472	95.85	0.64	1671952	1834
GCA_041287325.1	13	Thermoproteota	Thermoprotei	Thermoproteales	Thermoproteaceae	Pyrobaculum	98.62	0.1	1574921	1982
GCA_024278985.1	13	Methanobacteriota	Methanococci	Methanococcales	Methanocaldococcaceae	Methanocaldococcus	85.78	0.28	1106849	1300
GCA_026397375.1	13	Aenigmatarchaeota	Aenigmatarchaeia	GW2011-AR5	GW2011-AR5	JACPVU01	83.29	0.27	809199	1072
GCA_035288925.1	13	Nanobdellota	Nanobdellia	Woesearchaeales	GW2011-AR4	GCA-2688775	89.51	2.05	1141224	1335
GCA_018303705.1	13	Nanobdellota	Nanobdellia	SCGC-AAA011-G17	JACPNG01	JAGVXQ01	70.14	0.0	615432	787
GCA_039796495.1	13	Nanobdellota	Nanobdellia	Pacearchaeales	GW2011-AR1	JAGVXM01	92.84	0.2	899240	1142
GCA_903930485.1	13	Altiarchaeota	Altiarchaeia	IMC4	QMZM01	CAIYYO01	77.83	0.72	1690272	1893
GCA_036567605.1	13	Halobacteriota	Methanosarcinia	Methanosarcinales	Methanoperedenaceae	Methanoperedens	97.95	4.06	2817021	3196
GCA_030616125.1	13	Aenigmatarchaeota	Aenigmatarchaeia	CG10238-14	SCSR01	JAUWXZ01	90.35	2.21	562090	748
GCA_026397455.1	13	Aenigmatarchaeota	Aenigmatarchaeia	CG10238-14	CG10238-14	JASEGC01	72.43	0.2	942536	1324
GCA_013329615.1	13	Thermoproteota	Bathyarchaeia	TCS64	TCS64	UBA8941	84.32	4.02	1818014	2182
GCA_005888675.1	13	Thermoproteota	Bathyarchaeia	40CM-2-53-6	40CM-2-53-6	BA-13	80.88	4.48	1857064	2402
GCF_000621965.1	13	Methanobacteriota	Methanobacteria	Methanobacteriales	Methanobacteriaceae	Methanarmilla	99.97	0.21	2041814	1704
GCA_035319845.1	13	Korarchaeota	Korarchaeia	Korarchaeales	Korarchaeaceae	WALU01	94.46	1.77	1454304	1690
GCA_028867785.1	13	Thermoproteota	Nitrososphaeria	Nitrososphaerales	Nitrosopumilaceae	Nitrosotalea	99.94	1.08	2545500	3331
GCA_025457815.1	13	Thermoplasmatota	Thermoplasmata	UBA10834	UBA10834	COMBO-56-21	88.2	2.27	1641877	1740
GCA_017609945.1	13	Iainarchaeota	Iainarchaeia	Iainarchaeales	GCA-2688035	JAFCCZ01	79.57	0.67	973436	1109
GCA_015662475.1	13	Thermoproteota	Thermoprotei_A	Sulfolobales	Pyrodictiaceae	SZUA-1443	82.45	0.2	1481669	1741
GCA_025059745.1	13	Thermoproteota	Nitrososphaeria_A	Caldarchaeales	Calditenuaceae	JANXDH01	88.77	0.63	1166430	1236
GCA_038817885.1	13	Thermoproteota	Bathyarchaeia	Bathyarchaeales	DTEX01	DTEX01	93.63	0.97	1521034	1666
GCA_035292785.1	13	Nanobdellota	Nanobdellia	Woesearchaeales	ARS49	CABMGU01	97.93	1.33	901309	1139
GCF_003382685.1	13	Halobacteriota	Halobacteria	Halobacteriales	Haladaptataceae	Halorussus	99.77	1.04	3838315	3765
GCA_016840545.1	13	Asgardarchaeota	Lokiarchaeia	Sigynarchaeales	SOKP01	SOKP01	92.1	2.14	2882073	2912
GCA_027036495.1	13	Thermoproteota	Thermoprotei	Thermoproteales	Thermocladiaceae	JAADER01	87.1	0.35	1371853	1578
GCA_003021045.1	13	Halobacteriota	Halobacteria	Halobacteriales	Halococcaceae	Halococcus	78.91	0.02	2573307	2477
GCA_035543435.1	14	Thermoplasmatota	E2	DHVEG-1	DHVEG-1	SM1-50	91.05	0.75	2012616	2055
GCA_040753215.1	14	Micrarchaeota	Micrarchaeia	Anstonellales	Bilamarchaeaceae	CAIXOA01	91.41	0.08	1166593	1206
GCF_003670115.1	14	Halobacteriota	Halobacteria	Halobacteriales	Natrialbaceae	Natronorubrum	99.99	1.92	4665679	4545
GCA_026986375.1	14	Halobacteriota	Archaeoglobi	Archaeoglobales	Archaeoglobaceae	WAKM01	99.94	0.12	1459177	1689
GCA_026014745.1	14	Thermoproteota	Bathyarchaeia	Bathyarchaeales	Bathycorpusculaceae	Bathycorpusculum	97.52	2.27	2705070	2724
GCA_021797735.1	14	Thermoplasmatota	Thermoplasmata	Thermoplasmatales	Thermoplasmataceae	Ferroplasma	99.22	0.71	1969805	2079
GCA_041494285.1	14	Halobacteriota	Methanosarcinia	Methanotrichales	Methanotrichaceae	Fen-7	99.28	1.14	2765929	3034
GCA_021157745.1	14	Thermoplasmatota	E2	UBA202	JdFR-43	JAGGXW01	85.52	1.59	1106782	1267
GCF_900198835.1	14	Methanobacteriota_B	Thermococci	Thermococcales	Thermococcaceae	Thermococcus	99.96	0.31	2155760	2335
GCA_038826685.1	14	Thermoproteota	Bathyarchaeia	Bathyarchaeales	SOJC01	JABFQO01	77.41	1.14	1177017	1427
GCA_002504525.1	14	Thermoplasmatota	Thermoplasmata	Methanomassiliicoccales	Methanomassiliicoccaceae	DTU008	93.92	3.45	2134872	2224
GCA_002495325.1	14	Thermoplasmatota	Thermoplasmata	Methanomassiliicoccales	Methanomethylophilaceae	Methanomethylophilus	99.77	0.11	1496212	1479
GCA_002254805.1	14	Nanobdellota	Nanobdellia	Pacearchaeales	UBA284	EX4484-31	59.06	0.27	279432	364
GCA_001717005.1	14	Thermoproteota	Methanomethylicia	Methanomethylicales	Methanomethylicaceae	Methanomethylicus	89.55	2.87	1428061	1579
GCF_024807655.1	14	Methanobacteriota	Methanococci	Methanococcales	Methanococcaceae	Methanococcus	97.43	0.02	1857959	1673
GCA_014874235.1	14	Thermoplasmatota	Thermoplasmata	Thermoplasmatales	GCA-001856825	GCA-001856825	82.78	0.04	1299911	1486
GCA_009377575.1	14	Thermoproteota	Nitrososphaeria	Nitrososphaerales	Nitrososphaeraceae	TH5896	99.15	2.41	3890070	5019
GCA_041639695.1	14	Nanohalarchaeota	Nanosalinia	Nanosalinales	Nanosalinaceae	PL-Br10-U2g16	88.96	1.82	971360	1165
GCA_002724775.1	14	Thermoplasmatota	Poseidoniia	MGIII	CG-Epi1	CG-Epi1	85.12	3.95	1244678	1207
GCA_029241965.1	14	Halobacteriota	Syntropharchaeia	Alkanophagales	Methanospirareceae	QENJ01	92.68	2.73	2658362	3024
GCA_011048835.1	14	Halobacteriota	Methanomicrobia	Methanomicrobiales	Methanomicrobiaceae	DSDF01	96.02	0.78	1994405	2181
GCA_015520985.1	14	Thermoplasmatota	Thermoplasmata	Aciduliprofundales	Aciduliprofundaceae	JAADDK01	79.75	0.94	1291133	1507
GCA_028866715.1	14	Micrarchaeota	Micrarchaeia	Micrarchaeales	Micrarchaeaceae	JAGWHO01	94.19	0.11	878071	1013
GCA_041622975.1	14	Thermoplasmatota	E2	JACPAO01	JAHFTW01	JBFJXH01	86.22	0.34	2040843	2206
GCF_001989615.1	14	Halobacteriota	Halobacteria	Halobacteriales	Haloarculaceae	Halorientalis	99.99	0.48	3778989	3912
GCA_005878615.1	14	Thermoplasmatota	Thermoplasmata	RBG-16-68-12	RBG-16-68-12	RBG-16-68-12	85.39	1.03	1955336	2104
GCA_038844925.1	14	Thermoproteota	Thermoprotei_A	Sulfolobales	NBVN01	DTCV01	89.93	0.97	1400903	1476
GCA_038891515.1	14	Thermoproteota	Nitrososphaeria_A	Caldarchaeales	Caldarchaeaceae	HRBIN01	83.62	1.12	1551415	1809
GCA_019894665.1	14	Asgardarchaeota	Thorarchaeia	Thorarchaeales	Thorarchaeaceae	SMTZ1-45	90.34	3.63	3044924	3369
GCA_013153395.1	14	Micrarchaeota	Micrarchaeia	Anstonellales	J096	JAADEL01	83.72	0.1	630955	726
GCF_019669965.1	14	Halobacteriota	Methanomicrobia	Methanomicrobiales	Methanoculleaceae	Methanoculleus	99.63	1.65	2622259	2588
GCA_023378805.1	14	Nanobdellota	Nanobdellia	Parvarchaeales	Parvarchaeaceae	Parvarchaeum	88.84	0.5	740004	827
GCA_034658575.1	14	Halobacteriota	Methanosarcinia	Methanosarcinales	Methanogasteraceae	Methanogaster_A	80.18	0.23	1765103	2217
GCA_028678815.1	14	Halobacteriota	Methanomicrobia	Methanomicrobiales	JACTUA01	JACTUA01	71.08	0.36	1182368	1376
GCA_963676675.1	14	Halobacteriota	Methanomicrobia	Methanomicrobiales	Methanospirillaceae	Methanoregula	99.56	1.25	2909099	2812
GCA_016935265.1	14	Nanobdellota	Nanobdellia	Woesearchaeales	UBA10216	JAFGRH01	87.87	0.04	827365	1033
GCA_025059415.1	14	Thermoproteota	Nitrososphaeria_A	Caldarchaeales	Wolframiiraptoraceae	Wolframiiraptor	93.24	1.07	985681	1095
GCA_015521685.1	14	Thermoproteota	Thermoprotei_A	Sulfolobales	Acidilobaceae	Aeropyrum	96.94	0.1	1437124	1547
GCA_026397015.1	14	Iainarchaeota	Iainarchaeia	Iainarchaeales	JAAZKV01	JAPLVR01	85.16	0.01	898628	937
GCF_021028995.1	14	Halobacteriota	Halobacteria	Halobacteriales	Halobacteriaceae	Halobacterium	99.79	1.59	3336915	3625
GCA_025057995.1	14	Thermoproteota	Thermoprotei	Thermofilales	Thermofilaceae	JANXEW01	90.8	1.09	1807962	1808
GCA_002498375.1	14	Halobacteriota	Methanomicrobia	Methanomicrobiales	Methanocorpusculaceae	Methanocorpusculum	95.5	0.17	1561804	1606
GCA_015520735.1	14	Thermoproteota	Thermoprotei_A	Sulfolobales	Desulfurococcaceae	JAADCY01	99.77	0.57	1529454	1639
GCA_943789275.1	14	Thermoplasmatota	Poseidoniia	Poseidoniales	Poseidoniaceae	MGIIa-L1	92.8	0.53	2113774	1730
GCA_027315455.1	14	Thermoplasmatota	Thermoplasmata	UBA184	UBA184	UBA184	94.27	0.0	1977784	1919
GCA_014874415.1	14	Thermoproteota	Nitrososphaeria	Nitrososphaerales	UBA183	UBA183	91.56	3.55	1688941	2015
GCF_900079115.1	14	Thermoproteota	Thermoprotei_A	Sulfolobales	Sulfolobaceae	Saccharolobus	99.99	0.97	3034024	3324
GCF_000970305.1	14	Halobacteriota	Methanosarcinia	Methanosarcinales	Methanosarcinaceae	Methanosarcina	99.99	1.23	4560446	3766
GCA_023256115.1	14	Aenigmatarchaeota	Aenigmatarchaeia	CG10238-14	SpSt-28	JAHLMO01	82.39	2.43	624674	829
GCA_041663445.1	14	Micrarchaeota	Micrarchaeia	Anstonellales	Anstonellaceae	JAPLWY01	89.01	0.79	1199754	1237
GCA_030607575.1	14	Asgardarchaeota	Heimdallarchaeia	Heimdallarchaeales	Heimdallarchaeaceae	UBA460	87.6	1.71	2494605	2498
GCA_030666885.1	14	Halobacteriota	Methanosarcinia	Methanosarcinales	Methanocomedenaceae	Methanocomedens	79.68	0.4	2206874	2552
GCA_021848065.1	14	Micrarchaeota	Micrarchaeia	Micrarchaeales	CABMGC01	JAJZNA01	93.0	0.92	1204158	1285
GCA_027066265.1	14	Thermoproteota	Thermoprotei_A	Sulfolobales	Ignisphaeraceae	JAADCV01	86.44	3.38	2104826	2836
GCA_016219825.1	14	Nanobdellota	Nanobdellia	SCGC-AAA011-G17	GW2011-AR18	JACRKJ01	80.64	0.11	731902	901
GCA_041657425.1	14	Iainarchaeota	Iainarchaeia	CSSED10-239	CSSED10-239	JAKQTP01	80.34	1.05	1097377	1235
GCA_024653865.1	14	Iainarchaeota	Iainarchaeia	Iainarchaeales	Iainarchaeaceae	UBA493	80.5	0.38	986403	1287
GCA_018302685.1	14	Nanobdellota	Nanobdellia	SCGC-AAA011-G17	GW2011-AR20	JAGVZK01	78.43	0.2	473427	616
GCA_017609225.1	14	Aenigmatarchaeota	Aenigmatarchaeia	QMZP01	QMZP01	JAFCEK01	78.18	0.37	879629	994
GCA_041659245.1	14	Nanobdellota	Nanobdellia	SCGC-AAA011-G17	GW2011-AR17	UBA9640	89.6	3.78	1262844	1588
GCA_019594235.1	14	Thermoplasmatota	Thermoplasmata	Halarchaeoplasmatales	Halarchaeoplasmataceae	Saliniplasma	69.02	2.81	1385394	1574
GCA_030016755.1	14	Hadarchaeota	Hadarchaeia	Hadarchaeales	Hadarchaeaceae	JASEJC01	87.33	0.0	834426	1010
GCA_016930555.1	14	Thermoproteota	Bathyarchaeia	Bathyarchaeales	Bathyarchaeaceae	Bathyarchaeum	84.06	1.42	1142389	1293
GCF_039522565.1	14	Halobacteriota	Halobacteria	Halobacteriales	Haloferacaceae	Halorubrum	99.98	1.27	3400869	3337
GCA_030697505.1	14	Nanobdellota	Nanobdellia	Woesearchaeales	GW2011-AR9	JACPIL01	95.82	1.88	1173268	1374
GCA_004195715.1	14	Thermoplasmatota	Poseidoniia	Poseidoniales	Thalassarchaeaceae	Thalassarchaeum	91.88	0.28	1448255	1320
GCA_021372315.1	14	Thermoplasmatota	Thermoplasmata	Methanomassiliicoccales	UBA472	MVRC01	95.67	1.59	1746271	1865
GCA_938027595.1	14	Thermoproteota	Thermoprotei	Thermoproteales	Thermoproteaceae	Pyrobaculum	96.54	0.0	1243338	1539
GCA_027023665.1	14	Methanobacteriota	Methanococci	Methanococcales	Methanocaldococcaceae	Methanocaldococcus	81.84	0.32	1301284	1461
GCA_018304605.1	14	Aenigmatarchaeota	Aenigmatarchaeia	GW2011-AR5	GW2011-AR5	GW2011-AR5	82.57	4.06	972373	1279
GCA_016784195.1	14	Nanobdellota	Nanobdellia	Woesearchaeales	GW2011-AR4	BS150m-G64	88.81	1.98	1087531	1205
GCA_016185555.1	14	Nanobdellota	Nanobdellia	SCGC-AAA011-G17	JACPNG01	JACPNI01	59.15	0.59	801455	1101
GCA_018304055.1	14	Nanobdellota	Nanobdellia	Pacearchaeales	GW2011-AR1	JAGVXM01	92.48	0.84	1229467	1531
GCA_029933895.1	14	Altiarchaeota	Altiarchaeia	IMC4	QMZM01	EX4484-2	75.04	0.61	1444444	1605
GCA_030650845.1	14	Halobacteriota	Methanosarcinia	Methanosarcinales	Methanoperedenaceae	Methanoperedens	97.58	4.85	3406702	3992
GCA_018304615.1	14	Aenigmatarchaeota	Aenigmatarchaeia	CG10238-14	SCSR01	JAGVVV01	89.48	0.55	785293	957
GCA_016867505.1	14	Thermoproteota	Bathyarchaeia	TCS64	TCS64	UBA8941	82.31	3.96	1615704	1992
GCA_001915065.1	14	Thermoproteota	Bathyarchaeia	40CM-2-53-6	40CM-2-53-6	40CM-2-53-6	80.39	1.56	1787276	2048
GCF_001729965.1	14	Methanobacteriota	Methanobacteria	Methanobacteriales	Methanobacteriaceae	Methanosphaera	99.97	0.21	1729155	1601
GCA_015522685.1	14	Korarchaeota	Korarchaeia	Korarchaeales	Korarchaeaceae	WALU01	92.37	0.66	1477694	1618
GCF_000955905.1	14	Thermoproteota	Nitrososphaeria	Nitrososphaerales	Nitrosopumilaceae	Nitrosotenuis	99.93	0.0	1620156	1877
GCA_021789945.1	14	Thermoplasmatota	Thermoplasmata	UBA10834	UBA10834	JAJYIS01	87.93	1.18	2012677	2026
GCA_030634785.1	14	Iainarchaeota	Iainarchaeia	Iainarchaeales	GCA-2688035	JAFCCL01	79.54	2.27	986567	1216
GCA_013153145.1	14	Thermoproteota	Thermoprotei_A	Sulfolobales	Pyrodictiaceae	JAADEY01	78.76	0.0	1194698	1338
GCA_032249575.1	14	Thermoproteota	Nitrososphaeria_A	Caldarchaeales	Calditenuaceae	Calditenuis	84.2	0.05	1201608	1304
GCA_003661975.1	14	Thermoproteota	Bathyarchaeia	Bathyarchaeales	DTEX01	B63	92.94	1.54	1775367	1986
GCA_038891615.1	14	Nanobdellota	Nanobdellia	Woesearchaeales	ARS49	JAWADY01	97.87	0.19	661270	694
GCF_029338395.1	14	Halobacteriota	Halobacteria	Halobacteriales	Haladaptataceae	Halorussus	99.74	3.77	4392332	4276
GCA_019058135.1	14	Asgardarchaeota	Lokiarchaeia	Sigynarchaeales	SOKP01	6H3-1	90.52	3.46	3579478	3942
GCA_002496475.1	14	Thermoproteota	Thermoprotei	Thermoproteales	Thermocladiaceae	Vulcanisaeta	84.54	0.21	1601630	1890
GCA_003022925.1	14	Halobacteriota	Halobacteria	Halobacteriales	Halococcaceae	Halococcus	77.75	0.1	3278370	3371
GCA_030601705.1	15	Thermoplasmatota	E2	DHVEG-1	DHVEG-1	JAGLML01	90.3	2.04	2836684	3063
GCA_028714535.1	15	Micrarchaeota	Micrarchaeia	Anstonellales	Bilamarchaeaceae	Bilamarchaeum	91.4	1.89	1143587	1206
GCF_020405205.1	15	Halobacteriota	Halobacteria	Halobacteriales	Natrialbaceae	Natrinema	99.99	0.99	4704203	4673
GCA_027036775.1	15	Halobacteriota	Archaeoglobi	Archaeoglobales	Archaeoglobaceae	Archaeoglobus_B	99.94	0.0	1529650	1772
GCA_026014725.1	15	Thermoproteota	Bathyarchaeia	Bathyarchaeales	Bathycorpusculaceae	Bathycorpusculum	97.41	1.63	2557979	2727
GCA_021806235.1	15	Thermoplasmatota	Thermoplasmata	Thermoplasmatales	Thermoplasmataceae	Ferroplasma	99.04	0.55	1929012	2085
GCA_016927425.1	15	Halobacteriota	Methanosarcinia	Methanotrichales	Methanotrichaceae	JAFGMR01	99.24	0.0	2317673	2271
GCA_003650975.1	15	Thermoplasmatota	E2	UBA202	JdFR-43	B78-G9	85.21	2.08	1563903	1792
GCF_000009965.1	15	Methanobacteriota_B	Thermococci	Thermococcales	Thermococcaceae	Thermococcus	99.95	0.17	2088737	2314
GCA_038848765.1	15	Thermoproteota	Bathyarchaeia	Bathyarchaeales	SOJC01	JAWCNH01	76.66	2.25	1071154	1276
GCA_001421185.1	15	Thermoplasmatota	Thermoplasmata	Methanomassiliicoccales	Methanomassiliicoccaceae	DTU008	93.68	3.5	2121026	2515
GCA_934702355.1	15	Thermoplasmatota	Thermoplasmata	Methanomassiliicoccales	Methanomethylophilaceae	Methanoprimaticola	99.72	0.26	1730425	1641
GCA_030055575.1	15	Thermoproteota	Methanomethylicia	Methanomethylicales	Methanomethylicaceae	Methanosuratincola	87.83	1.12	1359514	1530
GCF_017875395.1	15	Methanobacteriota	Methanococci	Methanococcales	Methanococcaceae	Methanococcus	97.21	0.01	1899827	1671
GCA_023381415.1	15	Thermoplasmatota	Thermoplasmata	Thermoplasmatales	GCA-001856825	GCA-001856825	80.94	0.23	1423124	1466
GCA_035643635.1	15	Thermoproteota	Nitrososphaeria	Nitrososphaerales	Nitrososphaeraceae	DASQQB01	99.15	0.35	2295417	2584
GCA_937132175.1	15	Nanohalarchaeota	Nanosalinia	Nanosalinales	Nanosalinaceae	Nanosalina	85.56	0.0	794913	980
GCA_034399455.1	15	Thermoplasmatota	Poseidoniia	MGIII	CG-Epi1	CG-Epi1	82.57	4.29	952849	1060
GCA_020725315.1	15	Halobacteriota	Syntropharchaeia	Alkanophagales	Methanospirareceae	ANME-1-THS	92.06	2.19	1876852	2364
GCA_034659935.1	15	Halobacteriota	Methanomicrobia	Methanomicrobiales	Methanomicrobiaceae	DAOVRB01	95.36	0.43	1965326	2019
GCA_021160945.1	15	Thermoplasmatota	Thermoplasmata	Aciduliprofundales	Aciduliprofundaceae	S014-41	75.81	1.13	1046656	1297
GCA_021845575.1	15	Micrarchaeota	Micrarchaeia	Micrarchaeales	Micrarchaeaceae	JAJZVQ01	94.11	0.02	779283	865
GCA_038046725.1	15	Thermoplasmatota	E2	JACPAO01	JAHFTW01	JAHFTW01	85.97	0.66	2068438	2109
GCF_008729015.1	15	Halobacteriota	Halobacteria	Halobacteriales	Haloarculaceae	Haloarcula	99.99	0.76	4048546	4162
GCA_005878485.1	15	Thermoplasmatota	Thermoplasmata	RBG-16-68-12	RBG-16-68-12	RBG-16-68-12	84.41	2.87	2081505	2260
GCA_026413885.1	15	Thermoproteota	Thermoprotei_A	Sulfolobales	NBVN01	DRZP01	89.02	1.26	1318243	1377
GCA_038896555.1	15	Thermoproteota	Nitrososphaeria_A	Caldarchaeales	Caldarchaeaceae	Caldarchaeum	82.91	0.41	1366484	1555
GCA_029858305.1	15	Asgardarchaeota	Thorarchaeia	Thorarchaeales	Thorarchaeaceae	MP8T-1	88.86	2.78	3043479	3077
GCA_038740615.1	15	Micrarchaeota	Micrarchaeia	Anstonellales	J096	JAADEL01	83.23	0.4	541905	616
GCA_002839645.1	15	Halobacteriota	Methanomicrobia	Methanomicrobiales	Methanoculleaceae	Methanoculleus	99.5	2.0	2782193	2815
GCA_021811735.1	15	Nanobdellota	Nanobdellia	Parvarchaeales	Parvarchaeaceae	Parvarchaeum	88.82	3.28	877581	1012
GCA_034717055.1	15	Halobacteriota	Methanosarcinia	Methanosarcinales	Methanogasteraceae	Methanogaster_A	80.01	1.52	2351107	2712
GCA_028679035.1	15	Halobacteriota	Methanomicrobia	Methanomicrobiales	JACTUA01	JAJRCL01	62.86	0.85	1287700	1525
GCA_015660885.1	15	Halobacteriota	Methanomicrobia	Methanomicrobiales	Methanospirillaceae	Methanoregula	99.55	1.58	2522698	2641
GCA_016180145.1	15	Nanobdellota	Nanobdellia	Woesearchaeales	UBA10216	JACPBT01	85.75	0.06	859205	1118
GCA_023261815.1	15	Thermoproteota	Nitrososphaeria_A	Caldarchaeales	Wolframiiraptoraceae	Wolframiiraptor	92.4	1.19	1180670	1361
GCA_015523465.1	15	Thermoproteota	Thermoprotei_A	Sulfolobales	Acidilobaceae	Aeropyrum	96.58	0.06	1803724	1900
GCA_035355675.1	15	Iainarchaeota	Iainarchaeia	Iainarchaeales	JAAZKV01	JAAZKV01	84.63	0.95	850573	886
GCF_001485535.1	15	Halobacteriota	Halobacteria	Halobacteriales	Halobacteriaceae	Halobacterium	99.6	0.28	3012807	3209
GCA_020833575.1	15	Thermoproteota	Thermoprotei	Thermofilales	Thermofilaceae	Thermofilum_C	81.29	0.26	1119547	1312
GCF_002287215.1	15	Halobacteriota	Methanomicrobia	Methanomicrobiales	Methanocorpusculaceae	Methanocorpusculum	95.07	0.53	1709133	1732
GCA_038824035.1	15	Thermoproteota	Thermoprotei_A	Sulfolobales	Desulfurococcaceae	UBA285	99.67	0.36	1331075	1436
GCA_040261535.1	15	Thermoplasmatota	Poseidoniia	Poseidoniales	Poseidoniaceae	Poseidonia	92.7	0.12	1894489	1629
GCA_022750055.1	15	Thermoplasmatota	Thermoplasmata	UBA184	UBA184	UBA184	94.25	0.25	1518393	1419
GCA_021800855.1	15	Thermoproteota	Nitrososphaeria	Nitrososphaerales	UBA183	UBA183	90.9	1.66	1446949	1666
GCA_037389275.1	15	Thermoproteota	Thermoprotei_A	Sulfolobales	Sulfolobaceae	JAPYVG01	99.99	0.62	2383659	2755
GCF_000970325.1	15	Halobacteriota	Methanosarcinia	Methanosarcinales	Methanosarcinaceae	Methanococcoides	99.99	0.83	2394636	2328
GCA_038997355.1	15	Aenigmatarchaeota	Aenigmatarchaeia	CG10238-14	SpSt-28	JAHLMO01	79.82	0.33	561878	694
GCA_903923795.1	15	Micrarchaeota	Micrarchaeia	Anstonellales	Anstonellaceae	CAIXYX01	87.87	3.28	1243093	1311
GCA_001940755.1	15	Asgardarchaeota	Heimdallarchaeia	Heimdallarchaeales	Heimdallarchaeaceae	UBA460	86.46	1.85	2278690	2365
GCA_035530415.1	15	Halobacteriota	Methanosarcinia	Methanosarcinales	Methanocomedenaceae	Kmv04	79.09	0.96	1940064	2300
GCA_021803425.1	15	Micrarchaeota	Micrarchaeia	Micrarchaeales	CABMGC01	JAJZNA01	92.97	0.23	880901	940
GCA_038820005.1	15	Thermoproteota	Thermoprotei_A	Sulfolobales	Ignisphaeraceae	Ignisphaera	85.09	0.69	1700587	1637
GCA_016179945.1	15	Nanobdellota	Nanobdellia	SCGC-AAA011-G17	GW2011-AR18	JACPCE01	73.81	0.41	782309	963
GCA_029557995.1	15	Iainarchaeota	Iainarchaeia	CSSED10-239	CSSED10-239	JAKQTP01	65.67	0.13	333075	407
GCA_016202305.1	15	Iainarchaeota	Iainarchaeia	Iainarchaeales	Iainarchaeaceae	UBA10205	79.72	0.23	1044914	1153
GCA_018302915.1	15	Nanobdellota	Nanobdellia	SCGC-AAA011-G17	GW2011-AR20	JAGVZC01	78.01	0.26	435042	609
GCA_041481105.1	15	Aenigmatarchaeota	Aenigmatarchaeia	QMZP01	QMZP01	JAPLVB01	78.0	0.75	835998	1061
GCA_016211095.1	15	Nanobdellota	Nanobdellia	SCGC-AAA011-G17	GW2011-AR17	JACQSW01	85.27	1.34	927046	1099
GCA_007133925.1	15	Thermoplasmatota	Thermoplasmata	Halarchaeoplasmatales	Halarchaeoplasmataceae	Halarchaeoplasma	66.83	0.29	1380358	1417
GCA_030627035.1	15	Hadarchaeota	Hadarchaeia	Hadarchaeales	Hadarchaeaceae	DAOUSU01	87.03	0.19	1000501	1200
GCA_030672415.1	15	Thermoproteota	Bathyarchaeia	Bathyarchaeales	Bathyarchaeaceae	B1-G15	83.1	1.11	963556	1143
GCF_000336775.1	15	Halobacteriota	Halobacteria	Halobacteriales	Haloferacaceae	Haloferax	99.97	0.77	4057322	4022
GCA_038046425.1	15	Nanobdellota	Nanobdellia	Woesearchaeales	GW2011-AR9	JAHFRS01	95.75	1.63	1121099	1310
GCA_003193925.1	15	Thermoplasmatota	Poseidoniia	Poseidoniales	Thalassarchaeaceae	Thalassarchaeum	91.84	0.81	1479542	1279
GCA_021372335.1	15	Thermoplasmatota	Thermoplasmata	Methanomassiliicoccales	UBA472	UBA472	94.25	0.39	1472307	1579
GCA_036833835.1	15	Thermoproteota	Thermoprotei	Thermoproteales	Thermoproteaceae	Pyrobaculum	96.37	0.0	1811581	2235
GCA_018304585.1	15	Aenigmatarchaeota	Aenigmatarchaeia	GW2011-AR5	GW2011-AR5	JACQID01	82.52	0.38	825503	990
GCA_016185955.1	15	Nanobdellota	Nanobdellia	Woesearchaeales	GW2011-AR4	JACPJP01	88.4	0.09	984315	1018
GCA_041654895.1	15	Nanobdellota	Nanobdellia	Pacearchaeales	GW2011-AR1	JAGVXH01	92.47	0.68	755681	847
GCA_030609775.1	15	Altiarchaeota	Altiarchaeia	IMC4	QMZM01	JAUWTD01	73.78	0.42	1358834	1349
GCA_021409285.1	15	Halobacteriota	Methanosarcinia	Methanosarcinales	Methanoperedenaceae	Methanoperedens	97.16	1.57	2782288	3286
GCA_016213525.1	15	Aenigmatarchaeota	Aenigmatarchaeia	CG10238-14	SCSR01	JABABT01	89.14	0.13	662247	757
GCA_003662205.1	15	Thermoproteota	Bathyarchaeia	TCS64	TCS64	B46-G15	79.39	1.71	1502241	1770
GCA_001918745.1	15	Thermoproteota	Bathyarchaeia	40CM-2-53-6	40CM-2-53-6	40CM-2-53-6	80.11	3.15	1775681	2046
GCF_038562635.1	15	Methanobacteriota	Methanobacteria	Methanobacteriales	Methanobacteriaceae	Methanobacterium_D	99.97	3.44	3352543	3262
GCA_027491915.1	15	Korarchaeota	Korarchaeia	Korarchaeales	Korarchaeaceae	JAOZGC01	91.16	0.0	1116564	1182
GCF_900143675.1	15	Thermoproteota	Nitrososphaeria	Nitrososphaerales	Nitrosopumilaceae	Nitrosotalea	99.93	0.24	1598048	1880
GCA_041559015.1	15	Thermoplasmatota	Thermoplasmata	UBA10834	UBA10834	COMBO-56-21	87.89	3.11	1781575	1781
GCA_030616665.1	15	Iainarchaeota	Iainarchaeia	Iainarchaeales	GCA-2688035	JAFCCL01	79.38	3.23	980198	1177
GCA_015521195.1	15	Thermoproteota	Thermoprotei_A	Sulfolobales	Pyrodictiaceae	Pyrolobus	77.79	0.41	1239617	1472
GCA_938017985.1	15	Thermoproteota	Nitrososphaeria_A	Caldarchaeales	Calditenuaceae	CALIKS01	82.96	2.53	1629176	1660
GCA_018396975.1	15	Thermoproteota	Bathyarchaeia	Bathyarchaeales	DTEX01	DTEX01	92.76	1.11	1099659	1197
GCA_041599235.1	15	Nanobdellota	Nanobdellia	Woesearchaeales	ARS49	JBFHWZ01	97.85	0.67	886901	1091
GCF_024138165.1	15	Halobacteriota	Halobacteria	Halobacteriales	Haladaptataceae	Halorussus	99.71	3.42	5051069	5048
GCA_019057355.1	15	Asgardarchaeota	Lokiarchaeia	Sigynarchaeales	SOKP01	FT1-020	90.01	3.06	3054407	2942
GCA_027068725.1	15	Thermoproteota	Thermoprotei	Thermoproteales	Thermocladiaceae	JAADER01	82.68	1.97	1734006	2285
GCA_003022685.1	15	Halobacteriota	Halobacteria	Halobacteriales	Halococcaceae	Halococcus	72.1	0.0	2172785	2433
GCA_036626215.1	16	Thermoplasmatota	E2	DHVEG-1	DHVEG-1	JAZKSG01	90.2	0.17	1395149	1469
GCA_037447235.1	16	Micrarchaeota	Micrarchaeia	Anstonellales	Bilamarchaeaceae	JAVZJR01	91.17	0.0	882543	922
GCF_023008545.1	16	Halobacteriota	Halobacteria	Halobacteriales	Natrialbaceae	Natribaculum	99.99	1.7	4611642	4624
GCA_002010195.1	16	Halobacteriota	Archaeoglobi	Archaeoglobales	Archaeoglobaceae	Archaeoglobus_A	99.93	0.05	1966558	2154
GCA_029907545.1	16	Thermoproteota	Bathyarchaeia	Bathyarchaeales	Bathycorpusculaceae	JAGTQT01	97.26	2.06	1459637	1655
GCA_027316895.1	16	Thermoplasmatota	Thermoplasmata	Thermoplasmatales	Thermoplasmataceae	Cuniculiplasma	98.44	0.41	1770134	1757
GCA_002067705.1	16	Halobacteriota	Methanosarcinia	Methanotrichales	Methanotrichaceae	Methanothrix	99.19	3.73	3437085	3570
GCA_008297865.1	16	Thermoplasmatota	E2	UBA202	JdFR-43	VBQI01	80.88	0.43	1168784	1297
GCF_000263735.1	16	Methanobacteriota_B	Thermococci	Thermococcales	Thermococcaceae	Pyrococcus	99.95	0.14	1736885	1831
GCA_020345645.1	16	Thermoproteota	Bathyarchaeia	Bathyarchaeales	SOJC01	JAGLZJ01	70.81	1.14	1513553	1551
GCA_002498285.1	16	Thermoplasmatota	Thermoplasmata	Methanomassiliicoccales	Methanomassiliicoccaceae	DTU008	79.57	0.55	1827384	2237
GCA_959597175.1	16	Thermoplasmatota	Thermoplasmata	Methanomassiliicoccales	Methanomethylophilaceae	Methanoprimaticola	99.72	0.57	1928997	1885
GCA_026414165.1	16	Thermoproteota	Methanomethylicia	Methanomethylicales	Methanomethylicaceae	WYZ-LMO10	85.68	0.01	1188071	1336
GCA_015662355.1	16	Methanobacteriota	Methanococci	Methanococcales	Methanococcaceae	Methanofervidicoccus	96.81	0.01	1020565	1167
GCA_021816725.1	16	Thermoplasmatota	Thermoplasmata	Thermoplasmatales	GCA-001856825	GCA-001856825	78.78	0.57	1312536	1320
GCA_041156085.1	16	Thermoproteota	Nitrososphaeria	Nitrososphaerales	Nitrososphaeraceae	JAFAQB01	98.94	1.23	2976951	3745
GCA_000220375.1	16	Nanohalarchaeota	Nanosalinia	Nanosalinales	Nanosalinaceae	Nanosalina	82.66	2.58	1227157	1581
GCA_022449705.1	16	Thermoplasmatota	Poseidoniia	MGIII	CG-Epi1	UBA8886	81.83	0.72	1061260	1140
GCA_003194425.1	16	Halobacteriota	Syntropharchaeia	Alkanophagales	Methanospirareceae	ANME1a	92.03	0.0	1398999	1394
GCF_009914725.1	16	Halobacteriota	Methanomicrobia	Methanomicrobiales	Methanomicrobiaceae	Methanogenium	94.3	0.26	2189363	2285
GCA_015522935.1	16	Thermoplasmatota	Thermoplasmata	Aciduliprofundales	Aciduliprofundaceae	S014-50	72.92	0.01	987382	1109
GCA_021816885.1	16	Micrarchaeota	Micrarchaeia	Micrarchaeales	Micrarchaeaceae	JAJYXL01	93.65	0.0	795193	864
GCA_041624075.1	16	Thermoplasmatota	E2	JACPAO01	JAHFTW01	JBFJVP01	85.37	2.02	3007146	3160
GCF_009690625.1	16	Halobacteriota	Halobacteria	Halobacteriales	Haloarculaceae	Halorhabdus	99.99	0.95	2628395	2678
GCA_038046665.1	16	Thermoplasmatota	Thermoplasmata	RBG-16-68-12	RBG-16-68-12	RBG-16-68-12	83.35	1.34	1820500	2297
GCA_027083115.1	16	Thermoproteota	Thermoprotei_A	Sulfolobales	NBVN01	S013-73	88.99	1.09	1440082	1703
GCA_025054515.1	16	Thermoproteota	Nitrososphaeria_A	Caldarchaeales	Caldarchaeaceae	Caldarchaeum	81.66	1.08	1544944	1920
GCA_030612365.1	16	Asgardarchaeota	Thorarchaeia	Thorarchaeales	Thorarchaeaceae	WTCK01	88.26	1.73	2324238	2416
GCA_039793475.1	16	Micrarchaeota	Micrarchaeia	Anstonellales	J096	JAWAFD01	82.09	0.64	674355	763
GCF_001571405.1	16	Halobacteriota	Methanomicrobia	Methanomicrobiales	Methanoculleaceae	Methanoculleus	99.49	0.27	2223235	2270
GCA_023261805.1	16	Nanobdellota	Nanobdellia	Parvarchaeales	Parvarchaeaceae	JAGDXV01	88.72	0.22	546589	611
GCA_003601535.1	16	Halobacteriota	Methanosarcinia	Methanosarcinales	Methanogasteraceae	Methanogaster_B	78.31	1.51	1670603	2036
GCA_028678885.1	16	Halobacteriota	Methanomicrobia	Methanomicrobiales	JACTUA01	JAJRCM01	62.67	0.59	1106555	1309
GCF_019263745.1	16	Halobacteriota	Methanomicrobia	Methanomicrobiales	Methanospirillaceae	Methanospirillum	99.3	3.1	3393136	3188
GCA_016184345.1	16	Nanobdellota	Nanobdellia	Woesearchaeales	UBA10216	UBA10216	84.88	0.49	884420	1018
GCA_039630055.1	16	Thermoproteota	Nitrososphaeria_A	Caldarchaeales	Wolframiiraptoraceae	Geocrenenecus	91.88	2.73	1544071	1606
GCA_035161305.1	16	Thermoproteota	Thermoprotei_A	Sulfolobales	Acidilobaceae	Caldisphaera	96.51	0.03	1392174	1479
GCA_041664905.1	16	Iainarchaeota	Iainarchaeia	Iainarchaeales	JAAZKV01	JAAZKV01	83.9	1.73	1294341	1463
GCF_021233415.1	16	Halobacteriota	Halobacteria	Halobacteriales	Halobacteriaceae	Halobacterium	99.41	1.57	2709004	2917
GCA_003649495.1	16	Thermoproteota	Thermoprotei	Thermofilales	Thermofilaceae	B17-G15	80.66	1.77	1755417	2130
GCA_002506085.1	16	Halobacteriota	Methanomicrobia	Methanomicrobiales	Methanocorpusculaceae	Methanocorpusculum	94.47	0.51	1810882	1807
GCA_040514375.1	16	Thermoproteota	Thermoprotei_A	Sulfolobales	Desulfurococcaceae	QMWW01	99.6	0.35	1457051	1596
GCA_964013535.1	16	Thermoplasmatota	Poseidoniia	Poseidoniales	Poseidoniaceae	MGIIa-L1	92.69	0.22	1886025	1620
GCA_021798415.1	16	Thermoplasmatota	Thermoplasmata	UBA184	UBA184	UBA184	94.13	0.71	1777268	1838
GCA_029785615.1	16	Thermoproteota	Nitrososphaeria	Nitrososphaerales	UBA183	UBA183	90.88	0.7	1394177	1555
GCF_000243315.1	16	Thermoproteota	Thermoprotei_A	Sulfolobales	Sulfolobaceae	Metallosphaera	99.98	0.28	2817452	3304
GCF_001304615.2	16	Halobacteriota	Methanosarcinia	Methanosarcinales	Methanosarcinaceae	Methanosarcina	99.99	0.27	3283688	2826
GCA_038996625.1	16	Aenigmatarchaeota	Aenigmatarchaeia	CG10238-14	SpSt-28	SpSt-28	58.25	0.79	689834	867
GCA_903892905.1	16	Micrarchaeota	Micrarchaeia	Anstonellales	Anstonellaceae	JAPLWY01	87.82	4.11	1333813	1494
GCA_030611665.1	16	Asgardarchaeota	Heimdallarchaeia	Heimdallarchaeales	Heimdallarchaeaceae	UBA460	84.04	2.68	2739460	2723
GCA_013374385.1	16	Halobacteriota	Methanosarcinia	Methanosarcinales	Methanocomedenaceae	QBUR01	65.19	0.02	1172639	1292
GCA_021791245.1	16	Micrarchaeota	Micrarchaeia	Micrarchaeales	CABMGC01	JAJYWY01	92.55	0.04	838607	935
GCA_003661905.1	16	Thermoproteota	Thermoprotei_A	Sulfolobales	Ignisphaeraceae	B12-G17	81.34	1.76	1397290	1700
GCA_035288845.1	16	Nanobdellota	Nanobdellia	SCGC-AAA011-G17	GW2011-AR18	JAGVZM01	70.25	0.48	556574	679
GCA_002687735.1	16	Iainarchaeota	Iainarchaeia	Iainarchaeales	Iainarchaeaceae	UBA493	63.22	0.04	551902	630
GCA_018302725.1	16	Nanobdellota	Nanobdellia	SCGC-AAA011-G17	GW2011-AR20	JAGVZJ01	76.78	0.25	581035	762
GCA_016198585.1	16	Aenigmatarchaeota	Aenigmatarchaeia	QMZP01	QMZP01	JACQOD01	76.2	1.47	941554	1115
GCA_023245755.1	16	Nanobdellota	Nanobdellia	SCGC-AAA011-G17	GW2011-AR17	GW2011-AR17	85.16	1.37	928132	1189
GCA_003551065.1	16	Thermoplasmatota	Thermoplasmata	Halarchaeoplasmatales	Halarchaeoplasmataceae	Saliniplasma	64.07	1.24	1466962	1484
GCA_038851565.1	16	Hadarchaeota	Hadarchaeia	Hadarchaeales	Hadarchaeaceae	JAWCKV01	86.66	2.44	823111	934
GCA_023136395.1	16	Thermoproteota	Bathyarchaeia	Bathyarchaeales	Bathyarchaeaceae	JAGLRI01	81.44	1.62	1422836	1681
GCF_003666015.1	16	Halobacteriota	Halobacteria	Halobacteriales	Haloferacaceae	Halorubrum	99.97	2.56	4140427	4431
GCA_018303445.1	16	Nanobdellota	Nanobdellia	Woesearchaeales	GW2011-AR9	JAGVYE01	95.46	0.46	1221776	1314
GCA_004195615.1	16	Thermoplasmatota	Poseidoniia	Poseidoniales	Thalassarchaeaceae	UBA36	91.81	3.08	1632434	1435
GCA_028682915.1	16	Thermoplasmatota	Thermoplasmata	Methanomassiliicoccales	UBA472	JAJRAN01	93.68	2.44	1844884	1945
GCA_038879095.1	16	Thermoproteota	Thermoprotei	Thermoproteales	Thermoproteaceae	Pyrobaculum	95.3	0.98	2009023	2401
GCA_038045465.1	16	Aenigmatarchaeota	Aenigmatarchaeia	GW2011-AR5	GW2011-AR5	GW2011-AR5	82.0	0.38	909773	1195
GCA_038046685.1	16	Nanobdellota	Nanobdellia	Woesearchaeales	GW2011-AR4	GCA-2688775	88.37	0.68	1683760	1926
GCA_002897655.1	16	Nanobdellota	Nanobdellia	Pacearchaeales	GW2011-AR1	BMS3ABIN17	92.06	1.19	1091667	1431
GCA_034659295.1	16	Altiarchaeota	Altiarchaeia	IMC4	QMZM01	EX4484-2	69.26	0.38	1274613	1428
GCA_902384525.1	16	Halobacteriota	Methanosarcinia	Methanosarcinales	Methanoperedenaceae	Methanoperedens	96.99	1.47	2920541	3305
GCA_027310405.1	16	Aenigmatarchaeota	Aenigmatarchaeia	CG10238-14	SCSR01	DAIDAX01	88.61	0.31	536975	766
GCA_030670015.1	16	Thermoproteota	Bathyarchaeia	TCS64	TCS64	DAOVCM01	78.4	1.85	1343716	1697
GCA_005882905.1	16	Thermoproteota	Bathyarchaeia	40CM-2-53-6	40CM-2-53-6	40CM-2-53-6	79.08	1.26	1528055	1885
GCF_963082495.1	16	Methanobacteriota	Methanobacteria	Methanobacteriales	Methanobacteriaceae	Methanocatella	99.97	0.66	2299297	2298
GCA_027491735.1	16	Korarchaeota	Korarchaeia	Korarchaeales	Korarchaeaceae	JAOZGP01	87.85	1.01	1356880	1446
GCA_000200715.1	16	Thermoproteota	Nitrososphaeria	Nitrososphaerales	Nitrosopumilaceae	Cenarchaeum	99.91	0.43	2045086	1924
GCA_020348345.1	16	Thermoplasmatota	Thermoplasmata	UBA10834	UBA10834	UBA10834	86.76	1.19	1698361	1611
GCA_030745815.1	16	Iainarchaeota	Iainarchaeia	Iainarchaeales	GCA-2688035	JAFCCZ01	78.37	1.72	988274	1232
GCA_015520245.1	16	Thermoproteota	Thermoprotei_A	Sulfolobales	Pyrodictiaceae	WAQM01	76.49	0.0	1081757	1338
GCA_025058055.1	16	Thermoproteota	Nitrososphaeria_A	Caldarchaeales	Calditenuaceae	Calditenuis	77.53	0.72	1169490	1283
GCA_038826015.1	16	Thermoproteota	Bathyarchaeia	Bathyarchaeales	DTEX01	JAWBOR01	90.91	2.97	2083652	2380
GCA_019322895.1	16	Nanobdellota	Nanobdellia	Woesearchaeales	ARS49	WJJT01	97.79	1.07	1197098	1340
GCF_029338375.1	16	Halobacteriota	Halobacteria	Halobacteriales	Haladaptataceae	Halorussus	99.13	0.89	4135236	3995
GCA_019894885.1	16	Asgardarchaeota	Lokiarchaeia	Sigynarchaeales	SOKP01	SOKP01	88.82	3.83	3219989	3205
GCF_001316245.1	16	Thermoproteota	Thermoprotei	Thermoproteales	Thermocladiaceae	Vulcanisaeta	81.58	2.92	2443876	3924
GCA_035690245.1	16	Halobacteriota	Halobacteria	Halobacteriales	Halococcaceae	Halococcus	71.22	2.16	2552875	3106
GCA_020054495.1	17	Thermoplasmatota	E2	DHVEG-1	DHVEG-1	JAGMDE01	89.94	2.59	2719484	2818
GCA_018813505.1	17	Micrarchaeota	Micrarchaeia	Anstonellales	Bilamarchaeaceae	Bilamarchaeum	90.99	1.78	1541956	1583
GCF_024495425.1	17	Halobacteriota	Halobacteria	Halobacteriales	Natrialbaceae	Haloarchaeobius	99.99	2.52	4049318	4062
GCF_002507545.1	17	Halobacteriota	Archaeoglobi	Archaeoglobales	Archaeoglobaceae	Archaeoglobus	99.92	0.15	2274654	2665
GCA_903901015.1	17	Thermoproteota	Bathyarchaeia	Bathyarchaeales	Bathycorpusculaceae	Bathycorpusculum	97.14	2.64	2047548	2349
GCA_026127925.1	17	Thermoplasmatota	Thermoplasmata	Thermoplasmatales	Thermoplasmataceae	JAKAYB01	98.33	0.44	1734508	1774
GCA_001602645.1	17	Halobacteriota	Methanosarcinia	Methanotrichales	Methanotrichaceae	Methanocrinis	98.95	3.22	2608796	2585
GCA_002011355.1	17	Thermoplasmatota	E2	UBA202	JdFR-43	JdFR-43	66.02	1.21	1230939	1380
GCF_017656495.1	17	Methanobacteriota_B	Thermococci	Thermococcales	Thermococcaceae	Thermococcus_B	99.95	0.39	2048078	2245
GCA_030608925.1	17	Thermoproteota	Bathyarchaeia	Bathyarchaeales	SOJC01	JAUWDF01	64.68	0.15	1194217	1432
GCA_002067635.1	17	Thermoplasmatota	Thermoplasmata	Methanomassiliicoccales	Methanomassiliicoccaceae	UBA6	67.53	1.71	1525269	1699
GCA_000350305.1	17	Thermoplasmatota	Thermoplasmata	Methanomassiliicoccales	Methanomethylophilaceae	Methanomethylophilus	99.68	0.71	1461105	1506
GCA_004347955.1	17	Thermoproteota	Methanomethylicia	Methanomethylicales	Methanomethylicaceae	WYZ-LMO10	80.11	1.77	1159412	1339
GCF_015523155.1	17	Methanobacteriota	Methanococci	Methanococcales	Methanococcaceae	Methanofervidicoccus	90.84	0.22	1438672	1519
GCA_021831005.1	17	Thermoplasmatota	Thermoplasmata	Thermoplasmatales	GCA-001856825	GCA-001856825	76.34	0.02	1170559	1314
GCF_008389435.1	17	Thermoproteota	Nitrososphaeria	Nitrososphaerales	Nitrososphaeraceae	Nitrosocosmicus	98.93	0.51	3224501	3399
GCA_001563905.1	17	Nanohalarchaeota	Nanosalinia	Nanosalinales	Nanosalinaceae	B1-Br10-U2g19	79.54	0.09	662884	798
GCA_964015055.1	17	Thermoplasmatota	Poseidoniia	MGIII	CG-Epi1	CG-Epi1	76.82	0.73	918570	926
GCA_025464275.1	17	Halobacteriota	Syntropharchaeia	Alkanophagales	Methanospirareceae	G60ANME1	91.32	0.19	1288204	1314
GCA_016937345.1	17	Halobacteriota	Methanomicrobia	Methanomicrobiales	Methanomicrobiaceae	Methanomicrobium	92.9	0.2	2104177	2114
GCA_026986135.1	17	Thermoplasmatota	Thermoplasmata	Aciduliprofundales	Aciduliprofundaceae	JAADDK01	71.5	1.87	1195860	1358
GCA_021810105.1	17	Micrarchaeota	Micrarchaeia	Micrarchaeales	Micrarchaeaceae	JAJZAB01	93.63	1.29	821087	886
GCA_041638175.1	17	Thermoplasmatota	E2	JACPAO01	JAHFTW01	JBFKXH01	84.23	0.8	1594222	1912
GCF_013839425.1	17	Halobacteriota	Halobacteria	Halobacteriales	Haloarculaceae	Halorhabdus	99.99	1.01	2859811	2903
GCA_005878915.1	17	Thermoplasmatota	Thermoplasmata	RBG-16-68-12	RBG-16-68-12	EA-19	82.96	4.44	2120628	2243
GCA_030550455.1	17	Thermoproteota	Thermoprotei_A	Sulfolobales	NBVN01	DRZP01	87.8	0.59	1645345	1636
GCA_025054795.1	17	Thermoproteota	Nitrososphaeria_A	Caldarchaeales	Caldarchaeaceae	Caldarchaeum	78.89	0.75	1350253	1635
GCA_018238825.1	17	Asgardarchaeota	Thorarchaeia	Thorarchaeales	Thorarchaeaceae	MP8T-1	87.78	3.9	2779452	3006
GCA_026396375.1	17	Micrarchaeota	Micrarchaeia	Anstonellales	J096	JAPLWW01	77.97	0.91	968358	1148
GCA_016841955.1	17	Halobacteriota	Methanomicrobia	Methanomicrobiales	Methanoculleaceae	Methanoculleus	99.47	0.71	2431985	2388
GCA_021852265.1	17	Nanobdellota	Nanobdellia	Parvarchaeales	Parvarchaeaceae	JAJYZA01	88.36	1.41	776532	865
GCA_030640725.1	17	Halobacteriota	Methanosarcinia	Methanosarcinales	Methanogasteraceae	Methanogaster_D	77.86	1.19	1802995	2053
GCA_028678715.1	17	Halobacteriota	Methanomicrobia	Methanomicrobiales	JACTUA01	JAJRCY01	56.51	0.06	1150985	1313
GCA_002503825.1	17	Halobacteriota	Methanomicrobia	Methanomicrobiales	Methanospirillaceae	UBA467	99.29	0.46	2838694	2820
GCA_016188145.1	17	Nanobdellota	Nanobdellia	Woesearchaeales	UBA10216	UBA10216	84.64	0.57	1177126	1379
GCA_021323375.2	17	Thermoproteota	Nitrososphaeria_A	Caldarchaeales	Wolframiiraptoraceae	Wolframiiraptor	89.47	2.04	1277965	1474
GCA_030549835.1	17	Thermoproteota	Thermoprotei_A	Sulfolobales	Acidilobaceae	DSZV01	96.07	0.17	1421981	1487
GCA_018691995.1	17	Iainarchaeota	Iainarchaeia	Iainarchaeales	JAAZKV01	JABIDZ01	80.59	0.08	837919	963
GCF_020614395.1	17	Halobacteriota	Halobacteria	Halobacteriales	Halobacteriaceae	Salarchaeum	99.29	1.34	2339281	2546
GCA_027017025.1	17	Thermoproteota	Thermoprotei	Thermofilales	Thermofilaceae	JALURH01	79.25	0.38	1553764	1797
GCF_003838065.1	17	Halobacteriota	Methanomicrobia	Methanomicrobiales	Methanocorpusculaceae	Methanocalculus	93.21	0.77	1687998	1913
GCA_020833225.1	17	Thermoproteota	Thermoprotei_A	Sulfolobales	Desulfurococcaceae	UBA285	99.55	0.14	1466114	1609
GCA_002722135.1	17	Thermoplasmatota	Poseidoniia	Poseidoniales	Poseidoniaceae	MGIIa-L3	92.58	4.04	1935643	1658
GCA_035297105.1	17	Thermoplasmatota	Thermoplasmata	UBA184	UBA184	UBA184	94.0	1.94	1872854	1796
GCA_021851265.1	17	Thermoproteota	Nitrososphaeria	Nitrososphaerales	UBA183	UBA183	90.83	0.69	1891889	2343
GCF_002116695.1	17	Thermoproteota	Thermoprotei_A	Sulfolobales	Sulfolobaceae	Acidianus	99.98	1.33	2687463	2776
GCF_002761295.1	17	Halobacteriota	Methanosarcinia	Methanosarcinales	Methanosarcinaceae	Methanohalophilus	99.99	0.1	2084975	2108
GCA_026413965.1	17	Micrarchaeota	Micrarchaeia	Anstonellales	Anstonellaceae	SKW29	87.47	1.34	770713	846
GCA_023136245.1	17	Asgardarchaeota	Heimdallarchaeia	Heimdallarchaeales	Heimdallarchaeaceae	UBA460	82.64	2.83	2266433	2313
GCA_030614485.1	17	Halobacteriota	Methanosarcinia	Methanosarcinales	Methanocomedenaceae	QBUR01	57.95	0.0	1180703	1421
GCA_038877255.1	17	Micrarchaeota	Micrarchaeia	Micrarchaeales	CABMGC01	JAGDXZ01	92.38	0.37	713429	763
GCA_015662595.1	17	Thermoproteota	Thermoprotei_A	Sulfolobales	Ignisphaeraceae	SZUA-1435	80.55	0.11	1107727	1306
GCA_038046045.1	17	Nanobdellota	Nanobdellia	SCGC-AAA011-G17	GW2011-AR20	GW2011-AR20	75.0	0.22	552035	781
GCA_016202725.1	17	Aenigmatarchaeota	Aenigmatarchaeia	QMZP01	QMZP01	JACQOD01	74.93	0.41	984961	1081
GCA_018302165.1	17	Nanobdellota	Nanobdellia	SCGC-AAA011-G17	GW2011-AR17	JAGVZZ01	82.41	0.46	664625	877
GCA_018610025.1	17	Thermoplasmatota	Thermoplasmata	Halarchaeoplasmatales	Halarchaeoplasmataceae	JAHENW01	61.58	0.93	989414	1143
GCA_040755315.1	17	Hadarchaeota	Hadarchaeia	Hadarchaeales	Hadarchaeaceae	DYTO01	86.56	0.37	1211039	1316
GCA_037386325.1	17	Thermoproteota	Bathyarchaeia	Bathyarchaeales	Bathyarchaeaceae	Bathyarchaeum	81.07	0.75	1457938	1740
GCF_013267195.1	17	Halobacteriota	Halobacteria	Halobacteriales	Haloferacaceae	Halorubrum	99.97	1.01	3340250	3290
GCA_013331635.1	17	Nanobdellota	Nanobdellia	Woesearchaeales	GW2011-AR9	GW2011-AR9	95.25	0.09	1317243	1601
GCA_029250665.1	17	Thermoplasmatota	Poseidoniia	Poseidoniales	Thalassarchaeaceae	MGIIb-O1	91.28	0.2	1481653	1359
GCA_003135935.1	17	Thermoplasmatota	Thermoplasmata	Methanomassiliicoccales	UBA472	FEN-33	91.56	1.31	2077448	2196
GCA_038832545.1	17	Thermoproteota	Thermoprotei	Thermoproteales	Thermoproteaceae	Pyrobaculum	95.1	4.64	1670989	2047
GCA_035290885.1	17	Aenigmatarchaeota	Aenigmatarchaeia	GW2011-AR5	GW2011-AR5	JACQID01	81.91	0.7	780006	961
GCA_018303655.1	17	Nanobdellota	Nanobdellia	Woesearchaeales	GW2011-AR4	GCA-2688775	88.18	0.94	1262951	1469
GCA_041659445.1	17	Nanobdellota	Nanobdellia	Pacearchaeales	GW2011-AR1	EX4484-71	91.96	0.41	708397	949
GCA_002254405.1	17	Altiarchaeota	Altiarchaeia	IMC4	QMZM01	EX4484-2	60.54	0.03	919319	1049
GCA_023249275.1	17	Halobacteriota	Methanosarcinia	Methanosarcinales	Methanoperedenaceae	Methanoperedens	96.75	2.2	2148555	2598
GCA_030615205.1	17	Aenigmatarchaeota	Aenigmatarchaeia	CG10238-14	SCSR01	JAUWZS01	88.54	0.65	1173762	1325
GCA_937877765.1	17	Thermoproteota	Bathyarchaeia	TCS64	TCS64	RBG-16-57-9	77.83	4.27	2477147	3189
GCA_005883085.1	17	Thermoproteota	Bathyarchaeia	40CM-2-53-6	40CM-2-53-6	40CM-2-53-6	77.79	4.59	1712672	2099
GCF_001548675.1	17	Methanobacteriota	Methanobacteria	Methanobacteriales	Methanobacteriaceae	Methanocatella	99.96	0.39	2273296	2082
GCA_015521385.1	17	Korarchaeota	Korarchaeia	Korarchaeales	Korarchaeaceae	WALU01	86.65	2.01	1557800	1810
GCA_029862745.1	17	Thermoproteota	Nitrososphaeria	Nitrososphaerales	Nitrosopumilaceae	Nitrosopumilus	99.91	0.86	1811954	2191
GCA_020696365.1	17	Thermoplasmatota	Thermoplasmata	UBA10834	UBA10834	UBA10834	86.49	1.5	1844888	1775
GCA_028712575.1	17	Iainarchaeota	Iainarchaeia	Iainarchaeales	GCA-2688035	JAGVNX01	78.01	0.73	900757	1060
GCA_027043685.1	17	Thermoproteota	Thermoprotei_A	Sulfolobales	Pyrodictiaceae	QNYQ01	76.29	2.63	1516179	1837
GCA_025058225.1	17	Thermoproteota	Nitrososphaeria_A	Caldarchaeales	Calditenuaceae	Calditenuis	73.29	0.1	1170359	1282
GCA_018396555.1	17	Thermoproteota	Bathyarchaeia	Bathyarchaeales	DTEX01	DTEX01	89.98	1.54	1736240	1909
GCA_019323575.1	17	Nanobdellota	Nanobdellia	Woesearchaeales	ARS49	CABMGU01	97.15	2.08	839375	1064
GCF_010747475.1	17	Halobacteriota	Halobacteria	Halobacteriales	Haladaptataceae	Halorussus	98.43	3.7	4408556	4511
GCA_019894955.1	17	Asgardarchaeota	Lokiarchaeia	Sigynarchaeales	SOKP01	SOKP01	88.23	3.79	2765914	2858
GCA_022014875.1	17	Thermoproteota	Thermoprotei	Thermoproteales	Thermocladiaceae	Vulcanisaeta	79.98	0.15	1298620	1492
GCA_035527635.1	18	Thermoplasmatota	E2	DHVEG-1	DHVEG-1	SM1-50	89.91	0.3	1964683	2226
GCA_038851325.1	18	Micrarchaeota	Micrarchaeia	Anstonellales	Bilamarchaeaceae	JAVZJR01	90.91	0.02	899799	928
GCF_025399835.1	18	Halobacteriota	Halobacteria	Halobacteriales	Natrialbaceae	Haloarchaeobius	99.99	2.53	4187993	4151
GCA_027028145.1	18	Halobacteriota	Archaeoglobi	Archaeoglobales	Archaeoglobaceae	WAKM01	99.91	0.25	1518835	1771
GCA_038880555.1	18	Thermoproteota	Bathyarchaeia	Bathyarchaeales	Bathycorpusculaceae	JAGTQI01	97.07	3.95	1749876	1958
GCF_023256435.1	18	Thermoplasmatota	Thermoplasmata	Thermoplasmatales	Thermoplasmataceae	Thermoplasma	98.13	1.04	1546560	1573
GCA_963666555.1	18	Halobacteriota	Methanosarcinia	Methanotrichales	Methanotrichaceae	Methanothrix	98.92	0.87	3599486	3440
GCF_002214505.1	18	Methanobacteriota_B	Thermococci	Thermococcales	Thermococcaceae	Thermococcus	99.94	0.3	2029167	2139
GCA_030168595.1	18	Thermoplasmatota	Thermoplasmata	Methanomassiliicoccales	Methanomethylophilaceae	Methanomethylophilus	99.68	0.5	1768094	1698
GCA_038801655.1	18	Thermoproteota	Methanomethylicia	Methanomethylicales	Methanomethylicaceae	Methanosuratincola	79.74	2.53	1085827	1277
GCA_019561555.1	18	Methanobacteriota	Methanococci	Methanococcales	Methanococcaceae	Methanofervidicoccus	89.91	0.31	1731735	1441
GCA_027343225.1	18	Thermoplasmatota	Thermoplasmata	Thermoplasmatales	GCA-001856825	GCA-001856825	73.58	0.38	1211191	1296
GCA_031316115.1	18	Thermoproteota	Nitrososphaeria	Nitrososphaerales	Nitrososphaeraceae	TH1177	98.79	0.11	3160852	3243
GCA_001564035.1	18	Nanohalarchaeota	Nanosalinia	Nanosalinales	Nanosalinaceae	B1-Br10-U2g21	78.94	1.38	581882	731
GCA_902531985.1	18	Thermoplasmatota	Poseidoniia	MGIII	CG-Epi1	CG-Epi1	75.3	0.49	971429	964
GCA_030611585.1	18	Halobacteriota	Syntropharchaeia	Alkanophagales	Methanospirareceae	JACGMN01	89.96	0.45	1711936	2035
GCA_016841485.1	18	Halobacteriota	Methanomicrobia	Methanomicrobiales	Methanomicrobiaceae	Methanovulcanius	91.48	3.01	2367457	2639
GCA_027056155.1	18	Thermoplasmatota	Thermoplasmata	Aciduliprofundales	Aciduliprofundaceae	JAADDK01	70.32	0.54	1188729	1361
GCA_021791535.1	18	Micrarchaeota	Micrarchaeia	Micrarchaeales	Micrarchaeaceae	JAJZAB01	93.3	0.78	741367	835
GCA_035292455.1	18	Thermoplasmatota	E2	JACPAO01	JAHFTW01	DATDQC01	82.48	1.09	1314452	1530
GCF_014647415.1	18	Halobacteriota	Halobacteria	Halobacteriales	Haloarculaceae	Haloarcula	99.99	1.41	4170221	4302
GCA_005878635.1	18	Thermoplasmatota	Thermoplasmata	RBG-16-68-12	RBG-16-68-12	RBG-16-68-12	81.44	1.42	1952017	2210
GCA_937949785.1	18	Thermoproteota	Thermoprotei_A	Sulfolobales	NBVN01	DTCV01	86.91	0.01	1385344	1459
GCA_033580815.1	18	Thermoproteota	Nitrososphaeria_A	Caldarchaeales	Caldarchaeaceae	Caldarchaeum	76.56	0.71	945734	1041
GCA_030642465.1	18	Asgardarchaeota	Thorarchaeia	Thorarchaeales	Thorarchaeaceae	WTCK01	87.37	4.82	2148616	2415
GCA_015520875.1	18	Micrarchaeota	Micrarchaeia	Anstonellales	J096	JAADEL01	77.33	0.25	639102	748
GCF_023702065.1	18	Halobacteriota	Methanomicrobia	Methanomicrobiales	Methanoculleaceae	Methanoculleus	99.24	0.62	2455266	2393
GCA_021818665.1	18	Nanobdellota	Nanobdellia	Parvarchaeales	Parvarchaeaceae	JAKATQ01	87.25	0.75	861025	991
GCA_034659315.1	18	Halobacteriota	Methanosarcinia	Methanosarcinales	Methanogasteraceae	Methanogaster_D	77.7	0.8	1990221	2116
GCA_018262855.1	18	Halobacteriota	Methanomicrobia	Methanomicrobiales	Methanospirillaceae	Methanolinea_A	99.19	0.37	2291048	2301
GCA_016188205.1	18	Nanobdellota	Nanobdellia	Woesearchaeales	UBA10216	JACPIG01	83.74	0.75	1055709	1374
GCA_021159365.1	18	Thermoproteota	Nitrososphaeria_A	Caldarchaeales	Wolframiiraptoraceae	Wolframiiraptor	88.94	1.64	1249375	1417
GCA_002506595.1	18	Thermoproteota	Thermoprotei_A	Sulfolobales	Acidilobaceae	Caldisphaera	95.78	1.26	1465940	1539
GCA_018651445.1	18	Iainarchaeota	Iainarchaeia	Iainarchaeales	JAAZKV01	JABIDZ01	79.49	1.52	878362	1061
GCF_008124605.1	18	Halobacteriota	Halobacteria	Halobacteriales	Halobacteriaceae	Halobacterium	99.21	0.07	2364912	2452
GCA_027027675.1	18	Thermoproteota	Thermoprotei	Thermofilales	Thermofilaceae	JALVKT01	76.21	0.69	1260406	1521
GCF_013329165.1	18	Halobacteriota	Methanomicrobia	Methanomicrobiales	Methanocorpusculaceae	Methanocalculus	93.19	0.28	1932401	2117
GCA_022759365.1	18	Thermoproteota	Thermoprotei_A	Sulfolobales	Desulfurococcaceae	Thermogladius	99.49	0.14	1147753	1236
GCA_937915175.1	18	Thermoplasmatota	Poseidoniia	Poseidoniales	Poseidoniaceae	MGIIa-L1	92.52	0.15	2040851	1677
GCA_035502455.1	18	Thermoplasmatota	Thermoplasmata	UBA184	UBA184	UBA184	93.82	1.32	1758080	1845
GCA_030038395.1	18	Thermoproteota	Nitrososphaeria	Nitrososphaerales	UBA183	UBA183	90.72	0.85	1486398	1686
GCF_009729035.1	18	Thermoproteota	Thermoprotei_A	Sulfolobales	Sulfolobaceae	Stygiolobus	99.98	0.51	1987069	2194
GCF_004745425.1	18	Halobacteriota	Methanosarcinia	Methanosarcinales	Methanosarcinaceae	Methanolobus	99.99	1.95	2592212	2578
GCA_026414185.1	18	Micrarchaeota	Micrarchaeia	Anstonellales	Anstonellaceae	JAOAJL01	87.34	0.49	960672	1038
GCA_023270155.1	18	Asgardarchaeota	Heimdallarchaeia	Heimdallarchaeales	Heimdallarchaeaceae	UBA460	81.84	2.22	2577344	2610
GCA_021848095.1	18	Micrarchaeota	Micrarchaeia	Micrarchaeales	CABMGC01	JAJZOD01	91.42	1.87	810845	883
GCA_013154235.1	18	Thermoproteota	Thermoprotei_A	Sulfolobales	Ignisphaeraceae	JAADCV01	79.15	1.12	1599040	1825
GCA_038044585.1	18	Nanobdellota	Nanobdellia	SCGC-AAA011-G17	GW2011-AR20	GW2011-AR20	71.33	0.44	596294	786
GCA_016202745.1	18	Aenigmatarchaeota	Aenigmatarchaeia	QMZP01	QMZP01	JACQIG01	74.52	1.18	1020400	1206
GCA_009691355.1	18	Nanobdellota	Nanobdellia	SCGC-AAA011-G17	GW2011-AR17	GW2011-AR17	78.31	0.56	661726	841
GCA_030601675.1	18	Hadarchaeota	Hadarchaeia	Hadarchaeales	Hadarchaeaceae	DG-33	85.63	0.46	937688	1056
GCA_026014605.1	18	Thermoproteota	Bathyarchaeia	Bathyarchaeales	Bathyarchaeaceae	Bathyarchaeum	79.29	1.36	1631559	1806
GCF_007671685.1	18	Halobacteriota	Halobacteria	Halobacteriales	Haloferacaceae	Halorubrum	99.96	2.72	3674958	3597
GCA_902529885.1	18	Nanobdellota	Nanobdellia	Woesearchaeales	GW2011-AR9	CABZYC01	95.25	0.03	676741	779
GCA_028821675.1	18	Thermoplasmatota	Poseidoniia	Poseidoniales	Thalassarchaeaceae	MGIIb-P	91.09	0.1	1615306	1383
GCA_028682895.1	18	Thermoplasmatota	Thermoplasmata	Methanomassiliicoccales	UBA472	UBA472	90.97	0.26	1659807	1724
GCA_020833025.1	18	Thermoproteota	Thermoprotei	Thermoproteales	Thermoproteaceae	Pyrobaculum	93.92	0.0	1557889	1855
GCA_016180925.1	18	Aenigmatarchaeota	Aenigmatarchaeia	GW2011-AR5	GW2011-AR5	JACPAH01	81.23	0.12	843696	1046
GCA_023266475.1	18	Nanobdellota	Nanobdellia	Woesearchaeales	GW2011-AR4	GCA-2688775	87.87	0.82	1319991	1495
GCA_023139205.1	18	Nanobdellota	Nanobdellia	Pacearchaeales	GW2011-AR1	JAGLOA01	91.82	0.07	720764	908
GCA_902386255.1	18	Halobacteriota	Methanosarcinia	Methanosarcinales	Methanoperedenaceae	Methanoperedens	96.37	1.56	2601349	2971
GCA_038998585.1	18	Aenigmatarchaeota	Aenigmatarchaeia	CG10238-14	SCSR01	JAVZGQ01	88.26	0.58	574072	657
GCA_020354065.1	18	Thermoproteota	Bathyarchaeia	TCS64	TCS64	GCA-2726865	76.72	1.1	1502086	1707
GCA_005882955.1	18	Thermoproteota	Bathyarchaeia	40CM-2-53-6	40CM-2-53-6	40CM-2-53-6	77.63	0.12	1468624	1888
GCF_003268005.1	18	Methanobacteriota	Methanobacteria	Methanobacteriales	Methanobacteriaceae	Methanosphaera	99.96	0.19	2868093	2205
GCA_037917625.1	18	Korarchaeota	Korarchaeia	Korarchaeales	Korarchaeaceae	Korarchaeum	83.93	0.99	1223236	1440
GCF_000956175.1	18	Thermoproteota	Nitrososphaeria	Nitrososphaerales	Nitrosopumilaceae	Nitrosopumilus	99.88	0.18	1803090	2210
GCA_029864565.1	18	Thermoplasmatota	Thermoplasmata	UBA10834	UBA10834	UBA10834	86.04	2.27	1931951	1860
GCA_017610245.1	18	Iainarchaeota	Iainarchaeia	Iainarchaeales	GCA-2688035	JAFCCK01	73.85	0.15	1045231	1305
GCA_027046525.1	18	Thermoproteota	Thermoprotei_A	Sulfolobales	Pyrodictiaceae	JALTYD01	75.85	0.08	1372925	1610
GCA_000494145.1	18	Thermoproteota	Nitrososphaeria_A	Caldarchaeales	Calditenuaceae	Calditenuis	66.6	0.67	1180338	1339
GCA_038866525.1	18	Thermoproteota	Bathyarchaeia	Bathyarchaeales	DTEX01	DTEX01	89.34	0.2	1230799	1358
GCA_020051845.1	18	Nanobdellota	Nanobdellia	Woesearchaeales	ARS49	JAGVQG01	96.58	2.19	1328720	1364
GCF_023238445.1	18	Halobacteriota	Halobacteria	Halobacteriales	Haladaptataceae	Halorussus	96.66	2.67	3668365	3689
GCA_037386725.1	18	Asgardarchaeota	Lokiarchaeia	Sigynarchaeales	SOKP01	JARRLT01	86.98	4.89	4170499	4405
GCA_002508315.1	18	Thermoproteota	Thermoprotei	Thermoproteales	Thermocladiaceae	Thermocladium	76.67	0.31	1311976	1400
GCA_030616985.1	19	Thermoplasmatota	E2	DHVEG-1	DHVEG-1	JAUWWG01	89.49	2.06	2052415	2252
GCA_041649555.1	19	Micrarchaeota	Micrarchaeia	Anstonellales	Bilamarchaeaceae	JAQTSF01	90.54	0.04	1088824	1125
GCF_025517485.1	19	Halobacteriota	Halobacteria	Halobacteriales	Natrialbaceae	Halomontanus	99.99	2.74	5506396	5187
GCF_000385565.1	19	Halobacteriota	Archaeoglobi	Archaeoglobales	Archaeoglobaceae	Archaeoglobus_A	99.87	0.51	2076931	2245
GCA_041447175.1	19	Thermoproteota	Bathyarchaeia	Bathyarchaeales	Bathycorpusculaceae	JADGNF01	96.95	3.15	2733133	2794
GCA_031200235.1	19	Thermoplasmatota	Thermoplasmata	Thermoplasmatales	Thermoplasmataceae	UBA509	97.52	0.98	2006340	2078
GCF_011620785.1	19	Halobacteriota	Methanosarcinia	Methanotrichales	Methanotrichaceae	Methanothrix	98.32	0.29	2088083	2267
GCF_012027355.1	19	Methanobacteriota_B	Thermococci	Thermococcales	Thermococcaceae	Thermococcus	99.94	0.1	2167521	2374
GCA_963676235.1	19	Thermoplasmatota	Thermoplasmata	Methanomassiliicoccales	Methanomethylophilaceae	JALNYB01	99.66	0.49	1656407	1566
GCA_024464205.1	19	Thermoproteota	Methanomethylicia	Methanomethylicales	Methanomethylicaceae	Methanomethylicus	78.49	0.41	1170357	1438
GCA_019561615.1	19	Methanobacteriota	Methanococci	Methanococcales	Methanococcaceae	Methanofervidicoccus	86.05	0.19	1043924	1183
GCA_031961395.1	19	Thermoplasmatota	Thermoplasmata	Thermoplasmatales	GCA-001856825	JAGDXO01	67.29	0.44	964332	1061
GCA_035620895.1	19	Thermoproteota	Nitrososphaeria	Nitrososphaerales	Nitrososphaeraceae	TA-21	98.77	0.81	2060750	2414
GCA_003009815.1	19	Nanohalarchaeota	Nanosalinia	Nanosalinales	Nanosalinaceae	SW-4-43-9	77.42	0.05	661323	831
GCA_002731905.1	19	Thermoplasmatota	Poseidoniia	MGIII	CG-Epi1	UBA8886	74.89	1.92	968666	945
GCA_025464345.1	19	Halobacteriota	Syntropharchaeia	Alkanophagales	Methanospirareceae	G60ANME1	89.74	0.48	1174921	1307
GCF_000711215.1	19	Halobacteriota	Methanomicrobia	Methanomicrobiales	Methanomicrobiaceae	Methanomicrobium	91.12	0.18	1711791	1630
GCA_030037495.1	19	Micrarchaeota	Micrarchaeia	Micrarchaeales	Micrarchaeaceae	JAJZYD01	93.26	1.67	870210	1006
GCA_041623515.1	19	Thermoplasmatota	E2	JACPAO01	JAHFTW01	JBFJWV01	79.86	1.75	1526585	1777
GCF_017094505.1	19	Halobacteriota	Halobacteria	Halobacteriales	Haloarculaceae	Halapricum	99.99	1.93	2940338	2944
GCA_035283405.1	19	Thermoplasmatota	Thermoplasmata	RBG-16-68-12	RBG-16-68-12	RBG-16-68-12	81.25	2.45	1811649	1904
GCA_036802965.1	19	Thermoproteota	Thermoprotei_A	Sulfolobales	NBVN01	Zestosphaera	86.39	1.36	1281030	1483
GCA_004524435.1	19	Asgardarchaeota	Thorarchaeia	Thorarchaeales	Thorarchaeaceae	TEKIR-12S	87.15	4.82	2770204	2792
GCF_025384765.1	19	Halobacteriota	Methanomicrobia	Methanomicrobiales	Methanoculleaceae	Methanoculleus	99.17	1.21	2645187	2606
GCA_021798355.1	19	Nanobdellota	Nanobdellia	Parvarchaeales	Parvarchaeaceae	Parvarchaeum	87.01	0.68	700068	785
GCA_003661105.1	19	Halobacteriota	Methanosarcinia	Methanosarcinales	Methanogasteraceae	Methanogaster_A	75.96	3.03	2253386	2574
GCA_018263335.1	19	Halobacteriota	Methanomicrobia	Methanomicrobiales	Methanospirillaceae	Methanolinea_A	99.18	0.01	2029174	2110
GCA_016180085.1	19	Nanobdellota	Nanobdellia	Woesearchaeales	UBA10216	UBA10216	82.81	0.54	998598	1109
GCA_003660635.1	19	Thermoproteota	Nitrososphaeria_A	Caldarchaeales	Wolframiiraptoraceae	Wolframiiraptor	82.95	2.73	1226034	1506
GCA_015522635.1	19	Thermoproteota	Thermoprotei_A	Sulfolobales	Acidilobaceae	Tiamatella	95.76	1.67	1454292	1559
GCA_020717885.1	19	Iainarchaeota	Iainarchaeia	Iainarchaeales	JAAZKV01	JAAZKV01	79.27	0.25	757725	901
GCF_011734195.1	19	Halobacteriota	Halobacteria	Halobacteriales	Halobacteriaceae	Halobacterium	99.13	0.47	2983094	3121
GCA_026986905.1	19	Thermoproteota	Thermoprotei	Thermofilales	Thermofilaceae	JALVKT01	57.02	0.2	690369	738
GCA_017399555.1	19	Halobacteriota	Methanomicrobia	Methanomicrobiales	Methanocorpusculaceae	Methanocorpusculum	92.66	0.98	2024668	2184
GCA_038845865.1	19	Thermoproteota	Thermoprotei_A	Sulfolobales	Desulfurococcaceae	UBA285	99.48	0.65	1453705	1521
GCA_002687075.1	19	Thermoplasmatota	Poseidoniia	Poseidoniales	Poseidoniaceae	MGIIa-L1	92.44	2.31	2201713	1836
GCA_035501555.1	19	Thermoplasmatota	Thermoplasmata	UBA184	UBA184	UBA184	93.77	1.98	1764463	1741
GCA_021848045.1	19	Thermoproteota	Nitrososphaeria	Nitrososphaerales	UBA183	BOG-1369	88.49	0.41	1599260	1783
GCF_009729545.1	19	Thermoproteota	Thermoprotei_A	Sulfolobales	Sulfolobaceae	Acidianus	99.98	0.41	2222414	2443
GCF_006546655.1	19	Halobacteriota	Methanosarcinia	Methanosarcinales	Methanosarcinaceae	Methanolobus	99.99	0.25	2920174	2771
GCA_002778455.1	19	Micrarchaeota	Micrarchaeia	Anstonellales	Anstonellaceae	1-14-0-10-45-29	84.65	0.09	1146305	1185
GCA_021399395.1	19	Asgardarchaeota	Heimdallarchaeia	Heimdallarchaeales	Heimdallarchaeaceae	UBA460	81.8	2.56	2816164	2708
GCA_027319905.1	19	Micrarchaeota	Micrarchaeia	Micrarchaeales	CABMGC01	JAJYVH01	91.1	2.65	855448	1007
GCA_028275745.1	19	Thermoproteota	Thermoprotei_A	Sulfolobales	Ignisphaeraceae	Ignisphaera	75.53	0.87	1365064	1563
GCA_038044845.1	19	Nanobdellota	Nanobdellia	SCGC-AAA011-G17	GW2011-AR20	GW2011-AR20	64.08	0.2	406627	565
GCA_030672885.1	19	Aenigmatarchaeota	Aenigmatarchaeia	QMZP01	QMZP01	DAOVFN01	74.23	0.24	772309	867
GCA_023245975.1	19	Nanobdellota	Nanobdellia	SCGC-AAA011-G17	GW2011-AR17	JAHFJF01	75.66	0.94	875457	1076
GCA_937921735.1	19	Hadarchaeota	Hadarchaeia	Hadarchaeales	Hadarchaeaceae	CAKZTQ01	83.06	0.53	1059088	1173
GCA_004376385.1	19	Thermoproteota	Bathyarchaeia	Bathyarchaeales	Bathyarchaeaceae	Bathyarchaeum	79.17	1.62	1586999	1898
GCF_024498175.1	19	Halobacteriota	Halobacteria	Halobacteriales	Haloferacaceae	Haloplanus	99.96	1.99	3450905	3566
GCA_018697095.1	19	Nanobdellota	Nanobdellia	Woesearchaeales	GW2011-AR9	GCA-2688265	94.49	0.44	1277117	1334
GCA_002708015.1	19	Thermoplasmatota	Poseidoniia	Poseidoniales	Thalassarchaeaceae	MGIIb-N2	90.53	0.89	1635161	1387
GCA_016919625.1	19	Thermoplasmatota	Thermoplasmata	Methanomassiliicoccales	UBA472	JACXTP01	89.28	1.46	1674866	1830
GCA_000960885.1	19	Thermoproteota	Thermoprotei	Thermoproteales	Thermoproteaceae	Thermoproteus	92.57	0.7	1691324	2197
GCA_903825675.1	19	Aenigmatarchaeota	Aenigmatarchaeia	GW2011-AR5	GW2011-AR5	CAIKBN01	78.13	0.42	895151	1150
GCA_018303505.1	19	Nanobdellota	Nanobdellia	Woesearchaeales	GW2011-AR4	GCA-2688775	87.82	2.93	1305313	1583
GCA_038045445.1	19	Nanobdellota	Nanobdellia	Pacearchaeales	GW2011-AR1	SICU01	91.75	0.86	980512	1207
GCA_028717345.1	19	Halobacteriota	Methanosarcinia	Methanosarcinales	Methanoperedenaceae	Methanoperedens	95.9	2.88	2542047	2947
GCA_039091335.1	19	Aenigmatarchaeota	Aenigmatarchaeia	CG10238-14	SCSR01	JAWCME01	87.42	1.11	569737	688
GCA_020697635.1	19	Thermoproteota	Bathyarchaeia	TCS64	TCS64	RBG-16-57-9	76.35	2.82	1713271	2050
GCA_035637535.1	19	Thermoproteota	Bathyarchaeia	40CM-2-53-6	40CM-2-53-6	40CM-2-53-6	75.92	1.8	1722362	1931
GCF_029848115.1	19	Methanobacteriota	Methanobacteria	Methanobacteriales	Methanobacteriaceae	Methanobacterium	99.96	0.04	2425823	2406
GCA_033582115.1	19	Korarchaeota	Korarchaeia	Korarchaeales	Korarchaeaceae	Korarchaeum	80.4	1.29	1362121	1652
GCA_016125975.1	19	Thermoproteota	Nitrososphaeria	Nitrososphaerales	Nitrosopumilaceae	Nitrosopumilus	99.87	0.65	1791570	2398
GCA_020696395.1	19	Thermoplasmatota	Thermoplasmata	UBA10834	UBA10834	UBA10834	85.93	2.77	1707369	1688
GCA_026396975.1	19	Iainarchaeota	Iainarchaeia	Iainarchaeales	GCA-2688035	JAPLVT01	72.0	0.5	882841	1094
GCA_013153105.1	19	Thermoproteota	Thermoprotei_A	Sulfolobales	Pyrodictiaceae	QNYQ01	72.28	0.29	1223086	1394
GCA_026414245.1	19	Thermoproteota	Bathyarchaeia	Bathyarchaeales	DTEX01	DTEX01	87.52	1.57	1448313	1744
GCA_016203225.1	19	Nanobdellota	Nanobdellia	Woesearchaeales	ARS49	DSQK01	96.5	0.71	1000058	1148
GCF_001625445.1	19	Halobacteriota	Halobacteria	Halobacteriales	Haladaptataceae	Haladaptatus	95.85	4.64	4896694	5361
GCA_035530895.1	19	Asgardarchaeota	Lokiarchaeia	Sigynarchaeales	SOKP01	SOKP01	86.67	2.38	2644962	2695
GCA_013154355.1	19	Thermoproteota	Thermoprotei	Thermoproteales	Thermocladiaceae	JAADER01	69.47	2.66	1393878	1608
GCA_020350825.1	20	Thermoplasmatota	E2	DHVEG-1	DHVEG-1	JAGLML01	89.41	0.82	2320818	2311
GCA_018812715.1	20	Micrarchaeota	Micrarchaeia	Anstonellales	Bilamarchaeaceae	Bilamarchaeum	90.2	1.27	1268415	1337
GCF_026616195.1	20	Halobacteriota	Halobacteria	Halobacteriales	Natrialbaceae	Haloarchaeobius	99.99	1.62	4608248	4537
GCA_025058735.1	20	Halobacteriota	Archaeoglobi	Archaeoglobales	Archaeoglobaceae	WYZ-LMO2	99.84	0.0	1222266	1357
GCA_009787175.1	20	Thermoproteota	Bathyarchaeia	Bathyarchaeales	Bathycorpusculaceae	Bathycorpusculum	96.82	0.79	1587817	1621
GCA_021794355.1	20	Thermoplasmatota	Thermoplasmata	Thermoplasmatales	Thermoplasmataceae	Cuniculiplasma	97.19	0.71	2051158	2167
GCF_029167205.1	20	Halobacteriota	Methanosarcinia	Methanotrichales	Methanotrichaceae	Methanocrinis	98.14	0.85	2444195	2429
GCF_000211475.1	20	Methanobacteriota_B	Thermococci	Thermococcales	Thermococcaceae	Pyrococcus	99.92	0.21	1861320	2005
GCA_963646785.1	20	Thermoplasmatota	Thermoplasmata	Methanomassiliicoccales	Methanomethylophilaceae	Methanomethylophilus	99.51	0.06	1920027	1637
GCA_030055545.1	20	Thermoproteota	Methanomethylicia	Methanomethylicales	Methanomethylicaceae	Methanosuratincola	77.78	0.09	908301	1073
GCA_015663075.1	20	Methanobacteriota	Methanococci	Methanococcales	Methanococcaceae	Methanofervidicoccus	81.57	0.23	1095057	1077
GCA_038728965.1	20	Thermoplasmatota	Thermoplasmata	Thermoplasmatales	GCA-001856825	GCA-001856825	61.15	0.23	892238	911
GCA_946480575.1	20	Thermoproteota	Nitrososphaeria	Nitrososphaerales	Nitrososphaeraceae	Nitrososphaera	98.73	0.34	1848168	2394
GCA_001563995.1	20	Nanohalarchaeota	Nanosalinia	Nanosalinales	Nanosalinaceae	PL-Br10-U2g16	77.15	2.04	652532	807
GCA_002687355.1	20	Thermoplasmatota	Poseidoniia	MGIII	CG-Epi1	UBA8886	70.71	0.9	918203	872
GCA_035529655.1	20	Halobacteriota	Syntropharchaeia	Alkanophagales	Methanospirareceae	JACGMN01	89.22	0.21	1535428	1815
GCA_030595665.1	20	Halobacteriota	Methanomicrobia	Methanomicrobiales	Methanomicrobiaceae	Methanogenium	90.95	0.01	2233726	2230
GCA_021792775.1	20	Micrarchaeota	Micrarchaeia	Micrarchaeales	Micrarchaeaceae	JAJYXL01	93.12	0.01	783946	890
GCA_028289805.1	20	Thermoplasmatota	E2	JACPAO01	JAHFTW01	JANQNI01	79.79	0.05	1730997	2024
GCF_023698535.1	20	Halobacteriota	Halobacteria	Halobacteriales	Haloarculaceae	Halorientalis	99.99	1.12	4031955	4213
GCA_005878525.1	20	Thermoplasmatota	Thermoplasmata	RBG-16-68-12	RBG-16-68-12	RBG-16-68-12	81.18	3.3	2016472	2205
GCA_026419835.1	20	Thermoproteota	Thermoprotei_A	Sulfolobales	NBVN01	DRZP01	84.39	0.1	1417153	1540
GCA_004524565.1	20	Asgardarchaeota	Thorarchaeia	Thorarchaeales	Thorarchaeaceae	MP8T-1	86.32	4.06	3132667	3160
GCF_030464345.1	20	Halobacteriota	Methanomicrobia	Methanomicrobiales	Methanoculleaceae	Methanoculleus_A	98.99	2.86	3165140	3119
GCA_021797085.1	20	Nanobdellota	Nanobdellia	Parvarchaeales	Parvarchaeaceae	Parvarchaeum	86.64	1.58	838566	934
GCA_034658995.1	20	Halobacteriota	Methanosarcinia	Methanosarcinales	Methanogasteraceae	Methanogaster_D	75.5	0.73	2135512	2307
GCF_000021965.1	20	Halobacteriota	Methanomicrobia	Methanomicrobiales	Methanospirillaceae	Methanosphaerula	99.11	0.51	2922917	2779
GCA_013331515.1	20	Nanobdellota	Nanobdellia	Woesearchaeales	UBA10216	UBA10216	67.86	0.27	1001889	1213
GCA_937974645.1	20	Thermoproteota	Nitrososphaeria_A	Caldarchaeales	Wolframiiraptoraceae	Wolframiiraptor	81.99	0.32	988498	1117
GCA_015521085.1	20	Thermoproteota	Thermoprotei_A	Sulfolobales	Acidilobaceae	Thermodiscus	95.47	0.08	1522352	1631
GCA_028690725.1	20	Iainarchaeota	Iainarchaeia	Iainarchaeales	JAAZKV01	JABIDZ01	77.83	1.32	760870	897
GCF_036418315.1	20	Halobacteriota	Halobacteria	Halobacteriales	Halobacteriaceae	Salarchaeum	99.1	2.69	2720691	2966
GCA_963677995.1	20	Halobacteriota	Methanomicrobia	Methanomicrobiales	Methanocorpusculaceae	Methanocorpusculum	91.87	0.03	1722541	1917
GCA_028275705.1	20	Thermoproteota	Thermoprotei_A	Sulfolobales	Desulfurococcaceae	UBA285	98.86	0.31	1471505	1621
GCA_028822845.1	20	Thermoplasmatota	Poseidoniia	Poseidoniales	Poseidoniaceae	MGIIa-L1	92.38	0.08	1920269	1592
GCA_021806135.1	20	Thermoplasmatota	Thermoplasmata	UBA184	UBA184	JAKATE01	93.75	0.1	1852307	1780
GCA_021819035.1	20	Thermoproteota	Nitrososphaeria	Nitrososphaerales	UBA183	UBA183	88.2	0.1	1669051	1843
GCA_022678445.1	20	Thermoproteota	Thermoprotei_A	Sulfolobales	Sulfolobaceae	Aramenus	99.98	0.05	1930407	2191
GCF_021184045.1	20	Halobacteriota	Methanosarcinia	Methanosarcinales	Methanosarcinaceae	Methanococcoides	99.99	0.04	2494162	2359
GCA_041659465.1	20	Micrarchaeota	Micrarchaeia	Anstonellales	Anstonellaceae	JAPLWY01	84.53	2.92	1361906	1450
GCA_023705905.1	20	Asgardarchaeota	Heimdallarchaeia	Heimdallarchaeales	Heimdallarchaeaceae	UBA460	81.59	3.67	3741586	3844
GCA_021801225.1	20	Micrarchaeota	Micrarchaeia	Micrarchaeales	CABMGC01	JAJZOD01	90.84	2.39	964763	1029
GCA_003661865.1	20	Thermoproteota	Thermoprotei_A	Sulfolobales	Ignisphaeraceae	QMWT01	70.7	2.76	1562760	2083
GCA_020343575.1	20	Aenigmatarchaeota	Aenigmatarchaeia	QMZP01	QMZP01	GCA-020343575	73.3	1.31	1051577	1170
GCA_018302205.1	20	Nanobdellota	Nanobdellia	SCGC-AAA011-G17	GW2011-AR17	JAGVZZ01	71.36	0.33	645064	796
GCA_041490225.1	20	Hadarchaeota	Hadarchaeia	Hadarchaeales	Hadarchaeaceae	DYFS01	82.31	0.37	993431	1175
GCA_020348945.1	20	Thermoproteota	Bathyarchaeia	Bathyarchaeales	Bathyarchaeaceae	GCA-020356305	78.72	0.99	1722799	1833
GCF_000025685.1	20	Halobacteriota	Halobacteria	Halobacteriales	Haloferacaceae	Haloferax	99.95	0.27	4012900	4026
GCA_035290865.1	20	Nanobdellota	Nanobdellia	Woesearchaeales	GW2011-AR9	DATDTM01	94.23	0.05	1225091	1354
GCA_036138175.1	20	Thermoplasmatota	Poseidoniia	Poseidoniales	Thalassarchaeaceae	MGIIb-O1	89.5	0.35	1408777	1263
GCA_035404085.1	20	Thermoplasmatota	Thermoplasmata	Methanomassiliicoccales	UBA472	UBA472	88.75	0.11	1413889	1511
GCA_041287225.1	20	Thermoproteota	Thermoprotei	Thermoproteales	Thermoproteaceae	Thermoproteus	91.72	0.1	1437436	1732
GCA_016202875.1	20	Aenigmatarchaeota	Aenigmatarchaeia	GW2011-AR5	GW2011-AR5	JACQNX01	77.69	0.45	815445	1126
GCA_022564635.1	20	Nanobdellota	Nanobdellia	Woesearchaeales	GW2011-AR4	JACPJP01	87.45	0.7	1431645	1694
GCA_017609535.1	20	Nanobdellota	Nanobdellia	Pacearchaeales	GW2011-AR1	JAFCDU01	91.68	0.95	577998	716
GCA_014859785.1	20	Halobacteriota	Methanosarcinia	Methanosarcinales	Methanoperedenaceae	Methanoperedens_A	95.74	0.27	1868446	2143
GCA_030017875.1	20	Aenigmatarchaeota	Aenigmatarchaeia	CG10238-14	SCSR01	JASEGQ01	86.85	0.28	601625	720
GCA_016783455.1	20	Thermoproteota	Bathyarchaeia	TCS64	TCS64	BS750m-G28	74.66	4.88	2186194	2421
GCA_002495485.1	20	Thermoproteota	Bathyarchaeia	40CM-2-53-6	40CM-2-53-6	40CM-2-53-6	75.08	2.91	1805477	2432
GCF_002208625.1	20	Methanobacteriota	Methanobacteria	Methanobacteriales	Methanobacteriaceae	Methanarmilla	99.95	0.1	1920674	1645
GCA_021158805.1	20	Korarchaeota	Korarchaeia	Korarchaeales	Korarchaeaceae	WALU01	78.93	2.63	1464931	1753
GCA_039938575.1	20	Thermoproteota	Nitrososphaeria	Nitrososphaerales	Nitrosopumilaceae	Nitrosotenuis	99.87	0.09	1648276	2021
GCA_016930135.1	20	Thermoplasmatota	Thermoplasmata	UBA10834	UBA10834	COMBO-56-21	85.18	4.06	1829169	1788
GCA_002688035.1	20	Iainarchaeota	Iainarchaeia	Iainarchaeales	GCA-2688035	GCA-2688035	61.35	0.06	745175	809
GCA_015661645.1	20	Thermoproteota	Thermoprotei_A	Sulfolobales	Pyrodictiaceae	Pyrodictium	69.67	0.01	879958	989
GCA_018396435.1	20	Thermoproteota	Bathyarchaeia	Bathyarchaeales	DTEX01	DTEX01	87.4	0.77	1389650	1470
GCA_041305185.1	20	Nanobdellota	Nanobdellia	Woesearchaeales	ARS49	CABMGU01	95.49	1.9	1120177	1396
GCA_003023465.1	20	Halobacteriota	Halobacteria	Halobacteriales	Haladaptataceae	Halorussus	62.47	0.6	2510763	2781
GCA_030612905.1	20	Asgardarchaeota	Lokiarchaeia	Sigynarchaeales	SOKP01	SOKP01	85.61	1.62	2855165	3239
GCA_028275645.1	20	Thermoproteota	Thermoprotei	Thermoproteales	Thermocladiaceae	Caldivirga	67.85	0.05	1319790	1533
GCA_038740425.1	21	Thermoplasmatota	E2	DHVEG-1	DHVEG-1	JAVYLV01	89.37	0.1	1299081	1336
GCA_023248035.1	21	Micrarchaeota	Micrarchaeia	Anstonellales	Bilamarchaeaceae	Bilamarchaeum	90.18	0.42	1171225	1292
GCF_000217715.1	21	Halobacteriota	Halobacteria	Halobacteriales	Natrialbaceae	Halopiger	99.98	1.65	4355268	4264
GCA_002010045.1	21	Halobacteriota	Archaeoglobi	Archaeoglobales	Archaeoglobaceae	JdFR-22	99.81	0.32	2062531	2332
GCA_040268405.1	21	Thermoproteota	Bathyarchaeia	Bathyarchaeales	Bathycorpusculaceae	Bathycorpusculum	96.74	3.35	2736256	2953
GCF_037442045.1	21	Thermoplasmatota	Thermoplasmata	Thermoplasmatales	Thermoplasmataceae	Ferroplasma	97.12	0.05	1395917	1516
GCA_001509375.1	21	Halobacteriota	Methanosarcinia	Methanotrichales	Methanotrichaceae	Methanocrinis	97.54	0.94	2382964	2466
GCF_012027555.1	21	Methanobacteriota_B	Thermococci	Thermococcales	Thermococcaceae	Thermococcus	99.92	0.82	1795455	1946
GCA_002504405.1	21	Thermoplasmatota	Thermoplasmata	Methanomassiliicoccales	Methanomethylophilaceae	Methanoprimaticola	99.39	0.46	1618649	1606
GCA_038801785.1	21	Thermoproteota	Methanomethylicia	Methanomethylicales	Methanomethylicaceae	JAULTD01	74.86	0.47	1492383	1568
GCA_015661585.1	21	Methanobacteriota	Methanococci	Methanococcales	Methanococcaceae	Methanofervidicoccus	64.88	1.27	1100483	1235
GCF_007826885.1	21	Thermoproteota	Nitrososphaeria	Nitrososphaerales	Nitrososphaeraceae	Nitrosocosmicus	98.28	0.65	2644860	2970
GCA_041640055.1	21	Nanohalarchaeota	Nanosalinia	Nanosalinales	Nanosalinaceae	JBEQAZ01	74.0	1.22	620306	777
GCA_014240255.1	21	Thermoplasmatota	Poseidoniia	MGIII	CG-Epi1	CG-Epi1	70.15	1.66	1199623	1200
GCA_026134085.1	21	Halobacteriota	Syntropharchaeia	Alkanophagales	Methanospirareceae	Methanoxibalbensis	89.05	0.7	1992554	2087
GCA_017412625.1	21	Halobacteriota	Methanomicrobia	Methanomicrobiales	Methanomicrobiaceae	Methanomicrobium	89.2	0.0	1632960	1633
GCA_028866775.1	21	Micrarchaeota	Micrarchaeia	Micrarchaeales	Micrarchaeaceae	JAJYUY01	92.85	0.3	944728	1065
GCA_034667745.1	21	Thermoplasmatota	E2	JACPAO01	JAHFTW01	JAHFTW01	76.89	0.59	1783522	1924
GCF_024300825.1	21	Halobacteriota	Halobacteria	Halobacteriales	Haloarculaceae	Natronomonas	99.99	4.2	3652280	3860
GCA_035299725.1	21	Thermoplasmatota	Thermoplasmata	RBG-16-68-12	RBG-16-68-12	RBG-16-68-12	80.27	2.4	1721907	1919
GCA_038830105.1	21	Thermoproteota	Thermoprotei_A	Sulfolobales	NBVN01	Zestosphaera	84.06	1.57	1309510	1480
GCA_020348985.1	21	Asgardarchaeota	Thorarchaeia	Thorarchaeales	Thorarchaeaceae	JAJRWI01	86.04	4.96	3157342	3039
GCF_036677455.1	21	Halobacteriota	Methanomicrobia	Methanomicrobiales	Methanoculleaceae	Methanoculleus	98.43	1.43	2517679	2505
GCA_002412085.1	21	Nanobdellota	Nanobdellia	Parvarchaeales	Parvarchaeaceae	Parvarchaeum	84.91	4.76	920270	1085
GCA_030606635.1	21	Halobacteriota	Methanosarcinia	Methanosarcinales	Methanogasteraceae	Methanogaster_A	73.42	0.07	1626850	1853
GCA_030055515.1	21	Halobacteriota	Methanomicrobia	Methanomicrobiales	Methanospirillaceae	Methanolinea_A	99.1	0.18	1757001	1770
GCA_021163925.1	21	Thermoproteota	Nitrososphaeria_A	Caldarchaeales	Wolframiiraptoraceae	Wolframiiraptor	80.87	1.36	1095486	1256
GCA_029335875.2	21	Thermoproteota	Thermoprotei_A	Sulfolobales	Acidilobaceae	DSZV01	95.31	0.18	1553981	1592
GCA_026397035.1	21	Iainarchaeota	Iainarchaeia	Iainarchaeales	JAAZKV01	JAAZKV01	77.4	2.58	1292347	1534
GCF_036626455.1	21	Halobacteriota	Halobacteria	Halobacteriales	Halobacteriaceae	Halodesulfurarchaeum	98.92	0.0	2200385	2284
GCF_030651615.1	21	Halobacteriota	Methanomicrobia	Methanomicrobiales	Methanocorpusculaceae	Methanocalculus	91.85	0.13	1835583	2072
GCA_038879595.1	21	Thermoproteota	Thermoprotei_A	Sulfolobales	Desulfurococcaceae	JANXDZ01	97.62	0.2	1413454	1470
GCA_963997415.1	21	Thermoplasmatota	Poseidoniia	Poseidoniales	Poseidoniaceae	MGIIa-L1	92.15	0.03	1971855	1659
GCA_022750155.1	21	Thermoplasmatota	Thermoplasmata	UBA184	UBA184	UBA184	93.7	1.82	2127927	1965
GCA_016200025.1	21	Thermoproteota	Nitrososphaeria	Nitrososphaerales	UBA183	UBA183	88.08	0.94	1041951	1273
GCF_000011205.1	21	Thermoproteota	Thermoprotei_A	Sulfolobales	Sulfolobaceae	Sulfurisphaera	99.97	0.28	2694756	3005
GCF_024500045.1	21	Halobacteriota	Methanosarcinia	Methanosarcinales	Methanosarcinaceae	Methanolobus	99.99	0.57	2598553	2568
GCA_018304295.1	21	Micrarchaeota	Micrarchaeia	Anstonellales	Anstonellaceae	Anstonella	84.16	1.01	1051108	1172
GCA_023139025.1	21	Asgardarchaeota	Heimdallarchaeia	Heimdallarchaeales	Heimdallarchaeaceae	UBA460	80.8	3.73	2748435	3088
GCA_021797745.1	21	Micrarchaeota	Micrarchaeia	Micrarchaeales	CABMGC01	JAJZZD01	90.61	0.17	806443	861
GCA_027037025.1	21	Thermoproteota	Thermoprotei_A	Sulfolobales	Ignisphaeraceae	JAADCV01	56.88	0.65	998617	1324
GCA_003663445.1	21	Aenigmatarchaeota	Aenigmatarchaeia	QMZP01	QMZP01	QMZZ01	71.01	0.09	574541	801
GCA_016784245.1	21	Nanobdellota	Nanobdellia	SCGC-AAA011-G17	GW2011-AR17	BS150m-G60	65.28	1.92	549811	683
GCA_030672285.1	21	Hadarchaeota	Hadarchaeia	Hadarchaeales	Hadarchaeaceae	DG-33	82.15	0.23	957912	1120
GCA_020352535.1	21	Thermoproteota	Bathyarchaeia	Bathyarchaeales	Bathyarchaeaceae	SOJZ01	77.27	0.4	1362114	1418
GCF_003342675.1	21	Halobacteriota	Halobacteria	Halobacteriales	Haloferacaceae	Haloplanus	99.95	3.74	3773640	3892
GCA_040751885.1	21	Nanobdellota	Nanobdellia	Woesearchaeales	GW2011-AR9	JBFMFP01	94.12	1.48	1423884	1580
GCA_002507175.1	21	Thermoplasmatota	Poseidoniia	Poseidoniales	Thalassarchaeaceae	MGIIb-N1	89.37	0.55	1436899	1263
GCA_013329565.1	21	Thermoplasmatota	Thermoplasmata	Methanomassiliicoccales	UBA472	UBA472	83.29	1.07	1419658	1688
GCA_027002815.1	21	Thermoproteota	Thermoprotei	Thermoproteales	Thermoproteaceae	WANN01	91.36	0.06	1632580	2015
GCA_035290775.1	21	Aenigmatarchaeota	Aenigmatarchaeia	GW2011-AR5	GW2011-AR5	JACQNW01	77.66	1.36	706473	945
GCA_013330825.1	21	Nanobdellota	Nanobdellia	Woesearchaeales	GW2011-AR4	GW2011-AR11	87.1	0.14	1157455	1281
GCA_038045705.1	21	Nanobdellota	Nanobdellia	Pacearchaeales	GW2011-AR1	SICU01	91.49	0.45	844273	1044
GCA_028715885.1	21	Halobacteriota	Methanosarcinia	Methanosarcinales	Methanoperedenaceae	Methanoperedens	95.33	1.32	2094252	2412
GCA_016177025.1	21	Aenigmatarchaeota	Aenigmatarchaeia	CG10238-14	SCSR01	JACOWB01	86.3	0.48	571189	716
GCA_016783485.1	21	Thermoproteota	Bathyarchaeia	TCS64	TCS64	GCA-2726865	70.19	3.28	2128711	2318
GCA_036514975.1	21	Thermoproteota	Bathyarchaeia	40CM-2-53-6	40CM-2-53-6	BA-19	72.74	0.81	839324	1097
GCF_023617305.1	21	Methanobacteriota	Methanobacteria	Methanobacteriales	Methanobacteriaceae	Methanocatella	99.95	0.29	1951395	1772
GCA_037917695.1	21	Korarchaeota	Korarchaeia	Korarchaeales	Korarchaeaceae	DRBY01	72.1	1.67	1098763	1287
GCF_000875775.1	21	Thermoproteota	Nitrososphaeria	Nitrososphaerales	Nitrosopumilaceae	Nitrosopumilus	99.86	0.1	1713078	2145
GCA_937872085.1	21	Thermoplasmatota	Thermoplasmata	UBA10834	UBA10834	COMBO-56-21	84.61	2.75	1781656	2065
GCA_027033675.1	21	Thermoproteota	Thermoprotei_A	Sulfolobales	Pyrodictiaceae	Pyrofollis	68.4	0.38	1464666	1840
GCA_018397055.1	21	Thermoproteota	Bathyarchaeia	Bathyarchaeales	DTEX01	PIYB01	87.33	0.45	1408612	1535
GCA_019323015.1	21	Nanobdellota	Nanobdellia	Woesearchaeales	ARS49	WJJT01	94.96	1.03	1154397	1356
GCA_004375715.1	21	Asgardarchaeota	Lokiarchaeia	Sigynarchaeales	SOKP01	SOKP01	83.66	3.04	3073626	3063
GCF_001315985.1	21	Thermoproteota	Thermoprotei	Thermoproteales	Thermocladiaceae	Vulcanisaeta	67.75	0.46	2422819	4330
GCA_030619765.1	22	Thermoplasmatota	E2	DHVEG-1	DHVEG-1	JAGLML01	88.83	3.44	3170404	3421
GCA_903835325.1	22	Micrarchaeota	Micrarchaeia	Anstonellales	Bilamarchaeaceae	Bilamarchaeum	90.11	2.99	1594370	1725
GCF_000230715.2	22	Halobacteriota	Halobacteria	Halobacteriales	Natrialbaceae	Natronobacterium	99.98	0.46	3788356	3762
GCA_026988525.1	22	Halobacteriota	Archaeoglobi	Archaeoglobales	Archaeoglobaceae	WAPX01	99.8	0.07	1432966	1618
GCA_003133625.1	22	Thermoproteota	Bathyarchaeia	Bathyarchaeales	Bathycorpusculaceae	Bathycorpusculum	96.73	2.75	2545071	3015
GCA_021846395.1	22	Thermoplasmatota	Thermoplasmata	Thermoplasmatales	Thermoplasmataceae	JAJZXB01	97.01	0.55	1659469	1782
GCA_025361645.1	22	Halobacteriota	Methanosarcinia	Methanotrichales	Methanotrichaceae	Methanothrix	97.25	0.85	2431602	2653
GCF_012027645.1	22	Methanobacteriota_B	Thermococci	Thermococcales	Thermococcaceae	Thermococcus	99.92	0.21	1991402	2085
GCA_002505345.1	22	Thermoplasmatota	Thermoplasmata	Methanomassiliicoccales	Methanomethylophilaceae	VadinCA11	99.39	0.25	1340855	1401
GCA_001717015.1	22	Thermoproteota	Methanomethylicia	Methanomethylicales	Methanomethylicaceae	Methanosuratincola	74.5	0.45	1268545	1424
GCA_019561565.1	22	Methanobacteriota	Methanococci	Methanococcales	Methanococcaceae	Methanofervidicoccus	54.69	0.57	921791	924
GCA_039938615.1	22	Thermoproteota	Nitrososphaeria	Nitrososphaerales	Nitrososphaeraceae	Nitrososphaera	98.22	0.45	1988989	2491
GCA_001564145.1	22	Nanohalarchaeota	Nanosalinia	Nanosalinales	Nanosalinaceae	B1-Br10-U2g21	68.47	0.58	526182	645
GCA_963577905.1	22	Thermoplasmatota	Poseidoniia	MGIII	CG-Epi1	CG-Epi1	68.0	1.67	1188683	1171
GCA_030019325.1	22	Halobacteriota	Syntropharchaeia	Alkanophagales	Methanospirareceae	ANME-1-THS	87.85	0.5	1926362	2442
GCA_016926855.1	22	Halobacteriota	Methanomicrobia	Methanomicrobiales	Methanomicrobiaceae	LKUD01	89.02	1.44	1976704	2106
GCF_016806735.1	22	Micrarchaeota	Micrarchaeia	Micrarchaeales	Micrarchaeaceae	Micrarchaeum_A	92.72	0.64	989838	1020
GCA_041630755.1	22	Thermoplasmatota	E2	JACPAO01	JAHFTW01	JBFKLD01	74.56	0.6	1400861	1692
GCF_030848575.1	22	Halobacteriota	Halobacteria	Halobacteriales	Haloarculaceae	Haloarcula	99.99	0.72	4189745	4294
GCA_021788795.1	22	Thermoplasmatota	Thermoplasmata	RBG-16-68-12	RBG-16-68-12	RBG-16-68-12	78.42	2.2	2195006	2535
GCA_038841535.1	22	Thermoproteota	Thermoprotei_A	Sulfolobales	NBVN01	DRZP01	83.77	0.77	1564232	1582
GCA_016840795.1	22	Asgardarchaeota	Thorarchaeia	Thorarchaeales	Thorarchaeaceae	SMTZ1-83	84.61	4.71	2164057	2410
GCA_022837745.1	22	Halobacteriota	Methanomicrobia	Methanomicrobiales	Methanoculleaceae	Methanoculleus	98.23	0.1	1961053	2005
GCA_027366075.1	22	Nanobdellota	Nanobdellia	Parvarchaeales	Parvarchaeaceae	JAJYZA01	84.14	0.81	650092	801
GCA_030672345.1	22	Halobacteriota	Methanosarcinia	Methanosarcinales	Methanogasteraceae	Methanogaster_D	72.19	1.32	1651970	1888
GCF_017873855.1	22	Halobacteriota	Methanomicrobia	Methanomicrobiales	Methanospirillaceae	Methanolinea_B	98.98	0.91	2662345	2525
GCA_021157985.1	22	Thermoproteota	Nitrososphaeria_A	Caldarchaeales	Wolframiiraptoraceae	Wolframiiraptor	76.1	1.68	810631	1005
GCA_020833325.1	22	Thermoproteota	Thermoprotei_A	Sulfolobales	Acidilobaceae	DSZV01	94.15	0.15	1451078	1561
GCF_014647155.1	22	Halobacteriota	Halobacteria	Halobacteriales	Halobacteriaceae	Halarchaeum	98.23	3.11	3141185	3219
GCA_963676575.1	22	Halobacteriota	Methanomicrobia	Methanomicrobiales	Methanocorpusculaceae	Methanocorpusculum	91.73	0.16	1620847	1839
GCA_023269825.1	22	Thermoproteota	Thermoprotei_A	Sulfolobales	Desulfurococcaceae	UBA285	96.64	0.13	1502624	1575
GCA_937894115.1	22	Thermoplasmatota	Poseidoniia	Poseidoniales	Poseidoniaceae	MGIIa-L2	92.11	2.58	2331715	2017
GCA_021828195.1	22	Thermoplasmatota	Thermoplasmata	UBA184	UBA184	UBA184	93.63	0.03	1623510	1638
GCA_003135575.1	22	Thermoproteota	Nitrososphaeria	Nitrososphaerales	UBA183	BOG-1369	87.48	2.63	2343364	2907
GCF_003201765.2	22	Thermoproteota	Thermoprotei_A	Sulfolobales	Sulfolobaceae	Acidianus	99.95	0.03	2265309	2333
GCF_031461075.1	22	Halobacteriota	Methanosarcinia	Methanosarcinales	Methanosarcinaceae	Methanosarcina	99.99	0.41	3742969	3256
GCA_026414325.1	22	Micrarchaeota	Micrarchaeia	Anstonellales	Anstonellaceae	JAOAJF01	84.1	0.06	798445	861
GCA_030631995.1	22	Asgardarchaeota	Heimdallarchaeia	Heimdallarchaeales	Heimdallarchaeaceae	UBA460	76.35	1.02	1246344	1314
GCA_021792235.1	22	Micrarchaeota	Micrarchaeia	Micrarchaeales	CABMGC01	JAJZNA01	90.42	0.1	1020094	1149
GCA_003661775.1	22	Thermoproteota	Thermoprotei_A	Sulfolobales	Ignisphaeraceae	QMWT01	55.39	0.81	1131705	1423
GCA_030673725.1	22	Aenigmatarchaeota	Aenigmatarchaeia	QMZP01	QMZP01	DAOVIL01	70.82	2.69	702206	899
GCA_030601665.1	22	Hadarchaeota	Hadarchaeia	Hadarchaeales	Hadarchaeaceae	DG-33	80.24	0.02	881511	1039
GCA_029879825.1	22	Thermoproteota	Bathyarchaeia	Bathyarchaeales	Bathyarchaeaceae	Kmv02	75.64	4.49	1279306	1519
GCF_003781945.1	22	Halobacteriota	Halobacteria	Halobacteriales	Haloferacaceae	Halorubrum	99.95	1.52	3715460	3621
GCA_018670085.1	22	Nanobdellota	Nanobdellia	Woesearchaeales	GW2011-AR9	GCA-2688265	94.05	0.79	1480407	1526
GCA_028283505.1	22	Thermoplasmatota	Poseidoniia	Poseidoniales	Thalassarchaeaceae	MGIIb-O5	89.18	0.45	1300382	1149
GCA_029560215.1	22	Thermoplasmatota	Thermoplasmata	Methanomassiliicoccales	UBA472	UBA472	82.89	3.46	1368413	1580
GCA_015521775.1	22	Thermoproteota	Thermoprotei	Thermoproteales	Thermoproteaceae	WANN01	80.94	0.0	1402919	1629
GCA_016202845.1	22	Aenigmatarchaeota	Aenigmatarchaeia	GW2011-AR5	GW2011-AR5	JACQNW01	77.04	0.24	949552	1241
GCA_016185805.1	22	Nanobdellota	Nanobdellia	Woesearchaeales	GW2011-AR4	GCA-2688775	86.17	0.08	939026	1157
GCA_023144035.1	22	Nanobdellota	Nanobdellia	Pacearchaeales	GW2011-AR1	JAFCEV01	91.42	0.58	776525	1033
GCA_902386205.1	22	Halobacteriota	Methanosarcinia	Methanosarcinales	Methanoperedenaceae	Methanoperedens	95.3	2.89	2789873	3049
GCA_038998365.1	22	Aenigmatarchaeota	Aenigmatarchaeia	CG10238-14	SCSR01	JAVZGQ01	85.76	0.33	622338	773
GCA_018396515.1	22	Thermoproteota	Bathyarchaeia	TCS64	TCS64	JAGTRB01	65.14	2.69	1422957	1624
GCA_001918765.1	22	Thermoproteota	Bathyarchaeia	40CM-2-53-6	40CM-2-53-6	40CM-2-53-6	68.62	0.92	1325436	1557
GCF_900095295.1	22	Methanobacteriota	Methanobacteria	Methanobacteriales	Methanobacteriaceae	Methanobacterium_C	99.95	0.13	2469575	2345
GCA_023269865.1	22	Korarchaeota	Korarchaeia	Korarchaeales	Korarchaeaceae	Methanodesulfokores	72.06	0.45	1037936	1175
GCA_021414365.1	22	Thermoproteota	Nitrososphaeria	Nitrososphaerales	Nitrosopumilaceae	Nitrosarchaeum	99.86	1.72	1875056	2286
GCA_001800815.1	22	Thermoplasmatota	Thermoplasmata	UBA10834	UBA10834	COMBO-56-21	84.6	0.52	1868766	1798
GCA_027062725.1	22	Thermoproteota	Thermoprotei_A	Sulfolobales	Pyrodictiaceae	QNYQ01	67.7	0.73	1381656	1506
GCA_003601835.1	22	Thermoproteota	Bathyarchaeia	Bathyarchaeales	DTEX01	PIYB01	85.09	0.1	1251171	1401
GCA_016215315.1	22	Nanobdellota	Nanobdellia	Woesearchaeales	ARS49	JACRKG01	94.81	1.59	1787453	2039
GCA_020343655.1	22	Asgardarchaeota	Lokiarchaeia	Sigynarchaeales	SOKP01	Loki-b32	81.68	3.84	2265924	2182
GCF_001316005.1	22	Thermoproteota	Thermoprotei	Thermoproteales	Thermocladiaceae	Vulcanisaeta	67.27	0.86	2076046	3631
GCA_041550515.1	23	Thermoplasmatota	E2	DHVEG-1	DHVEG-1	M9B1D	88.49	0.41	1828445	1912
GCA_016212505.1	23	Micrarchaeota	Micrarchaeia	Anstonellales	Bilamarchaeaceae	Bilamarchaeum	90.06	0.57	1479450	1547
GCF_003430825.1	23	Halobacteriota	Halobacteria	Halobacteriales	Natrialbaceae	Natrarchaeobaculum	99.98	1.2	3789323	3711
GCA_002011235.1	23	Halobacteriota	Archaeoglobi	Archaeoglobales	Archaeoglobaceae	Archaeoglobus_A	99.74	3.89	2360045	2583
GCA_018396705.1	23	Thermoproteota	Bathyarchaeia	Bathyarchaeales	Bathycorpusculaceae	DRVP01	96.72	2.07	1708761	1837
GCA_016806715.1	23	Thermoplasmatota	Thermoplasmata	Thermoplasmatales	Thermoplasmataceae	B-DKE	96.97	0.12	1959588	2086
GCA_022865315.1	23	Halobacteriota	Methanosarcinia	Methanotrichales	Methanotrichaceae	JALHSR01	97.07	1.86	3028857	3515
GCF_000258515.1	23	Methanobacteriota_B	Thermococci	Thermococcales	Thermococcaceae	Thermococcus	99.91	0.1	1764559	1869
GCA_002506905.1	23	Thermoplasmatota	Thermoplasmata	Methanomassiliicoccales	Methanomethylophilaceae	Methanogranum	99.31	0.67	1417827	1531
GCA_937930465.1	23	Thermoproteota	Methanomethylicia	Methanomethylicales	Methanomethylicaceae	Methanosuratincola	73.89	0.08	1006042	1174
GCA_040297625.1	23	Thermoproteota	Nitrososphaeria	Nitrososphaerales	Nitrososphaeraceae	Nitrosocosmicus	97.78	0.09	2529704	2796
GCA_002506485.1	23	Thermoplasmatota	Poseidoniia	MGIII	CG-Epi1	CG-Epi1	67.58	0.17	1098328	1089
GCA_025464585.1	23	Halobacteriota	Syntropharchaeia	Alkanophagales	Methanospirareceae	QMVO01	87.35	0.37	1933548	2414
GCA_013415665.1	23	Halobacteriota	Methanomicrobia	Methanomicrobiales	Methanomicrobiaceae	LKUD01	88.98	2.16	1712362	1956
GCA_021811435.1	23	Micrarchaeota	Micrarchaeia	Micrarchaeales	Micrarchaeaceae	JAKATK01	92.69	0.36	1095341	1126
GCA_041566495.1	23	Thermoplasmatota	E2	JACPAO01	JAHFTW01	JBFGSX01	72.34	1.97	1927417	2236
GCF_031624315.1	23	Halobacteriota	Halobacteria	Halobacteriales	Haloarculaceae	Haloarcula	99.99	2.35	4145596	4261
GCA_005878665.1	23	Thermoplasmatota	Thermoplasmata	RBG-16-68-12	RBG-16-68-12	RBG-16-68-12	77.25	2.59	1749939	1926
GCA_938083005.1	23	Thermoproteota	Thermoprotei_A	Sulfolobales	NBVN01	DRZP01	83.44	0.77	1330728	1409
GCA_030669595.1	23	Asgardarchaeota	Thorarchaeia	Thorarchaeales	Thorarchaeaceae	WTCK01	84.59	4.51	2169148	2199
GCF_032944295.1	23	Halobacteriota	Methanomicrobia	Methanomicrobiales	Methanoculleaceae	Methanoculleus	97.71	0.79	2629892	2627
GCA_021802505.1	23	Nanobdellota	Nanobdellia	Parvarchaeales	Parvarchaeaceae	Parvarchaeum	83.89	0.5	763118	882
GCA_030672605.1	23	Halobacteriota	Methanosarcinia	Methanosarcinales	Methanogasteraceae	Methanogaster_C	68.79	0.27	1639356	1712
GCA_040776445.1	23	Halobacteriota	Methanomicrobia	Methanomicrobiales	Methanospirillaceae	SD8	98.87	0.79	2329015	2343
GCA_029258815.1	23	Thermoproteota	Nitrososphaeria_A	Caldarchaeales	Wolframiiraptoraceae	Wolframiiraptor	70.2	2.53	1142719	1384
GCA_015522625.1	23	Thermoproteota	Thermoprotei_A	Sulfolobales	Acidilobaceae	Caldisphaera	92.95	1.08	1339547	1493
GCF_021249405.1	23	Halobacteriota	Halobacteria	Halobacteriales	Halobacteriaceae	Halobacterium	97.77	0.52	2828879	2899
GCA_017408885.1	23	Halobacteriota	Methanomicrobia	Methanomicrobiales	Methanocorpusculaceae	Methanocorpusculum	90.52	0.62	1553516	1630
GCA_027028545.1	23	Thermoproteota	Thermoprotei_A	Sulfolobales	Desulfurococcaceae	JALVIT01	96.49	0.71	1855673	2071
GCA_964001175.1	23	Thermoplasmatota	Poseidoniia	Poseidoniales	Poseidoniaceae	MGIIa-L1	92.09	0.06	1978318	1633
GCA_021823345.1	23	Thermoplasmatota	Thermoplasmata	UBA184	UBA184	JAJYEA01	93.58	0.22	1857593	1666
GCA_032906705.1	23	Thermoproteota	Nitrososphaeria	Nitrososphaerales	UBA183	DASPPF01	87.34	0.06	1374654	1614
GCF_022064045.1	23	Thermoproteota	Thermoprotei_A	Sulfolobales	Sulfolobaceae	Metallosphaera	99.94	0.55	2239489	2506
GCF_038022665.1	23	Halobacteriota	Methanosarcinia	Methanosarcinales	Methanosarcinaceae	Methanolobus	99.99	0.12	2851899	2648
GCA_026396355.1	23	Micrarchaeota	Micrarchaeia	Anstonellales	Anstonellaceae	JAPLWY01	80.28	2.3	1214930	1438
GCA_021789155.1	23	Micrarchaeota	Micrarchaeia	Micrarchaeales	CABMGC01	JAJYJW01	90.38	1.81	795806	903
GCA_016783545.1	23	Aenigmatarchaeota	Aenigmatarchaeia	QMZP01	QMZP01	BS750m-G24	70.33	0.11	885693	944
GCA_038851365.1	23	Hadarchaeota	Hadarchaeia	Hadarchaeales	Hadarchaeaceae	CAKZTQ01	79.21	0.11	810267	997
GCA_037439925.1	23	Thermoproteota	Bathyarchaeia	Bathyarchaeales	Bathyarchaeaceae	JBBIVD01	75.52	0.13	1180694	1489
GCA_000224475.1	23	Halobacteriota	Halobacteria	Halobacteriales	Haloferacaceae	Halolamina	99.95	0.61	3643158	3754
GCA_038046465.1	23	Nanobdellota	Nanobdellia	Woesearchaeales	GW2011-AR9	JBBSWB01	93.61	0.41	1176572	1285
GCA_018650285.1	23	Thermoplasmatota	Poseidoniia	Poseidoniales	Thalassarchaeaceae	MGIIb-Q1	88.6	0.0	2104689	1667
GCA_035518995.1	23	Thermoplasmatota	Thermoplasmata	Methanomassiliicoccales	UBA472	JAJRAN01	82.8	0.26	1463969	1697
GCF_002077075.2	23	Thermoproteota	Thermoprotei	Thermoproteales	Thermoproteaceae	Thermoproteus	76.99	1.04	1557272	1728
GCA_016187365.1	23	Aenigmatarchaeota	Aenigmatarchaeia	GW2011-AR5	GW2011-AR5	JACPAH01	76.85	1.76	739184	940
GCA_035293285.1	23	Nanobdellota	Nanobdellia	Woesearchaeales	GW2011-AR4	GCA-2688775	85.32	3.31	1759135	1926
GCA_035283785.1	23	Nanobdellota	Nanobdellia	Pacearchaeales	GW2011-AR1	DATETG01	91.36	0.39	632285	867
GCA_026552955.1	23	Halobacteriota	Methanosarcinia	Methanosarcinales	Methanoperedenaceae	Methanoperedens	95.01	1.2	2480714	2658
GCA_030018055.1	23	Aenigmatarchaeota	Aenigmatarchaeia	CG10238-14	SCSR01	JASEGN01	84.74	3.8	965742	1221
GCA_001775965.1	23	Thermoproteota	Bathyarchaeia	TCS64	TCS64	RBG-16-57-9	64.0	0.51	1215694	1452
GCA_001768965.1	23	Thermoproteota	Bathyarchaeia	40CM-2-53-6	40CM-2-53-6	FEN-987	67.53	2.54	1337444	1580
GCF_963665055.1	23	Methanobacteriota	Methanobacteria	Methanobacteriales	Methanobacteriaceae	Methanobacterium	99.95	2.45	3226019	2975
GCA_027491485.1	23	Korarchaeota	Korarchaeia	Korarchaeales	Korarchaeaceae	WALU01	70.73	0.0	652359	713
GCA_030041535.1	23	Thermoproteota	Nitrososphaeria	Nitrososphaerales	Nitrosopumilaceae	Nitrosotalea	99.86	0.38	1827918	2201
GCA_013329135.1	23	Thermoplasmatota	Thermoplasmata	UBA10834	UBA10834	UBA9653	84.09	0.85	1711095	2062
GCA_003978665.1	23	Thermoproteota	Thermoprotei_A	Sulfolobales	Pyrodictiaceae	QNYQ01	61.28	0.01	969948	1058
GCA_003601725.1	23	Thermoproteota	Bathyarchaeia	Bathyarchaeales	DTEX01	B63	82.9	1.3	1202259	1311
GCA_902385765.1	23	Nanobdellota	Nanobdellia	Woesearchaeales	ARS49	CABMGU01	94.8	2.11	1041753	1306
GCA_029856085.1	23	Asgardarchaeota	Lokiarchaeia	Sigynarchaeales	SOKP01	Loki-b32	79.69	4.45	3260505	3249
GCF_001316265.1	23	Thermoproteota	Thermoprotei	Thermoproteales	Thermocladiaceae	Vulcanisaeta	63.02	0.81	2249042	3873
GCA_030672305.1	24	Thermoplasmatota	E2	DHVEG-1	DHVEG-1	SG8-52-3	88.38	2.68	2808482	2960
GCA_020053355.1	24	Micrarchaeota	Micrarchaeia	Anstonellales	Bilamarchaeaceae	Bilamarchaeum	90.04	1.22	1590125	1574
GCF_009392895.1	24	Halobacteriota	Halobacteria	Halobacteriales	Natrialbaceae	Natronorubrum	99.98	2.17	4348483	4319
GCA_002494625.1	24	Halobacteriota	Archaeoglobi	Archaeoglobales	Archaeoglobaceae	Archaeoglobus_A	99.68	0.1	2090826	2230
GCA_037481775.1	24	Thermoproteota	Bathyarchaeia	Bathyarchaeales	Bathycorpusculaceae	JAOAIV01	96.71	0.25	1821348	1944
GCA_038729425.1	24	Thermoplasmatota	Thermoplasmata	Thermoplasmatales	Thermoplasmataceae	B-DKE	96.54	0.17	1452261	1483
GCA_002067365.1	24	Halobacteriota	Methanosarcinia	Methanotrichales	Methanotrichaceae	Methanothrix	96.59	0.16	2776683	2870
GCF_002214365.1	24	Methanobacteriota_B	Thermococci	Thermococcales	Thermococcaceae	Thermococcus	99.9	0.2	1866819	1987
GCA_009777615.1	24	Thermoplasmatota	Thermoplasmata	Methanomassiliicoccales	Methanomethylophilaceae	Methanoplasma	99.05	3.04	1619733	1464
GCA_028683025.1	24	Thermoproteota	Methanomethylicia	Methanomethylicales	Methanomethylicaceae	Methanomethylicus	59.6	0.01	722632	852
GCA_038201105.1	24	Thermoproteota	Nitrososphaeria	Nitrososphaerales	Nitrososphaeraceae	TA-21	97.69	2.24	3736568	4851
GCA_902627615.1	24	Thermoplasmatota	Poseidoniia	MGIII	CG-Epi1	CG-Epi1	66.7	0.22	1308866	1201
GCA_016649585.1	24	Halobacteriota	Syntropharchaeia	Alkanophagales	Methanospirareceae	JACGMN01	87.34	0.04	1460389	1838
GCA_016841665.1	24	Halobacteriota	Methanomicrobia	Methanomicrobiales	Methanomicrobiaceae	DSDF01	84.96	1.45	2221645	2329
GCA_021806095.1	24	Micrarchaeota	Micrarchaeia	Micrarchaeales	Micrarchaeaceae	JAJZYD01	92.46	0.13	782033	798
GCA_034667805.1	24	Thermoplasmatota	E2	JACPAO01	JAHFTW01	JAHFTW01	66.48	0.39	1859522	2124
GCF_900880625.1	24	Halobacteriota	Halobacteria	Halobacteriales	Haloarculaceae	Halorhabdus	99.99	2.44	3362504	3486
GCA_036514455.1	24	Thermoplasmatota	Thermoplasmata	RBG-16-68-12	RBG-16-68-12	EA-19	77.19	0.7	1602272	1744
GCA_025058345.1	24	Thermoproteota	Thermoprotei_A	Sulfolobales	NBVN01	DTCV01	82.6	0.19	1358642	1436
GCA_016839275.1	24	Asgardarchaeota	Thorarchaeia	Thorarchaeales	Thorarchaeaceae	MP8T-1	83.87	3.6	2577824	2676
GCA_023393455.1	24	Halobacteriota	Methanomicrobia	Methanomicrobiales	Methanoculleaceae	Methanoculleus	97.15	1.39	2248149	2286
GCA_025920305.1	24	Nanobdellota	Nanobdellia	Parvarchaeales	Parvarchaeaceae	Acidifodinimicrobium	83.21	0.5	447204	515
GCA_030666765.1	24	Halobacteriota	Methanosarcinia	Methanosarcinales	Methanogasteraceae	Methanogaster_A	56.42	0.84	1517207	1733
GCA_026625165.1	24	Halobacteriota	Methanomicrobia	Methanomicrobiales	Methanospirillaceae	MVRE01	98.81	0.02	2174862	2267
GCA_000405685.1	24	Thermoproteota	Nitrososphaeria_A	Caldarchaeales	Wolframiiraptoraceae	Geocrenenecus	59.15	0.18	1085321	1130
GCA_025058835.1	24	Thermoproteota	Thermoprotei_A	Sulfolobales	Acidilobaceae	DSZV01	92.65	0.06	1192240	1303
GCF_014647455.2	24	Halobacteriota	Halobacteria	Halobacteriales	Halobacteriaceae	Halarchaeum	96.84	1.01	3024665	3085
GCA_003315675.1	24	Halobacteriota	Methanomicrobia	Methanomicrobiales	Methanocorpusculaceae	Methanocorpusculum	88.4	1.35	1697696	2051
GCA_041287395.1	24	Thermoproteota	Thermoprotei_A	Sulfolobales	Desulfurococcaceae	JBEULI01	96.28	1.36	1298109	1391
GCA_003602535.1	24	Thermoplasmatota	Poseidoniia	Poseidoniales	Poseidoniaceae	MGIIa-K1	91.76	0.01	1762979	1564
GCA_021816955.1	24	Thermoplasmatota	Thermoplasmata	UBA184	UBA184	UBA184	93.52	0.6	1421469	1435
GCA_032906685.1	24	Thermoproteota	Nitrososphaeria	Nitrososphaerales	UBA183	DASPPF01	86.15	3.16	1302287	1505
GCF_036967215.1	24	Thermoproteota	Thermoprotei_A	Sulfolobales	Sulfolobaceae	Saccharolobus	99.94	1.12	2774215	2822
GCF_038446525.1	24	Halobacteriota	Methanosarcinia	Methanosarcinales	Methanosarcinaceae	Methanolobus	99.99	0.06	3053834	2951
GCA_020056635.1	24	Micrarchaeota	Micrarchaeia	Anstonellales	Anstonellaceae	JAGVHI01	78.8	0.37	1100949	1097
GCA_021817325.1	24	Micrarchaeota	Micrarchaeia	Micrarchaeales	CABMGC01	JAKAVK01	90.02	0.05	991101	1038
GCA_030666115.1	24	Aenigmatarchaeota	Aenigmatarchaeia	QMZP01	QMZP01	GCA-020343575	66.36	0.71	696411	799
GCA_023129675.1	24	Hadarchaeota	Hadarchaeia	Hadarchaeales	Hadarchaeaceae	DG-33	78.81	0.09	975796	1240
GCA_037386505.1	24	Thermoproteota	Bathyarchaeia	Bathyarchaeales	Bathyarchaeaceae	Bathyarchaeum	73.15	2.35	2044104	2511
GCF_000022205.1	24	Halobacteriota	Halobacteria	Halobacteriales	Haloferacaceae	Halorubrum	99.94	0.48	3692576	3643
GCA_018655525.1	24	Nanobdellota	Nanobdellia	Woesearchaeales	GW2011-AR9	1-14-0-10-32-24	93.58	0.25	963529	1108
GCA_963934015.1	24	Thermoplasmatota	Poseidoniia	Poseidoniales	Thalassarchaeaceae	MGIIb-P	88.57	0.26	1901512	1561
GCA_040768245.1	24	Thermoplasmatota	Thermoplasmata	Methanomassiliicoccales	UBA472	UBA472	81.23	0.21	1309158	1409
GCA_022759345.1	24	Thermoproteota	Thermoprotei	Thermoproteales	Thermoproteaceae	Pyrobaculum	74.56	0.07	1183579	1564
GCA_035289405.1	24	Aenigmatarchaeota	Aenigmatarchaeia	GW2011-AR5	GW2011-AR5	GW2011-AR5	74.1	0.37	725533	990
GCA_038046385.1	24	Nanobdellota	Nanobdellia	Woesearchaeales	GW2011-AR4	GCA-2688775	85.1	0.41	1283103	1419
GCA_038885615.1	24	Nanobdellota	Nanobdellia	Pacearchaeales	GW2011-AR1	CAKZRD01	91.17	0.48	560336	676
GCA_041491305.1	24	Halobacteriota	Methanosarcinia	Methanosarcinales	Methanoperedenaceae	Methanoperedens	93.76	2.86	2509760	2872
GCA_004297575.1	24	Aenigmatarchaeota	Aenigmatarchaeia	CG10238-14	SCSR01	SCSR01	84.59	1.76	736572	1010
GCA_030602935.1	24	Thermoproteota	Bathyarchaeia	TCS64	TCS64	BS750m-G28	58.64	0.86	1256773	1537
GCA_001919285.1	24	Thermoproteota	Bathyarchaeia	40CM-2-53-6	40CM-2-53-6	40CM-2-53-6	52.16	0.2	1500861	1726
GCF_000214725.1	24	Methanobacteriota	Methanobacteria	Methanobacteriales	Methanobacteriaceae	Methanobacterium_C	99.94	0.3	2546541	2451
GCA_032159055.1	24	Korarchaeota	Korarchaeia	Korarchaeales	Korarchaeaceae	WALU01	70.62	0.13	962952	1170
GCA_038869975.1	24	Thermoproteota	Nitrososphaeria	Nitrososphaerales	Nitrosopumilaceae	Nitrosotenuis	99.86	0.86	1675365	2018
GCA_041554135.1	24	Thermoplasmatota	Thermoplasmata	UBA10834	UBA10834	UBA10834	81.56	2.18	1691485	1622
GCA_026986935.1	24	Thermoproteota	Thermoprotei_A	Sulfolobales	Pyrodictiaceae	Pyrofollis	60.63	0.54	775984	929
GCA_003601695.1	24	Thermoproteota	Bathyarchaeia	Bathyarchaeales	DTEX01	B63	79.85	0.76	1257418	1348
GCA_041488275.1	24	Nanobdellota	Nanobdellia	Woesearchaeales	ARS49	DSQK01	93.77	0.91	917222	1039
GCA_019058295.1	24	Asgardarchaeota	Lokiarchaeia	Sigynarchaeales	SOKP01	SDNM01	79.36	3.62	3200869	2854
GCA_001516765.1	24	Thermoproteota	Thermoprotei	Thermoproteales	Thermocladiaceae	Vulcanisaeta	54.61	0.63	1054034	1384
GCA_026394435.1	25	Thermoplasmatota	E2	DHVEG-1	DHVEG-1	SM1-50	87.66	3.46	1724471	1898
GCA_028713495.1	25	Micrarchaeota	Micrarchaeia	Anstonellales	Bilamarchaeaceae	Bilamarchaeum	90.03	1.59	1017228	1135
GCF_013402815.2	25	Halobacteriota	Halobacteria	Halobacteriales	Natrialbaceae	Natrinema	99.98	4.09	4842193	4843
GCA_017656505.1	25	Halobacteriota	Archaeoglobi	Archaeoglobales	Archaeoglobaceae	Archaeoglobus_A	99.62	1.25	2524501	2799
GCA_035297385.1	25	Thermoproteota	Bathyarchaeia	Bathyarchaeales	Bathycorpusculaceae	UBA11855	96.55	2.75	2532957	2672
GCA_023487205.1	25	Thermoplasmatota	Thermoplasmata	Thermoplasmatales	Thermoplasmataceae	JAMDBT01	96.51	0.08	1556417	1595
GCA_026394555.1	25	Halobacteriota	Methanosarcinia	Methanotrichales	Methanotrichaceae	Methanothrix	96.46	0.71	2528032	2640
GCF_002214565.1	25	Methanobacteriota_B	Thermococci	Thermococcales	Thermococcaceae	Thermococcus	99.9	0.1	1868990	2021
GCA_017935945.1	25	Thermoplasmatota	Thermoplasmata	Methanomassiliicoccales	Methanomethylophilaceae	Methanoprimaticola	99.0	1.6	1568106	1700
GCA_036380115.1	25	Thermoproteota	Nitrososphaeria	Nitrososphaerales	Nitrososphaeraceae	TH1177	97.59	4.1	2662778	3080
GCA_902533295.1	25	Thermoplasmatota	Poseidoniia	MGIII	CG-Epi1	CG-Epi1	65.39	0.63	856711	846
GCA_013139985.1	25	Halobacteriota	Syntropharchaeia	Alkanophagales	Methanospirareceae	QENH01	87.29	0.91	2125186	2625
GCA_016928355.1	25	Halobacteriota	Methanomicrobia	Methanomicrobiales	Methanomicrobiaceae	Methanolacinia	84.23	0.0	1926770	1991
GCA_021812105.1	25	Micrarchaeota	Micrarchaeia	Micrarchaeales	Micrarchaeaceae	JAKATY01	92.13	0.45	695578	769
GCF_000023945.1	25	Halobacteriota	Halobacteria	Halobacteriales	Haloarculaceae	Halorhabdus	99.98	0.45	3116795	3043
GCA_005878385.1	25	Thermoplasmatota	Thermoplasmata	RBG-16-68-12	RBG-16-68-12	RBG-16-68-12	76.98	1.62	1874097	2090
GCA_020833415.1	25	Thermoproteota	Thermoprotei_A	Sulfolobales	NBVN01	DRZP01	82.37	0.49	1254310	1396
GCA_003345595.1	25	Asgardarchaeota	Thorarchaeia	Thorarchaeales	Thorarchaeaceae	OWC5	83.12	2.9	2732298	2633
GCA_023436625.1	25	Halobacteriota	Methanomicrobia	Methanomicrobiales	Methanoculleaceae	Methanoculleus	96.97	2.53	2564257	2551
GCA_023380585.1	25	Nanobdellota	Nanobdellia	Parvarchaeales	Parvarchaeaceae	JAMCRN01	83.08	0.01	701970	775
GCA_903832665.1	25	Halobacteriota	Methanomicrobia	Methanomicrobiales	Methanospirillaceae	Methanoregula	98.8	2.04	2878179	3111
GCA_026986415.1	25	Thermoproteota	Thermoprotei_A	Sulfolobales	Acidilobaceae	S143-63	92.53	0.59	1261028	1409
GCF_039520965.1	25	Halobacteriota	Halobacteria	Halobacteriales	Halobacteriaceae	Halarchaeum	93.26	1.52	2752016	2953
GCF_029762515.1	25	Halobacteriota	Methanomicrobia	Methanomicrobiales	Methanocorpusculaceae	Methanocalculus	86.2	1.0	2306789	2726
GCA_002495025.1	25	Thermoproteota	Thermoprotei_A	Sulfolobales	Desulfurococcaceae	UBA285	95.45	0.04	1301244	1436
GCA_018662825.1	25	Thermoplasmatota	Poseidoniia	Poseidoniales	Poseidoniaceae	MGIIa-L1	91.7	0.24	1962567	1665
GCA_021791335.1	25	Thermoplasmatota	Thermoplasmata	UBA184	UBA184	UBA184	93.43	0.69	1407422	1394
GCA_021823325.1	25	Thermoproteota	Nitrososphaeria	Nitrososphaerales	UBA183	UBA183	85.65	0.02	921181	1036
GCF_003967175.1	25	Thermoproteota	Thermoprotei_A	Sulfolobales	Sulfolobaceae	Sulfodiicoccus	99.91	0.6	2353189	2576
GCA_001714685.2	25	Halobacteriota	Methanosarcinia	Methanosarcinales	Methanosarcinaceae	Methanosarcina	99.99	1.9	4291352	3750
GCA_021813025.1	25	Micrarchaeota	Micrarchaeia	Anstonellales	Anstonellaceae	CAIXYX01	78.7	2.03	1339958	1417
GCA_021852055.1	25	Micrarchaeota	Micrarchaeia	Micrarchaeales	CABMGC01	JAJZOD01	90.02	0.05	1018812	1057
GCA_016782405.1	25	Aenigmatarchaeota	Aenigmatarchaeia	QMZP01	QMZP01	BS750m-G81	64.99	0.14	625368	760
GCA_012962055.1	25	Hadarchaeota	Hadarchaeia	Hadarchaeales	Hadarchaeaceae	B75-G9	76.82	0.5	745249	964
GCA_026967815.1	25	Thermoproteota	Bathyarchaeia	Bathyarchaeales	Bathyarchaeaceae	GCA-020344715	71.78	2.38	1348055	1529
GCF_024464595.1	25	Halobacteriota	Halobacteria	Halobacteriales	Haloferacaceae	Halobellus	99.94	1.43	3857234	3749
GCA_030695685.1	25	Nanobdellota	Nanobdellia	Woesearchaeales	GW2011-AR9	JAUYPT01	93.32	4.48	1008523	1262
GCA_963968165.1	25	Thermoplasmatota	Poseidoniia	Poseidoniales	Thalassarchaeaceae	MGIIb-O3	88.41	0.71	1599324	1399
GCA_040765825.1	25	Thermoplasmatota	Thermoplasmata	Methanomassiliicoccales	UBA472	UBA472	81.02	0.8	1579221	1647
GCA_002497345.1	25	Thermoproteota	Thermoprotei	Thermoproteales	Thermoproteaceae	Thermoproteus	73.52	0.28	1356142	1539
GCA_035290545.1	25	Aenigmatarchaeota	Aenigmatarchaeia	GW2011-AR5	GW2011-AR5	GW2011-AR5	74.1	0.34	640991	874
GCA_002688925.1	25	Nanobdellota	Nanobdellia	Woesearchaeales	GW2011-AR4	GCA-2688925	84.88	0.51	864511	968
GCA_018821425.1	25	Nanobdellota	Nanobdellia	Pacearchaeales	GW2011-AR1	ASMP01	91.12	0.53	613446	826
GCA_026552975.1	25	Halobacteriota	Methanosarcinia	Methanosarcinales	Methanoperedenaceae	Methanoperedens	93.63	1.73	2568582	2810
GCA_037440965.1	25	Aenigmatarchaeota	Aenigmatarchaeia	CG10238-14	SCSR01	JAVZHQ01	83.82	0.18	672949	871
GCF_003111625.1	25	Methanobacteriota	Methanobacteria	Methanobacteriales	Methanobacteriaceae	Methanocatella	99.94	0.89	2243115	2153
GCA_938073845.1	25	Korarchaeota	Korarchaeia	Korarchaeales	Korarchaeaceae	Korarchaeum	63.73	0.24	945919	1102
GCA_963692915.1	25	Thermoproteota	Nitrososphaeria	Nitrososphaerales	Nitrosopumilaceae	JAHRAL01	99.86	0.0	1644826	1625
GCA_030836605.1	25	Thermoplasmatota	Thermoplasmata	UBA10834	UBA10834	UBA9653	79.83	0.59	1482129	1577
GCA_021162225.1	25	Thermoproteota	Bathyarchaeia	Bathyarchaeales	DTEX01	B63	72.66	0.84	1417122	1678
GCA_038884575.1	25	Nanobdellota	Nanobdellia	Woesearchaeales	ARS49	JAWAAW01	92.56	0.69	780200	918
GCA_030610785.1	25	Asgardarchaeota	Lokiarchaeia	Sigynarchaeales	SOKP01	JAUWRB01	79.36	4.01	2966435	3096
GCA_020343515.1	26	Thermoplasmatota	E2	DHVEG-1	DHVEG-1	JAGLML01	86.68	1.03	1922626	1837
GCA_030648615.1	26	Micrarchaeota	Micrarchaeia	Anstonellales	Bilamarchaeaceae	JAUSHJ01	89.75	0.76	1645854	1807
GCF_020515625.1	26	Halobacteriota	Halobacteria	Halobacteriales	Natrialbaceae	Natrinema	99.98	1.0	4710114	4562
GCA_038734275.1	26	Halobacteriota	Archaeoglobi	Archaeoglobales	Archaeoglobaceae	WYZ-LMO2	99.46	0.0	1729305	1946
GCA_026014485.1	26	Thermoproteota	Bathyarchaeia	Bathyarchaeales	Bathycorpusculaceae	JADGNF01	96.51	1.46	2366298	2430
GCA_000496135.1	26	Thermoplasmatota	Thermoplasmata	Thermoplasmatales	Thermoplasmataceae	GCA-000496135	96.29	0.29	1660504	1714
GCA_002067795.1	26	Halobacteriota	Methanosarcinia	Methanotrichales	Methanotrichaceae	MVQI01	96.44	0.24	2454842	2341
GCF_012027395.1	26	Methanobacteriota_B	Thermococci	Thermococcales	Thermococcaceae	Thermococcus	99.9	0.54	2002356	2202
GCA_034928305.1	26	Thermoplasmatota	Thermoplasmata	Methanomassiliicoccales	Methanomethylophilaceae	VadinCA11	98.94	0.14	1335961	1364
GCA_030452275.1	26	Thermoproteota	Nitrososphaeria	Nitrososphaerales	Nitrososphaeraceae	Nitrosocosmicus	97.47	2.4	3195726	3938
GCA_003193815.1	26	Thermoplasmatota	Poseidoniia	MGIII	CG-Epi1	UBA8886	64.23	0.0	701830	786
GCA_025464645.1	26	Halobacteriota	Syntropharchaeia	Alkanophagales	Methanospirareceae	QMVO01	86.72	1.0	1670303	1928
GCA_032250645.1	26	Halobacteriota	Methanomicrobia	Methanomicrobiales	Methanomicrobiaceae	JAVVFN01	83.53	1.29	1538091	1876
GCA_030040895.1	26	Micrarchaeota	Micrarchaeia	Micrarchaeales	Micrarchaeaceae	JAJZYD01	92.13	0.49	763789	852
GCF_000023965.1	26	Halobacteriota	Halobacteria	Halobacteriales	Haloarculaceae	Halomicrobium	99.98	0.48	3332349	3386
GCA_001800745.1	26	Thermoplasmatota	Thermoplasmata	RBG-16-68-12	RBG-16-68-12	RBG-16-68-12	75.45	1.57	1546722	1618
GCA_020832985.1	26	Thermoproteota	Thermoprotei_A	Sulfolobales	NBVN01	DTCV01	82.33	0.57	1419920	1632
GCA_011364905.1	26	Asgardarchaeota	Thorarchaeia	Thorarchaeales	Thorarchaeaceae	SMTZ1-45	80.77	4.55	3079563	3017
GCA_002503885.1	26	Halobacteriota	Methanomicrobia	Methanomicrobiales	Methanoculleaceae	Methanoculleus	96.68	1.48	2582043	2670
GCA_030044235.1	26	Nanobdellota	Nanobdellia	Parvarchaeales	Parvarchaeaceae	JAJYZA01	82.12	2.88	768163	929
GCA_021371995.1	26	Halobacteriota	Methanomicrobia	Methanomicrobiales	Methanospirillaceae	UBA9949	98.62	0.43	1852672	1965
GCA_026995555.1	26	Thermoproteota	Thermoprotei_A	Sulfolobales	Acidilobaceae	JALWTO01	90.62	3.2	1498049	1775
GCF_009831555.1	26	Halobacteriota	Halobacteria	Halobacteriales	Halobacteriaceae	Halobacterium	92.18	1.85	3499479	3945
GCA_034932965.1	26	Halobacteriota	Methanomicrobia	Methanomicrobiales	Methanocorpusculaceae	Methanocorpusculum	85.57	0.57	1555513	1620
GCA_038897715.1	26	Thermoproteota	Thermoprotei_A	Sulfolobales	Desulfurococcaceae	JAWAVV01	94.75	0.0	1276634	1285
GCA_938084675.1	26	Thermoplasmatota	Poseidoniia	Poseidoniales	Poseidoniaceae	Poseidonia	91.58	1.8	1941776	1627
GCA_022749815.1	26	Thermoplasmatota	Thermoplasmata	UBA184	UBA184	JAKIWV01	93.2	1.04	2075462	2033
GCA_016193005.1	26	Thermoproteota	Nitrososphaeria	Nitrososphaerales	UBA183	JACPTA01	84.64	2.78	1699957	2163
GCF_009729015.1	26	Thermoproteota	Thermoprotei_A	Sulfolobales	Sulfolobaceae	Acidianus	99.9	0.61	2252027	2647
GCA_029762595.1	26	Halobacteriota	Methanosarcinia	Methanosarcinales	Methanosarcinaceae	Methanolobus	99.99	2.38	2429529	2409
GCA_026396335.1	26	Micrarchaeota	Micrarchaeia	Anstonellales	Anstonellaceae	JAPLWZ01	75.24	0.91	1059595	1292
GCA_027314465.1	26	Micrarchaeota	Micrarchaeia	Micrarchaeales	CABMGC01	JAJZNA01	89.67	0.52	829595	942
GCA_016867675.1	26	Aenigmatarchaeota	Aenigmatarchaeia	QMZP01	QMZP01	VGIZ01	63.58	0.61	772247	983
GCA_003661465.1	26	Hadarchaeota	Hadarchaeia	Hadarchaeales	Hadarchaeaceae	B75-G9	75.06	0.32	730922	847
GCA_029881555.1	26	Thermoproteota	Bathyarchaeia	Bathyarchaeales	Bathyarchaeaceae	GCA-020356305	70.67	1.72	841045	1002
GCF_024494645.1	26	Halobacteriota	Halobacteria	Halobacteriales	Haloferacaceae	Halohasta	99.94	2.01	3810331	3947
GCA_018676855.1	26	Nanobdellota	Nanobdellia	Woesearchaeales	GW2011-AR9	PCYB01	92.83	0.03	943853	988
GCA_022451235.1	26	Thermoplasmatota	Poseidoniia	Poseidoniales	Thalassarchaeaceae	MGIIb-O1	88.26	0.22	1479005	1295
GCA_016926075.1	26	Thermoplasmatota	Thermoplasmata	Methanomassiliicoccales	UBA472	UBA472	79.2	0.31	1245944	1387
GCA_032249215.1	26	Thermoproteota	Thermoprotei	Thermoproteales	Thermoproteaceae	Pyrobaculum	61.91	0.13	1150646	1400
GCA_016198645.1	26	Aenigmatarchaeota	Aenigmatarchaeia	GW2011-AR5	GW2011-AR5	JACQID01	70.08	0.11	655388	819
GCA_016192955.1	26	Nanobdellota	Nanobdellia	Woesearchaeales	GW2011-AR4	GCA-2688775	84.15	0.27	1200979	1531
GCA_041649045.1	26	Nanobdellota	Nanobdellia	Pacearchaeales	GW2011-AR1	JAGVXH01	91.03	0.17	777487	935
GCA_002839545.1	26	Halobacteriota	Methanosarcinia	Methanosarcinales	Methanoperedenaceae	Methanoperedens_A	91.6	0.56	1995263	2288
GCA_039000685.1	26	Aenigmatarchaeota	Aenigmatarchaeia	CG10238-14	SCSR01	JAVZGQ01	83.5	1.02	677030	836
GCF_900314695.1	26	Methanobacteriota	Methanobacteria	Methanobacteriales	Methanobacteriaceae	Methanocatella	99.94	0.45	2324332	2174
GCF_963457545.1	26	Thermoproteota	Nitrososphaeria	Nitrososphaerales	Nitrosopumilaceae	Nitrosopumilus	99.84	2.55	2359279	3050
GCA_022848805.1	26	Thermoplasmatota	Thermoplasmata	UBA10834	UBA10834	UBA10834	75.95	0.44	1263844	1347
GCA_018397065.1	26	Thermoproteota	Bathyarchaeia	Bathyarchaeales	DTEX01	PIYB01	71.55	0.63	1202015	1252
GCA_016203445.1	26	Nanobdellota	Nanobdellia	Woesearchaeales	ARS49	JACQMS01	92.33	0.21	815648	892
GCA_030615235.1	26	Asgardarchaeota	Lokiarchaeia	Sigynarchaeales	SOKP01	SOKP01	79.06	3.22	2572796	2707
GCA_016936135.1	27	Thermoplasmatota	E2	DHVEG-1	DHVEG-1	JAFGPP01	85.95	0.75	1714040	1747
GCA_038046765.1	27	Micrarchaeota	Micrarchaeia	Anstonellales	Bilamarchaeaceae	JBBSVN01	89.73	0.15	1515479	1654
GCF_023566055.1	27	Halobacteriota	Halobacteria	Halobacteriales	Natrialbaceae	Halosolutus	99.98	3.31	4594540	4469
GCA_030055595.1	27	Halobacteriota	Archaeoglobi	Archaeoglobales	Archaeoglobaceae	WYZ-LMO2	99.25	0.0	1550087	1720
GCA_030607735.1	27	Thermoproteota	Bathyarchaeia	Bathyarchaeales	Bathycorpusculaceae	AD8-1	96.49	1.19	1602663	1807
GCA_021835025.1	27	Thermoplasmatota	Thermoplasmata	Thermoplasmatales	Thermoplasmataceae	JAJZXB01	96.24	1.2	1676825	1747
GCA_030372945.1	27	Halobacteriota	Methanosarcinia	Methanotrichales	Methanotrichaceae	Methanothrix	95.99	1.86	2100959	2380
GCF_000195935.2	27	Methanobacteriota_B	Thermococci	Thermococcales	Thermococcaceae	Pyrococcus	99.89	0.06	1768562	1915
GCA_030445725.1	27	Thermoplasmatota	Thermoplasmata	Methanomassiliicoccales	Methanomethylophilaceae	VadinCA11	98.8	0.06	1311345	1346
GCA_036558405.1	27	Thermoproteota	Nitrososphaeria	Nitrososphaerales	Nitrososphaeraceae	TA-21	97.37	2.2	3394851	3933
GCA_002497685.1	27	Thermoplasmatota	Poseidoniia	MGIII	CG-Epi1	CG-Epi1	60.14	0.23	818089	839
GCA_013180605.1	27	Halobacteriota	Syntropharchaeia	Alkanophagales	Methanospirareceae	QEXZ01	86.16	1.56	2344285	2616
GCA_012523385.1	27	Halobacteriota	Methanomicrobia	Methanomicrobiales	Methanomicrobiaceae	Methanogenium	82.39	1.48	1669266	1948
GCA_903884115.1	27	Micrarchaeota	Micrarchaeia	Micrarchaeales	Micrarchaeaceae	CAISDH01	92.01	2.74	1024283	1130
GCF_000223905.1	27	Halobacteriota	Halobacteria	Halobacteriales	Haloarculaceae	Haloarcula	99.98	0.57	3890005	3908
GCA_005878515.1	27	Thermoplasmatota	Thermoplasmata	RBG-16-68-12	RBG-16-68-12	RBG-16-68-12	75.09	3.22	1836856	2050
GCA_938017505.1	27	Thermoproteota	Thermoprotei_A	Sulfolobales	NBVN01	Zestosphaera	81.93	1.77	1455570	1556
GCA_016839605.1	27	Asgardarchaeota	Thorarchaeia	Thorarchaeales	Thorarchaeaceae	SMTZ1-83	80.18	4.56	3077551	3171
GCF_000691865.1	27	Halobacteriota	Methanomicrobia	Methanomicrobiales	Methanoculleaceae	Methanoculleus	96.22	1.78	2542436	2802
GCA_021807125.1	27	Nanobdellota	Nanobdellia	Parvarchaeales	Parvarchaeaceae	JAKBJF01	78.63	0.53	652905	688
GCA_022841205.1	27	Halobacteriota	Methanomicrobia	Methanomicrobiales	Methanospirillaceae	UBA9949	98.44	0.01	2227117	2366
GCA_015523445.1	27	Thermoproteota	Thermoprotei_A	Sulfolobales	Acidilobaceae	S012-22	90.07	0.01	1613501	1835
GCF_000474235.1	27	Halobacteriota	Halobacteria	Halobacteriales	Halobacteriaceae	Halarchaeum	89.51	2.42	2628974	2856
GCA_030539595.1	27	Halobacteriota	Methanomicrobia	Methanomicrobiales	Methanocorpusculaceae	Methanocorpusculum	85.09	0.19	1684148	1811
GCA_038823915.1	27	Thermoproteota	Thermoprotei_A	Sulfolobales	Desulfurococcaceae	JAWBBY01	94.66	0.04	1180113	1222
GCA_028283345.1	27	Thermoplasmatota	Poseidoniia	Poseidoniales	Poseidoniaceae	UBA60	91.44	0.49	2135886	1815
GCA_021817245.1	27	Thermoplasmatota	Thermoplasmata	UBA184	UBA184	UBA184	92.86	3.98	2313694	2212
GCA_005877225.1	27	Thermoproteota	Nitrososphaeria	Nitrososphaerales	UBA183	TA-13	84.23	1.83	2001116	2418
GCF_008326425.1	27	Thermoproteota	Thermoprotei_A	Sulfolobales	Sulfolobaceae	Sulfuracidifex	99.89	0.35	2560765	2711
GCA_034008115.1	27	Halobacteriota	Methanosarcinia	Methanosarcinales	Methanosarcinaceae	Methanolobus	99.99	2.95	3707064	4007
GCA_023248665.1	27	Micrarchaeota	Micrarchaeia	Anstonellales	Anstonellaceae	CAIXYX01	72.92	0.18	1081644	1168
GCA_023270015.1	27	Micrarchaeota	Micrarchaeia	Micrarchaeales	CABMGC01	JAGDXZ01	89.48	4.97	789146	856
GCA_003663225.1	27	Aenigmatarchaeota	Aenigmatarchaeia	QMZP01	QMZP01	QMZP01	63.14	1.54	941786	1109
GCA_038851515.1	27	Hadarchaeota	Hadarchaeia	Hadarchaeales	Hadarchaeaceae	Hadarchaeum	71.67	0.9	1027584	1206
GCA_020346825.1	27	Thermoproteota	Bathyarchaeia	Bathyarchaeales	Bathyarchaeaceae	Kmv02	69.71	1.8	1203500	1277
GCF_031624495.1	27	Halobacteriota	Halobacteria	Halobacteriales	Haloferacaceae	Halogeometricum	99.94	4.79	4516345	4445
GCA_038046445.1	27	Nanobdellota	Nanobdellia	Woesearchaeales	GW2011-AR9	JACRPH01	92.83	0.61	1373200	1734
GCA_022449945.1	27	Thermoplasmatota	Poseidoniia	Poseidoniales	Thalassarchaeaceae	UBA36	87.74	2.06	1342207	1303
GCA_003153895.1	27	Thermoplasmatota	Thermoplasmata	Methanomassiliicoccales	UBA472	FEN-33	78.83	2.53	1833331	2017
GCA_016191585.1	27	Aenigmatarchaeota	Aenigmatarchaeia	GW2011-AR5	GW2011-AR5	JACPVU01	69.23	0.13	756390	1003
GCA_030751755.1	27	Nanobdellota	Nanobdellia	Woesearchaeales	GW2011-AR4	JACPJP01	83.32	1.42	692525	849
GCA_036787775.1	27	Nanobdellota	Nanobdellia	Pacearchaeales	GW2011-AR1	DAIQOR01	90.95	0.23	755404	967
GCA_018900975.1	27	Halobacteriota	Methanosarcinia	Methanosarcinales	Methanoperedenaceae	Methanoperedens	87.03	4.53	2439890	3035
GCA_039092155.1	27	Aenigmatarchaeota	Aenigmatarchaeia	CG10238-14	SCSR01	JAWCEU01	81.5	0.2	472894	615
GCA_002494885.1	27	Methanobacteriota	Methanobacteria	Methanobacteriales	Methanobacteriaceae	Methanobacterium_D	99.94	0.29	2266768	2382
GCA_938049695.1	27	Thermoproteota	Nitrososphaeria	Nitrososphaerales	Nitrosopumilaceae	Nitrosarchaeum	99.84	0.16	1364780	1716
GCA_001800675.1	27	Thermoplasmatota	Thermoplasmata	UBA10834	UBA10834	COMBO-56-21	75.08	0.2	1520809	1488
GCA_001593845.1	27	Thermoproteota	Bathyarchaeia	Bathyarchaeales	DTEX01	B63	66.41	0.04	859377	964
GCA_016929895.1	27	Nanobdellota	Nanobdellia	Woesearchaeales	ARS49	WJKI01	92.02	1.28	873022	1014
GCA_019058245.1	27	Asgardarchaeota	Lokiarchaeia	Sigynarchaeales	SOKP01	Loki-b32	76.18	2.28	3086466	2899
GCA_902384685.1	28	Thermoplasmatota	E2	DHVEG-1	DHVEG-1	SM1-50	85.5	0.23	2055552	2085
GCA_016212525.1	28	Micrarchaeota	Micrarchaeia	Anstonellales	Bilamarchaeaceae	Bilamarchaeum	89.61	0.52	1468184	1470
GCF_024464185.1	28	Halobacteriota	Halobacteria	Halobacteriales	Natrialbaceae	Haloarchaeobius	99.98	1.43	3851061	3840
GCA_029259415.1	28	Halobacteriota	Archaeoglobi	Archaeoglobales	Archaeoglobaceae	Archaeoglobus	99.16	0.0	1941972	2464
GCA_026014705.1	28	Thermoproteota	Bathyarchaeia	Bathyarchaeales	Bathycorpusculaceae	JAOZHU01	96.44	0.81	1985986	2099
GCA_014874365.1	28	Thermoplasmatota	Thermoplasmata	Thermoplasmatales	Thermoplasmataceae	JACWAH01	96.16	0.0	1476426	1540
GCA_002067755.1	28	Halobacteriota	Methanosarcinia	Methanotrichales	Methanotrichaceae	Methanothrix	95.91	2.44	2225635	2400
GCF_001592435.1	28	Methanobacteriota_B	Thermococci	Thermococcales	Thermococcaceae	Thermococcus	99.89	0.32	1896106	2059
GCA_030168575.1	28	Thermoplasmatota	Thermoplasmata	Methanomassiliicoccales	Methanomethylophilaceae	Methanoprimaticola	98.77	0.55	1664211	1658
GCA_035643435.1	28	Thermoproteota	Nitrososphaeria	Nitrososphaerales	Nitrososphaeraceae	TH5896	97.35	1.03	3140577	4041
GCA_015658585.1	28	Thermoplasmatota	Poseidoniia	MGIII	CG-Epi1	CG-Epi1	55.45	0.49	785452	843
GCA_030612835.1	28	Halobacteriota	Syntropharchaeia	Alkanophagales	Methanospirareceae	QENH01	86.06	1.25	2510419	2765
GCA_011045995.1	28	Halobacteriota	Methanomicrobia	Methanomicrobiales	Methanomicrobiaceae	Methanovulcanius	82.29	0.02	1568499	1652
GCA_027310825.1	28	Micrarchaeota	Micrarchaeia	Micrarchaeales	Micrarchaeaceae	JAJZYD01	91.61	0.26	975511	1122
GCF_000591055.1	28	Halobacteriota	Halobacteria	Halobacteriales	Haloarculaceae	Natronomonas	99.98	0.37	2912573	2923
GCA_005878325.1	28	Thermoplasmatota	Thermoplasmata	RBG-16-68-12	RBG-16-68-12	RBG-16-68-12	74.97	0.21	1763213	2015
GCA_038832865.1	28	Thermoproteota	Thermoprotei_A	Sulfolobales	NBVN01	DRZP01	80.57	0.31	1276180	1316
GCA_020355105.1	28	Asgardarchaeota	Thorarchaeia	Thorarchaeales	Thorarchaeaceae	SMTZ1-83	77.61	3.38	2579137	2620
GCA_023457135.1	28	Halobacteriota	Methanomicrobia	Methanomicrobiales	Methanoculleaceae	Methanoculleus	95.88	0.62	2410416	2535
GCA_021794235.1	28	Nanobdellota	Nanobdellia	Parvarchaeales	Parvarchaeaceae	Parvarchaeum	78.37	0.03	714732	780
GCF_002502735.1	28	Halobacteriota	Methanomicrobia	Methanomicrobiales	Methanospirillaceae	Methanoregula	98.4	0.17	2383967	2399
GCA_026413755.1	28	Thermoproteota	Thermoprotei_A	Sulfolobales	Acidilobaceae	DSZV01	90.04	0.09	1121280	1260
GCF_009741975.1	28	Halobacteriota	Halobacteria	Halobacteriales	Halobacteriaceae	Halobacterium	87.12	0.3	2730868	3136
GCA_017387505.1	28	Halobacteriota	Methanomicrobia	Methanomicrobiales	Methanocorpusculaceae	Methanocorpusculum	83.54	0.06	1425001	1546
GCA_038894495.1	28	Thermoproteota	Thermoprotei_A	Sulfolobales	Desulfurococcaceae	UBA285	94.08	0.66	1192385	1329
GCA_949373235.1	28	Thermoplasmatota	Poseidoniia	Poseidoniales	Poseidoniaceae	MGIIa-L1	91.17	0.13	2026979	1693
GCA_022750455.1	28	Thermoplasmatota	Thermoplasmata	UBA184	UBA184	JAKIVR01	92.75	0.11	2158410	1925
GCA_035314985.1	28	Thermoproteota	Nitrososphaeria	Nitrososphaerales	UBA183	DATFYP01	83.22	3.5	1467854	1700
GCF_000204925.1	28	Thermoproteota	Thermoprotei_A	Sulfolobales	Sulfolobaceae	Metallosphaera	99.88	0.03	1840348	1992
GCF_000007345.1	28	Halobacteriota	Methanosarcinia	Methanosarcinales	Methanosarcinaceae	Methanosarcina	99.98	1.23	5751492	4884
GCA_041671345.1	28	Micrarchaeota	Micrarchaeia	Anstonellales	Anstonellaceae	JAPLWY01	72.09	0.08	957756	1073
GCA_027365175.1	28	Micrarchaeota	Micrarchaeia	Micrarchaeales	CABMGC01	JAKAUU01	89.39	0.42	795159	884
GCA_016202785.1	28	Aenigmatarchaeota	Aenigmatarchaeia	QMZP01	QMZP01	JACQOC01	58.65	0.51	840284	950
GCA_001515185.1	28	Hadarchaeota	Hadarchaeia	Hadarchaeales	Hadarchaeaceae	DG-33	67.8	0.06	786381	984
GCA_020344715.1	28	Thermoproteota	Bathyarchaeia	Bathyarchaeales	Bathyarchaeaceae	GCA-020344715	64.63	2.38	1306417	1446
GCF_901686465.1	28	Halobacteriota	Halobacteria	Halobacteriales	Haloferacaceae	Halorubrum	99.94	1.36	3454955	3368
GCA_018812765.1	28	Nanobdellota	Nanobdellia	Woesearchaeales	GW2011-AR9	JAHJDB01	92.8	0.04	1091134	1188
GCA_002719615.1	28	Thermoplasmatota	Poseidoniia	Poseidoniales	Thalassarchaeaceae	MGIIb-O3	87.62	2.02	1669517	1467
GCA_025457905.1	28	Thermoplasmatota	Thermoplasmata	Methanomassiliicoccales	UBA472	JAJRAN01	64.78	1.69	1298802	1532
GCA_035289025.1	28	Aenigmatarchaeota	Aenigmatarchaeia	GW2011-AR5	GW2011-AR5	GW2011-AR5	64.83	1.24	730687	1016
GCA_016784105.1	28	Nanobdellota	Nanobdellia	Woesearchaeales	GW2011-AR4	BS150m-G66	83.11	0.39	1188643	1409
GCA_038045525.1	28	Nanobdellota	Nanobdellia	Pacearchaeales	GW2011-AR1	ASMP01	90.91	1.94	649515	873
GCA_041479675.1	28	Halobacteriota	Methanosarcinia	Methanosarcinales	Methanoperedenaceae	Methanoperedens	86.81	3.39	1982714	2425
GCA_038998005.1	28	Aenigmatarchaeota	Aenigmatarchaeia	CG10238-14	SCSR01	CALIKW01	81.41	1.7	626331	794
GCF_902788255.1	28	Methanobacteriota	Methanobacteria	Methanobacteriales	Methanobacteriaceae	Methanocatella	99.93	2.23	2196820	2239
GCA_021323705.1	28	Thermoproteota	Nitrososphaeria	Nitrososphaerales	Nitrosopumilaceae	Nitrosotalea	99.83	1.54	1840223	2223
GCA_013331315.1	28	Thermoplasmatota	Thermoplasmata	UBA10834	UBA10834	UBA10834	73.89	2.64	1705358	1949
GCA_041484255.1	28	Nanobdellota	Nanobdellia	Woesearchaeales	ARS49	JAWAAW01	91.91	2.41	1002371	1149
GCA_016840695.1	28	Asgardarchaeota	Lokiarchaeia	Sigynarchaeales	SOKP01	FT1-020	74.36	2.68	2683146	2906
GCA_016927555.1	29	Thermoplasmatota	E2	DHVEG-1	DHVEG-1	SM1-50	84.71	0.48	1471894	1356
GCA_038870635.1	29	Micrarchaeota	Micrarchaeia	Anstonellales	Bilamarchaeaceae	JAVZJR01	89.55	0.0	859065	886
GCF_029502005.1	29	Halobacteriota	Halobacteria	Halobacteriales	Natrialbaceae	Natrinema	99.98	2.29	4787139	4740
GCA_015523335.1	29	Halobacteriota	Archaeoglobi	Archaeoglobales	Archaeoglobaceae	WAKM01	99.12	0.04	1396269	1614
GCA_018475625.1	29	Thermoproteota	Bathyarchaeia	Bathyarchaeales	Bathycorpusculaceae	A05DMB-2	96.37	2.11	2477615	2726
GCA_021806295.1	29	Thermoplasmatota	Thermoplasmata	Thermoplasmatales	Thermoplasmataceae	Ferroplasma	96.01	0.42	1471091	1586
GCA_002502785.1	29	Halobacteriota	Methanosarcinia	Methanotrichales	Methanotrichaceae	Methanocrinis	95.81	1.92	2512329	2466
GCF_002214605.1	29	Methanobacteriota_B	Thermococci	Thermococcales	Thermococcaceae	Pyrococcus	99.89	0.03	1961979	2178
GCA_963635855.1	29	Thermoplasmatota	Thermoplasmata	Methanomassiliicoccales	Methanomethylophilaceae	Methanomethylophilus	98.74	0.45	2230415	1885
GCA_029237505.1	29	Thermoproteota	Nitrososphaeria	Nitrososphaerales	Nitrososphaeraceae	TA-21	97.32	0.23	1743247	2108
GCA_002718915.1	29	Thermoplasmatota	Poseidoniia	MGIII	CG-Epi1	CG-Epi1	54.76	0.57	881127	802
GCA_004212135.1	29	Halobacteriota	Syntropharchaeia	Alkanophagales	Methanospirareceae	ANME-1-THS	85.95	1.03	2030246	2351
GCF_028912405.1	29	Halobacteriota	Methanomicrobia	Methanomicrobiales	Methanomicrobiaceae	Methanogenium	81.46	0.7	2236762	2127
GCA_021827605.1	29	Micrarchaeota	Micrarchaeia	Micrarchaeales	Micrarchaeaceae	JAJZYD01	91.53	2.68	971073	1062
GCF_003730195.1	29	Halobacteriota	Halobacteria	Halobacteriales	Haloarculaceae	Halosimplex	99.98	4.61	5072893	4892
GCA_005879065.1	29	Thermoplasmatota	Thermoplasmata	RBG-16-68-12	RBG-16-68-12	RBG-16-68-12	74.53	2.05	1837070	2079
GCA_023255965.1	29	Thermoproteota	Thermoprotei_A	Sulfolobales	NBVN01	JAGDWE01	79.9	0.38	1223172	1321
GCA_029855925.1	29	Asgardarchaeota	Thorarchaeia	Thorarchaeales	Thorarchaeaceae	B65-G9	74.67	1.59	2216752	2426
GCF_002498065.1	29	Halobacteriota	Methanomicrobia	Methanomicrobiales	Methanoculleaceae	Methanoculleus	95.77	0.54	2408700	2492
GCA_025920435.1	29	Nanobdellota	Nanobdellia	Parvarchaeales	Parvarchaeaceae	Rehaiarchaeum	77.73	0.74	547402	634
GCA_039683275.1	29	Halobacteriota	Methanomicrobia	Methanomicrobiales	Methanospirillaceae	JBDKRP01	98.36	0.52	2615650	2728
GCA_039630105.1	29	Thermoproteota	Thermoprotei_A	Sulfolobales	Acidilobaceae	DSZV01	90.02	0.71	1107738	1264
GCA_041639855.1	29	Halobacteriota	Halobacteria	Halobacteriales	Halobacteriaceae	JBEQBK01	82.64	2.01	2347813	2636
GCA_029987395.1	29	Halobacteriota	Methanomicrobia	Methanomicrobiales	Methanocorpusculaceae	Methanocorpusculum	83.35	1.79	1437739	1519
GCA_027083045.1	29	Thermoproteota	Thermoprotei_A	Sulfolobales	Desulfurococcaceae	JAADCY01	93.38	0.16	1397410	1635
GCA_937899865.1	29	Thermoplasmatota	Poseidoniia	Poseidoniales	Poseidoniaceae	MGIIa-L1	91.06	0.18	2012928	1696
GCA_035945215.1	29	Thermoplasmatota	Thermoplasmata	UBA184	UBA184	UBA184	92.49	0.65	1960122	1785
GCA_035515635.1	29	Thermoproteota	Nitrososphaeria	Nitrososphaerales	UBA183	BOG-1369	82.42	2.55	1750397	1926
GCA_000565255.1	29	Thermoproteota	Thermoprotei_A	Sulfolobales	Sulfolobaceae	Aramenus	99.87	0.17	1798894	2036
GCF_000969965.1	29	Halobacteriota	Methanosarcinia	Methanosarcinales	Methanosarcinaceae	Methanosarcina	99.98	0.55	4137337	3668
GCA_038824715.1	29	Micrarchaeota	Micrarchaeia	Anstonellales	Anstonellaceae	JAWBPP01	69.61	0.41	991143	1091
GCA_021829835.1	29	Micrarchaeota	Micrarchaeia	Micrarchaeales	CABMGC01	JAJZIZ01	89.1	3.04	992079	1060
GCA_004375695.1	29	Hadarchaeota	Hadarchaeia	Hadarchaeales	Hadarchaeaceae	DG-33	66.62	0.63	629636	735
GCA_020348365.1	29	Thermoproteota	Bathyarchaeia	Bathyarchaeales	Bathyarchaeaceae	GCA-020348365	63.27	0.6	1089842	1183
GCF_003336245.1	29	Halobacteriota	Halobacteria	Halobacteriales	Haloferacaceae	Haloplanus	99.93	0.93	3549098	3620
GCA_002792115.1	29	Nanobdellota	Nanobdellia	Woesearchaeales	GW2011-AR9	GCA-002792115	92.04	0.57	1329853	1468
GCA_034399495.1	29	Thermoplasmatota	Poseidoniia	Poseidoniales	Thalassarchaeaceae	MGIIb-Q1	87.58	1.74	1687976	1572
GCA_016919565.1	29	Thermoplasmatota	Thermoplasmata	Methanomassiliicoccales	UBA472	FEN-33	63.24	0.93	1057695	1245
GCA_016198625.1	29	Aenigmatarchaeota	Aenigmatarchaeia	GW2011-AR5	GW2011-AR5	JACPJW01	56.43	0.01	508462	649
GCA_016185845.1	29	Nanobdellota	Nanobdellia	Woesearchaeales	GW2011-AR4	GCA-2688775	81.39	2.32	1109686	1362
GCA_018830685.1	29	Nanobdellota	Nanobdellia	Pacearchaeales	GW2011-AR1	ASMP01	90.86	2.67	693982	948
GCA_027460585.1	29	Halobacteriota	Methanosarcinia	Methanosarcinales	Methanoperedenaceae	Methanoperedens	84.12	4.08	2473677	2830
GCA_039091285.1	29	Aenigmatarchaeota	Aenigmatarchaeia	CG10238-14	SCSR01	JAVZHQ01	80.47	4.92	613189	808
GCF_018141185.1	29	Methanobacteriota	Methanobacteria	Methanobacteriales	Methanobacteriaceae	Methanobacterium_F	99.92	0.03	2187077	2157
GCF_035968265.1	29	Thermoproteota	Nitrososphaeria	Nitrososphaerales	Nitrosopumilaceae	Nitrosarchaeum	99.82	0.0	1525366	1831
GCA_041479325.1	29	Thermoplasmatota	Thermoplasmata	UBA10834	UBA10834	COMBO-56-21	73.48	3.35	1702928	1814
GCA_016198725.1	29	Nanobdellota	Nanobdellia	Woesearchaeales	ARS49	JACQIC01	91.84	1.03	1069699	1301
GCA_008080765.1	29	Asgardarchaeota	Lokiarchaeia	Sigynarchaeales	SOKP01	TEKIR-8	72.96	2.78	3921599	3544
GCA_003649845.1	30	Thermoplasmatota	E2	DHVEG-1	DHVEG-1	B44-G15	84.42	0.6	1724974	1712
GCA_018304385.1	30	Micrarchaeota	Micrarchaeia	Anstonellales	Bilamarchaeaceae	JAGVWJ01	89.4	0.88	1527277	1710
GCF_005576615.1	30	Halobacteriota	Halobacteria	Halobacteriales	Natrialbaceae	Natrinema	99.97	2.24	4674473	4680
GCA_030055525.1	30	Halobacteriota	Archaeoglobi	Archaeoglobales	Archaeoglobaceae	WYZ-LMO2	98.49	0.0	1561888	1773
GCA_009786255.1	30	Thermoproteota	Bathyarchaeia	Bathyarchaeales	Bathycorpusculaceae	Bathycorpusculum	96.36	1.18	1994150	1899
GCA_021802055.1	30	Thermoplasmatota	Thermoplasmata	Thermoplasmatales	Thermoplasmataceae	JAKAFX01	96.0	0.03	1483788	1487
GCF_016706325.1	30	Halobacteriota	Methanosarcinia	Methanotrichales	Methanotrichaceae	Methanothrix	95.63	1.44	2501102	2540
GCF_000246985.2	30	Methanobacteriota_B	Thermococci	Thermococcales	Thermococcaceae	Thermococcus_A	99.88	0.51	2215172	2497
GCA_001563305.1	30	Thermoplasmatota	Thermoplasmata	Methanomassiliicoccales	Methanomethylophilaceae	Methanoprimaticola	98.37	0.46	1593503	1544
GCA_035706205.1	30	Thermoproteota	Nitrososphaeria	Nitrososphaerales	Nitrososphaeraceae	TH1177	97.15	0.5	2263587	2522
GCA_021161765.1	30	Halobacteriota	Syntropharchaeia	Alkanophagales	Methanospirareceae	QEXZ01	85.79	0.23	1772120	2230
GCA_041554835.1	30	Halobacteriota	Methanomicrobia	Methanomicrobiales	Methanomicrobiaceae	Methanovulcanius	80.49	3.18	1737058	2074
GCA_021801905.1	30	Micrarchaeota	Micrarchaeia	Micrarchaeales	Micrarchaeaceae	JAJZAB01	91.5	0.08	643104	711
GCF_004799665.1	30	Halobacteriota	Halobacteria	Halobacteriales	Haloarculaceae	Halapricum	99.98	1.1	3452056	3452
GCA_036393695.1	30	Thermoplasmatota	Thermoplasmata	RBG-16-68-12	RBG-16-68-12	RBG-16-68-12	70.24	3.12	1928149	2191
GCA_938073905.1	30	Thermoproteota	Thermoprotei_A	Sulfolobales	NBVN01	DRZP01	79.27	0.59	1295592	1326
GCA_029856425.1	30	Asgardarchaeota	Thorarchaeia	Thorarchaeales	Thorarchaeaceae	SMTZ1-83	74.51	2.61	2287129	2544
GCF_002506585.1	30	Halobacteriota	Methanomicrobia	Methanomicrobiales	Methanoculleaceae	Methanoculleus	95.62	1.04	2721090	2677
GCA_023380435.1	30	Nanobdellota	Nanobdellia	Parvarchaeales	Parvarchaeaceae	JAMCRB01	75.69	0.59	464951	560
GCA_002839605.1	30	Halobacteriota	Methanomicrobia	Methanomicrobiales	Methanospirillaceae	Methanoregula	98.29	0.28	2591348	2611
GCA_038897215.1	30	Thermoproteota	Thermoprotei_A	Sulfolobales	Acidilobaceae	JAWAWX01	89.68	0.17	1159524	1225
GCA_964229715.1	30	Halobacteriota	Halobacteria	Halobacteriales	Halobacteriaceae	Halobacterium	81.63	0.26	2267256	2584
GCA_029987235.1	30	Halobacteriota	Methanomicrobia	Methanomicrobiales	Methanocorpusculaceae	Methanocorpusculum	81.11	0.21	1619834	1637
GCA_030550615.1	30	Thermoproteota	Thermoprotei_A	Sulfolobales	Desulfurococcaceae	UBA285	92.66	0.45	1294746	1372
GCA_002718195.1	30	Thermoplasmatota	Poseidoniia	Poseidoniales	Poseidoniaceae	MGIIa-L4	90.94	1.29	2026952	1674
GCA_035656255.1	30	Thermoplasmatota	Thermoplasmata	UBA184	UBA184	UBA184	92.2	0.44	2307135	2189
GCA_035300255.1	30	Thermoproteota	Nitrososphaeria	Nitrososphaerales	UBA183	UBA183	80.52	1.0	1122299	1359
GCF_012222305.1	30	Thermoproteota	Thermoprotei_A	Sulfolobales	Sulfolobaceae	Sulfurisphaera	99.86	0.5	2789526	3000
GCF_017873415.1	30	Halobacteriota	Methanosarcinia	Methanosarcinales	Methanosarcinaceae	Methanolobus	99.98	2.48	3122090	2877
GCA_023248455.1	30	Micrarchaeota	Micrarchaeia	Anstonellales	Anstonellaceae	UBA10161	55.11	0.22	927006	1137
GCA_038882355.1	30	Micrarchaeota	Micrarchaeia	Micrarchaeales	CABMGC01	JAVZOJ01	88.67	0.2	549520	612
GCA_030615805.1	30	Hadarchaeota	Hadarchaeia	Hadarchaeales	Hadarchaeaceae	DG-33	56.3	0.85	849856	1063
GCA_020344435.1	30	Thermoproteota	Bathyarchaeia	Bathyarchaeales	Bathyarchaeaceae	GCA-020348365	62.58	1.3	1179610	1261
GCF_900102375.1	30	Halobacteriota	Halobacteria	Halobacteriales	Haloferacaceae	Halorubrum	99.93	0.71	3261379	3139
GCA_035289845.1	30	Nanobdellota	Nanobdellia	Woesearchaeales	GW2011-AR9	DATDWB01	91.87	0.06	1068216	1153
GCA_964016345.1	30	Thermoplasmatota	Poseidoniia	Poseidoniales	Thalassarchaeaceae	MGIIb-O5	87.55	0.38	1414413	1398
GCA_016180235.1	30	Nanobdellota	Nanobdellia	Woesearchaeales	GW2011-AR4	JACPDF01	80.75	0.92	1040680	1115
GCA_035282925.1	30	Nanobdellota	Nanobdellia	Pacearchaeales	GW2011-AR1	ASMP01	90.86	0.42	514302	654
GCA_027460605.1	30	Halobacteriota	Methanosarcinia	Methanosarcinales	Methanoperedenaceae	Methanoperedens	84.09	3.85	2132525	2708
GCA_035288545.1	30	Aenigmatarchaeota	Aenigmatarchaeia	CG10238-14	SCSR01	DATEAB01	79.15	0.36	589082	763
GCA_015062805.1	30	Methanobacteriota	Methanobacteria	Methanobacteriales	Methanobacteriaceae	Methanosphaera	99.92	0.75	2116421	1939
GCA_900065925.1	30	Thermoproteota	Nitrososphaeria	Nitrososphaerales	Nitrosopumilaceae	Nitrosotalea	99.81	0.07	1805304	2074
GCA_020347645.1	30	Thermoplasmatota	Thermoplasmata	UBA10834	UBA10834	UBA10834	65.01	1.23	1420075	1353
GCA_019323255.1	30	Nanobdellota	Nanobdellia	Woesearchaeales	ARS49	JAHWHO01	91.75	2.17	928878	1155
GCA_019894815.1	30	Asgardarchaeota	Lokiarchaeia	Sigynarchaeales	SOKP01	SOKP01	72.09	1.2	2134786	2328
GCA_030612095.1	31	Thermoplasmatota	E2	DHVEG-1	DHVEG-1	JAUWWG01	84.26	1.2	1516152	1652
GCA_041694845.1	31	Micrarchaeota	Micrarchaeia	Anstonellales	Bilamarchaeaceae	JBGFRY01	89.25	0.1	829638	830
GCF_030068615.1	31	Halobacteriota	Halobacteria	Halobacteriales	Natrialbaceae	Halostagnicola	99.97	1.92	4679536	4640
GCA_038882935.1	31	Halobacteriota	Archaeoglobi	Archaeoglobales	Archaeoglobaceae	WYZ-LMO2	98.41	0.0	1512977	1717
GCA_019685555.1	31	Thermoproteota	Bathyarchaeia	Bathyarchaeales	Bathycorpusculaceae	JABFQN01	96.14	2.78	1463776	1612
GCA_031961165.1	31	Thermoplasmatota	Thermoplasmata	Thermoplasmatales	Thermoplasmataceae	JAVRLS01	95.92	0.21	1436838	1471
GCA_030611205.1	31	Halobacteriota	Methanosarcinia	Methanotrichales	Methanotrichaceae	UBA204	95.17	1.34	2187374	2293
GCF_012027615.1	31	Methanobacteriota_B	Thermococci	Thermococcales	Thermococcaceae	Thermococcus	99.88	0.36	2374878	2549
GCA_002498365.1	31	Thermoplasmatota	Thermoplasmata	Methanomassiliicoccales	Methanomethylophilaceae	VadinCA11	98.16	0.33	1322631	1380
GCA_035253345.1	31	Thermoproteota	Nitrososphaeria	Nitrososphaerales	Nitrososphaeraceae	TH1177	97.13	2.32	3289047	3731
GCA_029932715.1	31	Halobacteriota	Syntropharchaeia	Alkanophagales	Methanospirareceae	QENJ01	85.69	0.02	1321861	1495
GCA_030628325.1	31	Halobacteriota	Methanomicrobia	Methanomicrobiales	Methanomicrobiaceae	DAOVRB01	76.88	1.45	1614960	1873
GCA_028866905.1	31	Micrarchaeota	Micrarchaeia	Micrarchaeales	Micrarchaeaceae	JAGWHI01	90.38	0.0	885590	997
GCF_010119205.1	31	Halobacteriota	Halobacteria	Halobacteriales	Haloarculaceae	Haloarcula	99.98	2.64	3906684	3898
GCA_005878415.1	31	Thermoplasmatota	Thermoplasmata	RBG-16-68-12	RBG-16-68-12	RBG-16-68-12	69.8	1.46	1743368	2064
GCA_015523295.1	31	Thermoproteota	Thermoprotei_A	Sulfolobales	NBVN01	S013-73	77.25	0.09	932587	1014
GCA_011364985.1	31	Asgardarchaeota	Thorarchaeia	Thorarchaeales	Thorarchaeaceae	SMTZ1-83	74.4	1.6	1699248	1733
GCF_020696975.1	31	Halobacteriota	Methanomicrobia	Methanomicrobiales	Methanoculleaceae	Methanoculleus	95.47	0.7	2287273	2324
GCA_015121965.1	31	Nanobdellota	Nanobdellia	Parvarchaeales	Parvarchaeaceae	Acidifodinimicrobium	74.27	0.77	481090	544
GCF_002067035.1	31	Halobacteriota	Methanomicrobia	Methanomicrobiales	Methanospirillaceae	Methanoregula	98.26	0.6	2904573	2916
GCA_015523485.1	31	Thermoproteota	Thermoprotei_A	Sulfolobales	Acidilobaceae	Thermodiscus	87.99	1.28	1303008	1488
GCA_034520565.1	31	Halobacteriota	Halobacteria	Halobacteriales	Halobacteriaceae	Halodesulfurarchaeum	80.68	0.33	1861655	1949
GCA_029987245.1	31	Halobacteriota	Methanomicrobia	Methanomicrobiales	Methanocorpusculaceae	Methanocorpusculum	80.26	0.54	1613660	1622
GCA_038816475.1	31	Thermoproteota	Thermoprotei_A	Sulfolobales	Desulfurococcaceae	UBA285	92.03	0.16	1153660	1211
GCA_038148515.1	31	Thermoplasmatota	Poseidoniia	Poseidoniales	Poseidoniaceae	Poseidonia	90.94	0.14	1967264	1633
GCA_038729445.1	31	Thermoplasmatota	Thermoplasmata	UBA184	UBA184	UBA184	92.09	0.11	1314747	1314
GCA_005877185.1	31	Thermoproteota	Nitrososphaeria	Nitrososphaerales	UBA183	TA-13	79.69	2.94	1861687	2294
GCF_009729055.1	31	Thermoproteota	Thermoprotei_A	Sulfolobales	Sulfolobaceae	Sulfurisphaera	99.85	0.73	2803915	3047
GCF_900100715.1	31	Halobacteriota	Methanosarcinia	Methanosarcinales	Methanosarcinaceae	Methanolobus	99.98	0.38	2947907	2825
GCA_021812185.1	31	Micrarchaeota	Micrarchaeia	Micrarchaeales	CABMGC01	JAKAON01	88.51	2.72	921122	1045
GCF_002025255.2	31	Halobacteriota	Halobacteria	Halobacteriales	Haloferacaceae	Halolamina	99.92	0.51	3465332	3581
GCA_035289745.1	31	Nanobdellota	Nanobdellia	Woesearchaeales	GW2011-AR9	JAUYQE01	91.19	0.71	1024166	1266
GCA_002497025.1	31	Thermoplasmatota	Poseidoniia	Poseidoniales	Thalassarchaeaceae	MGIIb-O1	87.54	0.37	1447310	1332
GCA_002686855.1	31	Nanobdellota	Nanobdellia	Woesearchaeales	GW2011-AR4	GCA-2686855	79.33	0.72	1259110	1319
GCA_018303855.1	31	Nanobdellota	Nanobdellia	Pacearchaeales	GW2011-AR1	JAGVXI01	90.82	0.37	860336	1055
GCA_033854095.1	31	Halobacteriota	Methanosarcinia	Methanosarcinales	Methanoperedenaceae	Methanoperedens	81.61	3.25	2823593	3406
GCA_026397385.1	31	Aenigmatarchaeota	Aenigmatarchaeia	CG10238-14	SCSR01	JAPLUY01	77.75	0.15	675190	836
GCF_000016525.1	31	Methanobacteriota	Methanobacteria	Methanobacteriales	Methanobacteriaceae	Methanocatella	99.91	0.15	1853160	1782
GCF_900177045.1	31	Thermoproteota	Nitrososphaeria	Nitrososphaerales	Nitrosopumilaceae	Nitrosotalea	99.78	0.29	1972585	2330
GCA_041550275.1	31	Thermoplasmatota	Thermoplasmata	UBA10834	UBA10834	UBA10834	60.5	0.69	1269334	1277
GCA_035476335.1	31	Nanobdellota	Nanobdellia	Woesearchaeales	ARS49	DSQK01	90.88	1.46	872704	1094
GCA_029856295.1	31	Asgardarchaeota	Lokiarchaeia	Sigynarchaeales	SOKP01	LW40-45	71.95	4.39	3242624	3168
GCA_036625995.1	32	Thermoplasmatota	E2	DHVEG-1	DHVEG-1	JAZKSG01	84.25	0.12	1536976	1690
GCA_035289085.1	32	Micrarchaeota	Micrarchaeia	Anstonellales	Bilamarchaeaceae	DATDYG01	88.78	1.31	1033267	1259
GCF_037081675.1	32	Halobacteriota	Halobacteria	Halobacteriales	Natrialbaceae	Halorubellus	99.97	2.84	4591785	4382
GCA_038893835.1	32	Halobacteriota	Archaeoglobi	Archaeoglobales	Archaeoglobaceae	WYZ-LMO2	97.39	0.0	1169739	1365
GCA_937873375.1	32	Thermoproteota	Bathyarchaeia	Bathyarchaeales	Bathycorpusculaceae	JADGNF01	95.98	0.49	1996755	2207
GCA_021797355.1	32	Thermoplasmatota	Thermoplasmata	Thermoplasmatales	Thermoplasmataceae	UBA509	95.57	1.33	1736203	1837
GCA_035527135.1	32	Halobacteriota	Methanosarcinia	Methanotrichales	Methanotrichaceae	Methanothrix	94.88	0.51	2624907	2737
GCF_000517445.1	32	Methanobacteriota_B	Thermococci	Thermococcales	Thermococcaceae	Thermococcus_B	99.87	0.29	1957742	2136
GCA_017524805.1	32	Thermoplasmatota	Thermoplasmata	Methanomassiliicoccales	Methanomethylophilaceae	Methanoprimaticola	98.04	1.54	1950639	1846
GCA_035297365.1	32	Thermoproteota	Nitrososphaeria	Nitrososphaerales	Nitrososphaeraceae	TH1177	97.1	0.46	2522110	2701
GCA_023659785.1	32	Halobacteriota	Syntropharchaeia	Alkanophagales	Methanospirareceae	JAGXOR01	85.55	0.37	1538545	1853
GCA_017553245.1	32	Halobacteriota	Methanomicrobia	Methanomicrobiales	Methanomicrobiaceae	Methanomicrobium	74.01	0.0	1392935	1488
GCA_021800515.1	32	Micrarchaeota	Micrarchaeia	Micrarchaeales	Micrarchaeaceae	JAJZMY01	90.33	0.06	803045	834
GCF_024298905.1	32	Halobacteriota	Halobacteria	Halobacteriales	Haloarculaceae	Natronomonas	99.98	4.33	3993555	4102
GCA_005879045.1	32	Thermoplasmatota	Thermoplasmata	RBG-16-68-12	RBG-16-68-12	RBG-16-68-12	68.64	0.47	1695803	2042
GCA_021158735.1	32	Thermoproteota	Thermoprotei_A	Sulfolobales	NBVN01	B83-G16	76.72	0.54	1247227	1545
GCA_013138615.1	32	Asgardarchaeota	Thorarchaeia	Thorarchaeales	Thorarchaeaceae	WTCK01	67.32	2.46	1469369	1697
GCF_002501655.1	32	Halobacteriota	Methanomicrobia	Methanomicrobiales	Methanoculleaceae	Methanoculleus	94.48	3.66	2669922	2568
GCA_002412065.1	32	Nanobdellota	Nanobdellia	Parvarchaeales	Parvarchaeaceae	Parvarchaeum	72.69	0.98	791488	936
GCA_002499905.1	32	Halobacteriota	Methanomicrobia	Methanomicrobiales	Methanospirillaceae	UBA9949	98.25	0.1	1954868	2065
GCA_028276165.1	32	Thermoproteota	Thermoprotei_A	Sulfolobales	Acidilobaceae	DSZV01	87.44	0.44	1712867	1946
GCA_029986255.1	32	Halobacteriota	Methanomicrobia	Methanomicrobiales	Methanocorpusculaceae	Methanocorpusculum	80.21	0.03	1007770	998
GCA_025059075.1	32	Thermoproteota	Thermoprotei_A	Sulfolobales	Desulfurococcaceae	JANXDZ01	91.85	0.1	1338613	1371
GCA_018659375.1	32	Thermoplasmatota	Poseidoniia	Poseidoniales	Poseidoniaceae	MGIIa-L1	90.56	0.6	1899029	1644
GCA_021796385.1	32	Thermoplasmatota	Thermoplasmata	UBA184	UBA184	JAJYEA01	91.91	1.27	2282842	2019
GCA_030039795.1	32	Thermoproteota	Nitrososphaeria	Nitrososphaerales	UBA183	UBA183	79.1	0.31	1287344	1465
GCF_000632495.1	32	Thermoproteota	Thermoprotei_A	Sulfolobales	Sulfolobaceae	Acidianus	99.83	0.96	2454023	2555
GCF_000970205.1	32	Halobacteriota	Methanosarcinia	Methanosarcinales	Methanosarcinaceae	Methanosarcina	99.97	2.02	4142816	3558
GCA_028866835.1	32	Micrarchaeota	Micrarchaeia	Micrarchaeales	CABMGC01	JAGWHJ01	88.25	0.55	1088850	1183
GCF_020567425.1	32	Halobacteriota	Halobacteria	Halobacteriales	Haloferacaceae	Salinirubrum	99.92	0.94	4055248	3945
GCA_023265685.1	32	Nanobdellota	Nanobdellia	Woesearchaeales	GW2011-AR9	JACPIK01	90.56	0.51	1283602	1404
GCA_016777225.1	32	Thermoplasmatota	Poseidoniia	Poseidoniales	Thalassarchaeaceae	MGIIb-O2	87.26	0.3	1481671	1295
GCA_038046185.1	32	Nanobdellota	Nanobdellia	Woesearchaeales	GW2011-AR4	GCA-2688775	78.56	2.27	1438295	1725
GCA_020053375.1	32	Nanobdellota	Nanobdellia	Pacearchaeales	GW2011-AR1	JAGVNG01	90.76	2.56	679461	917
GCA_028679855.1	32	Halobacteriota	Methanosarcinia	Methanosarcinales	Methanoperedenaceae	Methanoperedens	77.37	1.08	1681254	2071
GCA_035289185.1	32	Aenigmatarchaeota	Aenigmatarchaeia	CG10238-14	SCSR01	DATDXT01	77.3	2.23	705940	939
GCA_015062825.1	32	Methanobacteriota	Methanobacteria	Methanobacteriales	Methanobacteriaceae	Methanosphaera	99.9	1.72	2613818	2248
GCF_013407185.1	32	Thermoproteota	Nitrososphaeria	Nitrososphaerales	Nitrosopumilaceae	Nitrosopumilus	99.76	0.84	2171418	2638
GCA_011391345.1	32	Thermoplasmatota	Thermoplasmata	UBA10834	UBA10834	UBA9653	55.36	1.0	1081400	1233
GCA_018303245.1	32	Nanobdellota	Nanobdellia	Woesearchaeales	ARS49	JAGVYM01	90.6	2.79	949821	1229
GCA_004524725.1	32	Asgardarchaeota	Lokiarchaeia	Sigynarchaeales	SOKP01	SOKP01	70.58	3.42	2406751	2460
GCA_020341795.1	33	Thermoplasmatota	E2	DHVEG-1	DHVEG-1	M9B1D	83.9	0.36	1789298	1712
GCA_903835385.1	33	Micrarchaeota	Micrarchaeia	Anstonellales	Bilamarchaeaceae	CAILMQ01	88.78	3.67	1287952	1343
GCF_900112205.1	33	Halobacteriota	Halobacteria	Halobacteriales	Natrialbaceae	Halobiforma	99.97	2.45	4495442	4342
GCA_003662995.1	33	Halobacteriota	Archaeoglobi	Archaeoglobales	Archaeoglobaceae	B5-G16	97.14	3.17	2609224	3361
GCA_003141855.1	33	Thermoproteota	Bathyarchaeia	Bathyarchaeales	Bathycorpusculaceae	Bathycorpusculum	95.97	3.05	2394173	2677
GCA_023484105.1	33	Thermoplasmatota	Thermoplasmata	Thermoplasmatales	Thermoplasmataceae	JACWAH01	94.85	0.02	1292389	1306
GCA_040770465.1	33	Halobacteriota	Methanosarcinia	Methanotrichales	Methanotrichaceae	Methanocrinis	94.85	3.44	2539985	2480
GCF_000725425.1	33	Methanobacteriota_B	Thermococci	Thermococcales	Thermococcaceae	Palaeococcus	99.87	0.22	1859370	1991
GCA_031267895.1	33	Thermoplasmatota	Thermoplasmata	Methanomassiliicoccales	Methanomethylophilaceae	Methanoplasma	97.85	0.29	1717415	1717
GCA_036521355.1	33	Thermoproteota	Nitrososphaeria	Nitrososphaerales	Nitrososphaeraceae	Nitrosocosmicus	97.09	0.36	3238216	3575
GCA_030612405.1	33	Halobacteriota	Syntropharchaeia	Alkanophagales	Methanospirareceae	QEXZ01	85.49	3.95	2230623	2585
GCF_001315945.1	33	Halobacteriota	Methanomicrobia	Methanomicrobiales	Methanomicrobiaceae	Methanogenium	59.42	2.2	2686643	4256
GCA_027310755.1	33	Micrarchaeota	Micrarchaeia	Micrarchaeales	Micrarchaeaceae	JAJZYD01	90.03	1.09	869511	1001
GCA_004015825.1	33	Halobacteriota	Halobacteria	Halobacteriales	Haloarculaceae	Halovenus	99.98	1.89	3757505	3764
GCA_035280105.1	33	Thermoplasmatota	Thermoplasmata	RBG-16-68-12	RBG-16-68-12	RBG-16-68-12	67.7	2.16	1243517	1515
GCA_021163585.1	33	Thermoproteota	Thermoprotei_A	Sulfolobales	NBVN01	B83-G16	70.21	0.94	974973	1141
GCA_030638785.1	33	Asgardarchaeota	Thorarchaeia	Thorarchaeales	Thorarchaeaceae	MP5-2226	60.85	2.17	2360292	2508
GCA_016841385.1	33	Halobacteriota	Methanomicrobia	Methanomicrobiales	Methanoculleaceae	Methanoculleus	93.86	0.46	2168266	2360
GCA_023488405.1	33	Nanobdellota	Nanobdellia	Parvarchaeales	Parvarchaeaceae	Parvarchaeum	71.44	1.85	419610	549
GCA_026394715.1	33	Halobacteriota	Methanomicrobia	Methanomicrobiales	Methanospirillaceae	CAIKOD01	98.18	0.89	3250097	3587
GCA_937921695.1	33	Thermoproteota	Thermoprotei_A	Sulfolobales	Acidilobaceae	DSZV01	86.62	0.18	1388831	1411
GCA_018883755.1	33	Halobacteriota	Methanomicrobia	Methanomicrobiales	Methanocorpusculaceae	Methanocorpusculum	79.88	0.03	1251241	1354
GCA_038889555.1	33	Thermoproteota	Thermoprotei_A	Sulfolobales	Desulfurococcaceae	UBA285	89.5	1.6	1349473	1489
GCA_023254445.1	33	Thermoplasmatota	Poseidoniia	Poseidoniales	Poseidoniaceae	MGIIa-L3	90.52	0.54	1765540	1766
GCA_030038095.1	33	Thermoplasmatota	Thermoplasmata	UBA184	UBA184	UBA184	91.91	0.79	1841544	1760
GCA_029785195.1	33	Thermoproteota	Nitrososphaeria	Nitrososphaerales	UBA183	UBA183	78.19	4.49	1615510	1846
GCA_032834875.1	33	Thermoproteota	Thermoprotei_A	Sulfolobales	Sulfolobaceae	Sulfuracidifex	99.57	0.11	2191724	2382
GCF_001889405.1	33	Halobacteriota	Methanosarcinia	Methanosarcinales	Methanosarcinaceae	Methanohalophilus	99.97	0.1	2022959	2038
GCA_021848025.1	33	Micrarchaeota	Micrarchaeia	Micrarchaeales	CABMGC01	JAJZND01	88.21	1.65	1047449	1077
GCF_041821145.1	33	Halobacteriota	Halobacteria	Halobacteriales	Haloferacaceae	Halopenitus	99.92	2.13	3235069	3242
GCA_030647325.1	33	Nanobdellota	Nanobdellia	Woesearchaeales	GW2011-AR9	JACPIL01	90.43	0.24	957998	1144
GCA_002170775.2	33	Thermoplasmatota	Poseidoniia	Poseidoniales	Thalassarchaeaceae	MGIIb-N1	87.09	2.77	1443717	1243
GCA_016185915.1	33	Nanobdellota	Nanobdellia	Woesearchaeales	GW2011-AR4	GCA-2688775	78.37	2.07	1136675	1449
GCA_018303925.1	33	Nanobdellota	Nanobdellia	Pacearchaeales	GW2011-AR1	GW2011-AR1	90.69	0.17	636194	792
GCA_902386115.1	33	Halobacteriota	Methanosarcinia	Methanosarcinales	Methanoperedenaceae	Methanoperedens	74.26	4.22	2195305	2582
GCA_938017915.1	33	Aenigmatarchaeota	Aenigmatarchaeia	CG10238-14	SCSR01	CALIKW01	76.93	0.03	579230	784
GCF_003491305.1	33	Methanobacteriota	Methanobacteria	Methanobacteriales	Methanobacteriaceae	Methanobacterium	99.89	0.18	2417388	2372
GCF_013407165.1	33	Thermoproteota	Nitrososphaeria	Nitrososphaerales	Nitrosopumilaceae	Nitrosopumilus	99.75	0.1	1585110	1890
GCA_014729195.1	33	Nanobdellota	Nanobdellia	Woesearchaeales	ARS49	WJKI01	90.56	0.98	805889	974
GCA_029856375.1	33	Asgardarchaeota	Lokiarchaeia	Sigynarchaeales	SOKP01	6H3-1	69.3	1.52	2538511	2772
GCA_022866015.1	34	Thermoplasmatota	E2	DHVEG-1	DHVEG-1	M9B1D	83.9	2.25	2187124	2621
GCA_014727975.1	34	Micrarchaeota	Micrarchaeia	Anstonellales	Bilamarchaeaceae	CAIKOA01	88.41	1.01	1071355	1164
GCF_017357105.1	34	Halobacteriota	Halobacteria	Halobacteriales	Natrialbaceae	Natronosalvus	99.96	1.15	4235112	4112
GCF_017656475.1	34	Halobacteriota	Archaeoglobi	Archaeoglobales	Archaeoglobaceae	Archaeoglobus	96.5	0.05	2039628	2381
GCA_013388895.1	34	Thermoproteota	Bathyarchaeia	Bathyarchaeales	Bathycorpusculaceae	JACAEI01	95.81	2.16	1577876	1827
GCA_038024865.1	34	Thermoplasmatota	Thermoplasmata	Thermoplasmatales	Thermoplasmataceae	JAJZOT01	94.74	0.15	1676007	1683
GCF_029167045.1	34	Halobacteriota	Methanosarcinia	Methanotrichales	Methanotrichaceae	Methanocrinis	94.5	0.61	2412901	2387
GCF_002214545.1	34	Methanobacteriota_B	Thermococci	Thermococcales	Thermococcaceae	Thermococcus	99.86	0.06	2065932	2310
GCA_963651945.1	34	Thermoplasmatota	Thermoplasmata	Methanomassiliicoccales	Methanomethylophilaceae	Methanarcanum	97.66	0.47	1583642	1565
GCA_035252175.1	34	Thermoproteota	Nitrososphaeria	Nitrososphaerales	Nitrososphaeraceae	JAFAQB01	97.08	2.8	3480943	4279
GCA_030668065.1	34	Halobacteriota	Syntropharchaeia	Alkanophagales	Methanospirareceae	QENJ01	84.99	0.86	1792527	2222
GCA_021789815.1	34	Micrarchaeota	Micrarchaeia	Micrarchaeales	Micrarchaeaceae	JAJZAB01	89.96	0.92	678604	773
GCF_000336895.1	34	Halobacteriota	Halobacteria	Halobacteriales	Haloarculaceae	Haloarcula	99.97	0.22	4147107	4272
GCA_005879015.1	34	Thermoplasmatota	Thermoplasmata	RBG-16-68-12	RBG-16-68-12	RBG-16-68-12	65.84	2.13	1577932	1862
GCA_021160415.1	34	Thermoproteota	Thermoprotei_A	Sulfolobales	NBVN01	S013-73	69.75	2.67	1008438	1234
GCA_023134215.1	34	Asgardarchaeota	Thorarchaeia	Thorarchaeales	Thorarchaeaceae	WTCK01	52.74	0.29	635021	772
GCA_036794525.1	34	Halobacteriota	Methanomicrobia	Methanomicrobiales	Methanoculleaceae	Methanoculleus	91.95	2.5	2403876	2556
GCA_021851145.1	34	Nanobdellota	Nanobdellia	Parvarchaeales	Parvarchaeaceae	Parvarchaeum	63.48	1.02	587757	698
GCA_041305745.1	34	Halobacteriota	Methanomicrobia	Methanomicrobiales	Methanospirillaceae	UBA467	97.84	0.14	2655419	2809
GCA_027043945.1	34	Thermoproteota	Thermoprotei_A	Sulfolobales	Acidilobaceae	S143-63	86.51	0.85	1232414	1368
GCA_015063085.1	34	Halobacteriota	Methanomicrobia	Methanomicrobiales	Methanocorpusculaceae	Methanocorpusculum	79.77	0.51	1401745	1510
GCA_938045475.1	34	Thermoproteota	Thermoprotei_A	Sulfolobales	Desulfurococcaceae	JANXDZ01	88.98	0.12	1294962	1372
GCA_938075675.1	34	Thermoplasmatota	Poseidoniia	Poseidoniales	Poseidoniaceae	MGIIa-L1	90.42	0.07	1893439	1590
GCA_035502055.1	34	Thermoplasmatota	Thermoplasmata	UBA184	UBA184	UBA184	91.9	1.5	1830188	1830
GCA_027886905.1	34	Thermoproteota	Nitrososphaeria	Nitrososphaerales	UBA183	BOG-1369	76.63	0.17	1611815	1840
GCF_041154675.1	34	Thermoproteota	Thermoprotei_A	Sulfolobales	Sulfolobaceae	Sulfurisphaera	99.54	0.95	2569661	2790
GCF_023684405.1	34	Halobacteriota	Methanosarcinia	Methanosarcinales	Methanosarcinaceae	Methanococcoides	99.97	4.36	2803900	2837
GCA_027315135.1	34	Micrarchaeota	Micrarchaeia	Micrarchaeales	CABMGC01	JAKAUU01	88.12	0.81	806683	885
GCF_000336955.1	34	Halobacteriota	Halobacteria	Halobacteriales	Haloferacaceae	Haloferax	99.91	0.76	3697948	3714
GCA_035291085.1	34	Nanobdellota	Nanobdellia	Woesearchaeales	GW2011-AR9	JACPIL01	90.27	3.01	1297777	1532
GCA_002726275.1	34	Thermoplasmatota	Poseidoniia	Poseidoniales	Thalassarchaeaceae	MGIIb-O5	87.0	0.2	1237686	1073
GCA_016181305.1	34	Nanobdellota	Nanobdellia	Woesearchaeales	GW2011-AR4	GCA-2688775	78.07	0.25	1073004	1260
GCA_026414385.1	34	Nanobdellota	Nanobdellia	Pacearchaeales	GW2011-AR1	JAOAJC01	90.45	0.86	564625	653
GCA_027371625.1	34	Halobacteriota	Methanosarcinia	Methanosarcinales	Methanoperedenaceae	Methanoperedens	68.75	1.45	1914360	2613
GCA_039000415.1	34	Aenigmatarchaeota	Aenigmatarchaeia	CG10238-14	SCSR01	JAVZGQ01	73.81	4.29	1031849	1160
GCF_000191585.1	34	Methanobacteriota	Methanobacteria	Methanobacteriales	Methanobacteriaceae	Methanobacterium_B	99.88	0.22	2583753	2522
GCA_014075315.1	34	Thermoproteota	Nitrososphaeria	Nitrososphaerales	Nitrosopumilaceae	Nitrosopumilus	99.75	0.29	1922210	2341
GCA_026394935.1	34	Nanobdellota	Nanobdellia	Woesearchaeales	ARS49	CABMGU01	90.53	2.72	1031922	1366
GCA_004524385.1	34	Asgardarchaeota	Lokiarchaeia	Sigynarchaeales	SOKP01	SDNM01	64.81	1.05	1836571	1979
GCA_041304825.1	35	Thermoplasmatota	E2	DHVEG-1	DHVEG-1	SM1-50	83.87	0.79	1840159	1846
GCA_020052735.1	35	Micrarchaeota	Micrarchaeia	Anstonellales	Bilamarchaeaceae	CAIXOA01	88.4	0.99	1087522	1220
GCF_023913515.1	35	Halobacteriota	Halobacteria	Halobacteriales	Natrialbaceae	Natronococcus	99.96	1.83	4743419	4606
GCA_002010285.1	35	Halobacteriota	Archaeoglobi	Archaeoglobales	Archaeoglobaceae	JdFR-41	96.5	0.11	1752477	1865
GCA_009783705.1	35	Thermoproteota	Bathyarchaeia	Bathyarchaeales	Bathycorpusculaceae	Bathycorpusculum	95.78	1.95	2243011	2269
GCA_031625175.1	35	Thermoplasmatota	Thermoplasmata	Thermoplasmatales	Thermoplasmataceae	UBA447	93.29	0.29	1673858	1808
GCA_018052825.1	35	Halobacteriota	Methanosarcinia	Methanotrichales	Methanotrichaceae	Methanothrix	94.13	0.01	1815135	1869
GCF_026988555.1	35	Methanobacteriota_B	Thermococci	Thermococcales	Thermococcaceae	Thermococcus	99.84	2.57	1972058	2227
GCA_905187815.1	35	Thermoplasmatota	Thermoplasmata	Methanomassiliicoccales	Methanomethylophilaceae	Methanoprimaticola	97.54	0.38	1728642	1769
GCA_031177355.1	35	Thermoproteota	Nitrososphaeria	Nitrososphaerales	Nitrososphaeraceae	Nitrosocosmicus	96.99	0.97	2322072	2476
GCA_028572065.1	35	Halobacteriota	Syntropharchaeia	Alkanophagales	Methanospirareceae	QENJ01	83.37	0.32	2164249	2445
GCA_023473425.1	35	Micrarchaeota	Micrarchaeia	Micrarchaeales	Micrarchaeaceae	JAMCYG01	89.36	1.0	734731	787
GCF_001485575.1	35	Halobacteriota	Halobacteria	Halobacteriales	Haloarculaceae	Haloarcula	99.97	1.13	4359264	4486
GCA_013329855.1	35	Thermoplasmatota	Thermoplasmata	RBG-16-68-12	RBG-16-68-12	RBG-16-68-12	64.78	0.63	1709476	2035
GCA_003661745.1	35	Thermoproteota	Thermoprotei_A	Sulfolobales	NBVN01	B83-G16	59.72	0.77	1082282	1430
GCA_030446015.1	35	Halobacteriota	Methanomicrobia	Methanomicrobiales	Methanoculleaceae	Methanoculleus	90.47	1.17	2102627	2221
GCA_023380615.1	35	Nanobdellota	Nanobdellia	Parvarchaeales	Parvarchaeaceae	Parvarchaeum	59.59	0.31	645102	713
GCA_903828975.1	35	Halobacteriota	Methanomicrobia	Methanomicrobiales	Methanospirillaceae	CAIKOD01	97.82	2.29	2582402	2703
GCA_027081695.1	35	Thermoproteota	Thermoprotei_A	Sulfolobales	Acidilobaceae	S143-63	86.44	3.8	1322406	1521
GCA_017622255.1	35	Halobacteriota	Methanomicrobia	Methanomicrobiales	Methanocorpusculaceae	Methanocorpusculum	79.49	2.44	1501372	1825
GCA_021157925.1	35	Thermoproteota	Thermoprotei_A	Sulfolobales	Desulfurococcaceae	JAGHDU01	86.86	3.46	1578325	1831
GCA_938030705.1	35	Thermoplasmatota	Poseidoniia	Poseidoniales	Poseidoniaceae	Poseidonia	90.19	1.3	2016328	1746
GCA_002503985.1	35	Thermoplasmatota	Thermoplasmata	UBA184	UBA184	UBA184	91.77	1.87	1787899	1721
GCA_035516335.1	35	Thermoproteota	Nitrososphaeria	Nitrososphaerales	UBA183	DATJAJ01	75.55	1.48	1431179	1599
GCF_037389425.1	35	Thermoproteota	Thermoprotei_A	Sulfolobales	Sulfolobaceae	Stygiolobus	99.5	0.73	2332865	2729
GCF_028693135.1	35	Halobacteriota	Methanosarcinia	Methanosarcinales	Methanosarcinaceae	Methanosarcina	99.97	3.2	4220559	3533
GCA_021828295.1	35	Micrarchaeota	Micrarchaeia	Micrarchaeales	CABMGC01	JAJYVH01	88.11	1.61	768693	906
GCF_000337795.1	35	Halobacteriota	Halobacteria	Halobacteriales	Haloferacaceae	Haloferax	99.91	1.24	3825973	3809
GCA_018302605.1	35	Nanobdellota	Nanobdellia	Woesearchaeales	GW2011-AR9	JACOZP01	90.06	0.3	1156401	1320
GCA_002501605.1	35	Thermoplasmatota	Poseidoniia	Poseidoniales	Thalassarchaeaceae	MGIIb-O5	86.89	0.01	1287379	1135
GCA_018303645.1	35	Nanobdellota	Nanobdellia	Woesearchaeales	GW2011-AR4	GCA-2688775	77.71	0.96	1166480	1423
GCA_035548435.1	35	Nanobdellota	Nanobdellia	Pacearchaeales	GW2011-AR1	DAIEOU01	90.34	0.12	721417	887
GCA_013331375.1	35	Halobacteriota	Methanosarcinia	Methanosarcinales	Methanoperedenaceae	UBA10536	67.1	0.24	1648413	2182
GCA_016187405.1	35	Aenigmatarchaeota	Aenigmatarchaeia	CG10238-14	SCSR01	JACPJS01	73.05	0.23	440000	589
GCF_028890305.1	35	Methanobacteriota	Methanobacteria	Methanobacteriales	Methanobacteriaceae	Methanosphaera	99.88	0.23	1785773	1675
GCA_029864235.1	35	Thermoproteota	Nitrososphaeria	Nitrososphaerales	Nitrosopumilaceae	Nitrosarchaeum_A	99.73	0.68	1679948	2091
GCA_017609645.1	35	Nanobdellota	Nanobdellia	Woesearchaeales	ARS49	JAFCDQ01	90.1	0.02	1125044	1142
GCA_004524365.1	35	Asgardarchaeota	Lokiarchaeia	Sigynarchaeales	SOKP01	TEKIR-8	61.69	0.22	1894998	1831
GCA_003651045.1	36	Thermoplasmatota	E2	DHVEG-1	DHVEG-1	B24-G9	83.77	1.6	1398979	1500
GCA_014727925.1	36	Micrarchaeota	Micrarchaeia	Anstonellales	Bilamarchaeaceae	CAIKOA01	88.24	0.16	1008376	1083
GCF_029688845.1	36	Halobacteriota	Halobacteria	Halobacteriales	Natrialbaceae	Natronococcus	99.96	3.09	4504882	4547
GCA_002494725.1	36	Halobacteriota	Archaeoglobi	Archaeoglobales	Archaeoglobaceae	Geoglobus	96.5	0.04	1849604	2100
GCA_026014465.1	36	Thermoproteota	Bathyarchaeia	Bathyarchaeales	Bathycorpusculaceae	JADGNF01	95.74	1.34	2107071	2119
GCA_021817455.1	36	Thermoplasmatota	Thermoplasmata	Thermoplasmatales	Thermoplasmataceae	JAJZOM01	93.15	2.16	1757186	1908
GCA_002506335.1	36	Halobacteriota	Methanosarcinia	Methanotrichales	Methanotrichaceae	UBA114	94.04	0.16	2412234	2856
GCF_904067545.1	36	Methanobacteriota_B	Thermococci	Thermococcales	Thermococcaceae	Thermococcus	99.84	0.58	2022529	2174
GCA_963632775.1	36	Thermoplasmatota	Thermoplasmata	Methanomassiliicoccales	Methanomethylophilaceae	Methanarcanum	97.53	0.42	1436062	1431
GCA_036522495.1	36	Thermoproteota	Nitrososphaeria	Nitrososphaerales	Nitrososphaeraceae	JAFAQB01	96.94	3.44	3048889	3812
GCA_034660015.1	36	Halobacteriota	Syntropharchaeia	Alkanophagales	Methanospirareceae	QEXZ01	82.98	1.87	1743078	2014
GCA_021797495.1	36	Micrarchaeota	Micrarchaeia	Micrarchaeales	Micrarchaeaceae	Micrarchaeum_A	89.32	0.25	959486	1038
GCF_003058365.1	36	Halobacteriota	Halobacteria	Halobacteriales	Haloarculaceae	Halococcoides	99.97	0.11	2723120	2643
GCA_033852515.1	36	Thermoplasmatota	Thermoplasmata	RBG-16-68-12	RBG-16-68-12	RBG-16-68-12	53.5	0.67	837171	958
GCA_002255065.1	36	Thermoproteota	Thermoprotei_A	Sulfolobales	NBVN01	EX4484-204	56.38	0.29	930496	1114
GCA_002503105.1	36	Halobacteriota	Methanomicrobia	Methanomicrobiales	Methanoculleaceae	UBA206	89.12	0.09	1617645	1705
GCA_002839675.1	36	Halobacteriota	Methanomicrobia	Methanomicrobiales	Methanospirillaceae	Methanoregula	97.73	1.27	2470082	2485
GCA_027082825.1	36	Thermoproteota	Thermoprotei_A	Sulfolobales	Acidilobaceae	JALWTO01	84.42	3.29	1301199	1384
GCA_031262705.1	36	Halobacteriota	Methanomicrobia	Methanomicrobiales	Methanocorpusculaceae	Methanocorpusculum	78.9	0.79	1337066	1526
GCA_015521265.1	36	Thermoproteota	Thermoprotei_A	Sulfolobales	Desulfurococcaceae	WAON01	85.87	0.37	1529144	1699
GCA_963981035.1	36	Thermoplasmatota	Poseidoniia	Poseidoniales	Poseidoniaceae	MGIIa-L1	89.96	0.02	1842060	1564
GCA_035933635.1	36	Thermoplasmatota	Thermoplasmata	UBA184	UBA184	JAKIVR01	91.33	0.37	2341675	2200
GCA_035314885.1	36	Thermoproteota	Nitrososphaeria	Nitrososphaerales	UBA183	UBA183	74.77	2.69	1065613	1379
GCA_038734615.1	36	Thermoproteota	Thermoprotei_A	Sulfolobales	Sulfolobaceae	Saccharolobus	94.81	0.08	1778109	2098
GCF_031312595.1	36	Halobacteriota	Methanosarcinia	Methanosarcinales	Methanosarcinaceae	Methanolobus	99.97	0.08	2798037	2690
GCA_023256495.1	36	Micrarchaeota	Micrarchaeia	Micrarchaeales	CABMGC01	JAGDXY01	87.67	0.41	605534	682
GCF_019880245.1	36	Halobacteriota	Halobacteria	Halobacteriales	Haloferacaceae	Halobaculum	99.91	2.18	3719897	3722
GCA_030695605.1	36	Nanobdellota	Nanobdellia	Woesearchaeales	GW2011-AR9	JAUYQE01	89.67	0.71	1030828	1289
GCA_002498525.1	36	Thermoplasmatota	Poseidoniia	Poseidoniales	Thalassarchaeaceae	MGIIb-O1	86.68	0.18	1581043	1378
GCA_016192985.1	36	Nanobdellota	Nanobdellia	Woesearchaeales	GW2011-AR4	GCA-2688775	77.47	0.32	1264965	1473
GCA_041648455.1	36	Nanobdellota	Nanobdellia	Pacearchaeales	GW2011-AR1	JBAZOZ01	90.28	4.32	883651	1112
GCA_902386085.1	36	Halobacteriota	Methanosarcinia	Methanosarcinales	Methanoperedenaceae	Methanoperedens	63.64	2.43	1686282	2075
GCA_035283025.1	36	Aenigmatarchaeota	Aenigmatarchaeia	CG10238-14	SCSR01	DATEUU01	71.36	0.75	514766	710
GCF_902771225.1	36	Methanobacteriota	Methanobacteria	Methanobacteriales	Methanobacteriaceae	Methanocatella	99.88	1.48	2359332	2202
GCF_000723185.1	36	Thermoproteota	Nitrososphaeria	Nitrososphaerales	Nitrosopumilaceae	Nitrosotenuis	99.7	0.02	1636125	1921
GCA_002687275.1	36	Nanobdellota	Nanobdellia	Woesearchaeales	ARS49	GCA-2687275	89.54	3.13	1087504	1338
GCA_030605895.1	36	Asgardarchaeota	Lokiarchaeia	Sigynarchaeales	SOKP01	Loki-b32	58.3	0.9	2105148	2341
GCA_023128855.1	37	Thermoplasmatota	E2	DHVEG-1	DHVEG-1	JAGMDE01	83.1	1.56	1903749	1964
GCA_902386555.1	37	Micrarchaeota	Micrarchaeia	Anstonellales	Bilamarchaeaceae	Bilamarchaeum	88.06	1.24	1273724	1314
GCF_000328685.1	37	Halobacteriota	Halobacteria	Halobacteriales	Natrialbaceae	Natronococcus	99.95	0.93	4314118	4301
GCA_021163065.1	37	Halobacteriota	Archaeoglobi	Archaeoglobales	Archaeoglobaceae	B5-G16	95.9	2.9	1905055	2351
GCA_026014585.1	37	Thermoproteota	Bathyarchaeia	Bathyarchaeales	Bathycorpusculaceae	Bathycorpusculum	95.59	1.81	2313222	2500
GCA_038729085.1	37	Thermoplasmatota	Thermoplasmata	Thermoplasmatales	Thermoplasmataceae	Ferroplasma	92.88	0.0	1396858	1449
GCA_016927055.1	37	Halobacteriota	Methanosarcinia	Methanotrichales	Methanotrichaceae	Methanothrix	93.72	0.99	2371651	2468
GCF_000151105.2	37	Methanobacteriota_B	Thermococci	Thermococcales	Thermococcaceae	Thermococcus_B	99.83	0.48	2064237	2228
GCA_003555025.1	37	Thermoplasmatota	Thermoplasmata	Methanomassiliicoccales	Methanomethylophilaceae	PWHV01	97.38	0.22	1407467	1449
GCA_035639375.1	37	Thermoproteota	Nitrososphaeria	Nitrososphaerales	Nitrososphaeraceae	JAJNBK01	96.83	3.04	2859797	3337
GCA_021159475.1	37	Halobacteriota	Syntropharchaeia	Alkanophagales	Methanospirareceae	G60ANME1	82.82	0.0	1118840	1390
GCA_021822165.1	37	Micrarchaeota	Micrarchaeia	Micrarchaeales	Micrarchaeaceae	JAKARM01	89.07	0.09	784143	813
GCF_005406125.1	37	Halobacteriota	Halobacteria	Halobacteriales	Haloarculaceae	Haloarcula	99.97	2.68	4217270	4295
GCA_027061705.1	37	Thermoproteota	Thermoprotei_A	Sulfolobales	NBVN01	WAOL01	52.15	0.01	902041	1112
GCA_001512375.1	37	Halobacteriota	Methanomicrobia	Methanomicrobiales	Methanoculleaceae	Methanoculleus	88.94	1.75	2153167	2415
GCF_963667735.1	37	Halobacteriota	Methanomicrobia	Methanomicrobiales	Methanospirillaceae	Methanoregula	97.58	0.34	2889517	2830
GCA_002496425.1	37	Thermoproteota	Thermoprotei_A	Sulfolobales	Acidilobaceae	Acidilobus	84.38	0.11	1147742	1214
GCA_029986975.1	37	Halobacteriota	Methanomicrobia	Methanomicrobiales	Methanocorpusculaceae	Methanocorpusculum	77.62	0.13	1181940	1351
GCA_002254665.1	37	Thermoproteota	Thermoprotei_A	Sulfolobales	Desulfurococcaceae	EX4484-58	83.62	0.27	1432029	1587
GCA_002499195.1	37	Thermoplasmatota	Poseidoniia	Poseidoniales	Poseidoniaceae	MGIIa-L2	89.81	0.1	1853906	1535
GCA_021827405.1	37	Thermoplasmatota	Thermoplasmata	UBA184	UBA184	JAKATE01	91.27	0.39	1823659	1758
GCA_030040055.1	37	Thermoproteota	Nitrososphaeria	Nitrososphaerales	UBA183	UBA183	74.49	0.5	1104208	1366
GCA_000389735.1	37	Thermoproteota	Thermoprotei_A	Sulfolobales	Sulfolobaceae	Acd1	93.52	0.04	1506462	1668
GCA_000306725.1	37	Halobacteriota	Methanosarcinia	Methanosarcinales	Methanosarcinaceae	Methanolobus	99.97	0.59	3072769	3004
GCA_021851065.1	37	Micrarchaeota	Micrarchaeia	Micrarchaeales	CABMGC01	JAJZNA01	87.53	0.0	1132126	1202
GCF_024178165.1	37	Halobacteriota	Halobacteria	Halobacteriales	Haloferacaceae	Halohasta	99.91	1.0	3041226	3092
GCA_018221085.1	37	Nanobdellota	Nanobdellia	Woesearchaeales	GW2011-AR9	JAAOXZ01	89.57	0.92	850795	1047
GCA_036336595.1	37	Thermoplasmatota	Poseidoniia	Poseidoniales	Thalassarchaeaceae	UBA36	86.49	0.45	1338236	1218
GCA_016181325.1	37	Nanobdellota	Nanobdellia	Woesearchaeales	GW2011-AR4	JACOZO01	76.56	1.21	913844	1111
GCA_027334715.1	37	Nanobdellota	Nanobdellia	Pacearchaeales	GW2011-AR1	ASMP01	90.12	0.47	588343	743
GCA_039004015.1	37	Aenigmatarchaeota	Aenigmatarchaeia	CG10238-14	SCSR01	JAVZHQ01	69.62	0.01	464734	640
GCF_017409525.1	37	Methanobacteriota	Methanobacteria	Methanobacteriales	Methanobacteriaceae	Methanocatella	99.87	0.21	2110927	2073
GCF_000220175.1	37	Thermoproteota	Nitrososphaeria	Nitrososphaerales	Nitrosopumilaceae	Nitrosarchaeum	99.68	0.01	1607695	1925
GCA_014729555.1	37	Nanobdellota	Nanobdellia	Woesearchaeales	ARS49	WJJT01	89.37	0.26	1039831	1269
GCA_003942085.1	38	Thermoplasmatota	E2	DHVEG-1	DHVEG-1	SM1-50	82.9	2.88	2023941	1990
GCA_032123335.1	38	Micrarchaeota	Micrarchaeia	Anstonellales	Bilamarchaeaceae	CAIKOA01	87.0	0.12	1037606	1114
GCF_000337175.1	38	Halobacteriota	Halobacteria	Halobacteriales	Natrialbaceae	Natrinema	99.95	0.61	4023692	4149
GCA_026985525.1	38	Halobacteriota	Archaeoglobi	Archaeoglobales	Archaeoglobaceae	WAPX01	95.25	0.04	1341744	1556
GCA_031274765.1	38	Thermoproteota	Bathyarchaeia	Bathyarchaeales	Bathycorpusculaceae	Bathycorpusculum	95.57	3.49	2497752	2397
GCA_023488885.1	38	Thermoplasmatota	Thermoplasmata	Thermoplasmatales	Thermoplasmataceae	JAJZOM01	92.51	1.19	1857467	1979
GCA_023229165.1	38	Halobacteriota	Methanosarcinia	Methanotrichales	Methanotrichaceae	Methanothrix	93.59	2.88	2727844	3186
GCF_001484685.1	38	Methanobacteriota_B	Thermococci	Thermococcales	Thermococcaceae	Thermococcus_A	99.83	0.32	1961221	2174
GCA_963640855.1	38	Thermoplasmatota	Thermoplasmata	Methanomassiliicoccales	Methanomethylophilaceae	Methanarcanum	97.12	0.22	1418046	1430
GCA_019246625.1	38	Thermoproteota	Nitrososphaeria	Nitrososphaerales	Nitrososphaeraceae	JAFAQB01	96.8	3.02	3961341	5063
GCA_014061035.1	38	Halobacteriota	Syntropharchaeia	Alkanophagales	Methanospirareceae	JACGMN01	82.78	0.0	1073849	1236
GCA_021801785.1	38	Micrarchaeota	Micrarchaeia	Micrarchaeales	Micrarchaeaceae	JAJYXL01	88.95	0.13	696692	754
GCF_019599405.1	38	Halobacteriota	Halobacteria	Halobacteriales	Haloarculaceae	Haloarcula	99.97	2.22	4027253	4132
GCA_017994915.1	38	Halobacteriota	Methanomicrobia	Methanomicrobiales	Methanoculleaceae	Methanoculleus	88.93	0.64	2367203	2376
GCF_041663825.1	38	Halobacteriota	Methanomicrobia	Methanomicrobiales	Methanospirillaceae	Methanoregula	97.43	1.04	2956936	3047
GCA_015521175.1	38	Thermoproteota	Thermoprotei_A	Sulfolobales	Acidilobaceae	Thermodiscus	83.21	0.2	1273924	1468
GCA_035270965.1	38	Halobacteriota	Methanomicrobia	Methanomicrobiales	Methanocorpusculaceae	Methanocorpusculum	76.7	1.38	1289632	1463
GCA_027067785.1	38	Thermoproteota	Thermoprotei_A	Sulfolobales	Desulfurococcaceae	JAADCY01	81.18	0.17	1130551	1325
GCA_022426155.1	38	Thermoplasmatota	Poseidoniia	Poseidoniales	Poseidoniaceae	Poseidonia	89.46	1.15	1985768	1655
GCA_021819135.1	38	Thermoplasmatota	Thermoplasmata	UBA184	UBA184	UBA184	91.25	0.35	2201446	2159
GCA_027886885.1	38	Thermoproteota	Nitrososphaeria	Nitrososphaerales	UBA183	BOG-1369	73.34	4.27	2155392	2322
GCA_037444045.1	38	Thermoproteota	Thermoprotei_A	Sulfolobales	Sulfolobaceae	Aramenus	92.82	3.2	1859407	2317
GCA_001896725.1	38	Halobacteriota	Methanosarcinia	Methanosarcinales	Methanosarcinaceae	Methanomethylovorans	99.97	0.35	2181761	2106
GCA_023476545.1	38	Micrarchaeota	Micrarchaeia	Micrarchaeales	CABMGC01	JAJYVH01	87.5	2.17	760819	886
GCF_024972735.1	38	Halobacteriota	Halobacteria	Halobacteriales	Haloferacaceae	Halalkaliarchaeum	99.91	2.42	3179131	3130
GCA_035289345.1	38	Nanobdellota	Nanobdellia	Woesearchaeales	GW2011-AR9	JAGVYX01	89.33	2.08	999797	1177
GCA_029942125.1	38	Thermoplasmatota	Poseidoniia	Poseidoniales	Thalassarchaeaceae	MGIIb-P	86.41	0.14	1830381	1646
GCA_002688775.1	38	Nanobdellota	Nanobdellia	Woesearchaeales	GW2011-AR4	GCA-2688775	72.78	2.07	1037583	1142
GCA_027021195.1	38	Nanobdellota	Nanobdellia	Pacearchaeales	GW2011-AR1	JALUUW01	89.87	0.29	802904	962
GCF_017940815.1	38	Methanobacteriota	Methanobacteria	Methanobacteriales	Methanobacteriaceae	Methanocatella	99.87	0.37	2025603	2041
GCF_025699065.1	38	Thermoproteota	Nitrososphaeria	Nitrososphaerales	Nitrosopumilaceae	Nitrosarchaeum	99.68	0.02	1598099	1918
GCA_003599055.1	38	Nanobdellota	Nanobdellia	Woesearchaeales	ARS49	SURF-65	88.7	1.72	1153068	1323
GCA_022848765.1	39	Thermoplasmatota	E2	DHVEG-1	DHVEG-1	JAJISJ01	82.03	1.07	1197211	1378
GCA_903920925.1	39	Micrarchaeota	Micrarchaeia	Anstonellales	Bilamarchaeaceae	CAIXOA01	86.98	1.1	899595	1095
GCF_000517625.1	39	Halobacteriota	Halobacteria	Halobacteriales	Natrialbaceae	Halostagnicola	99.95	0.47	4131176	4092
GCA_004347865.1	39	Halobacteriota	Archaeoglobi	Archaeoglobales	Archaeoglobaceae	WYZ-LMO2	95.23	0.01	1514415	1834
GCA_038826755.1	39	Thermoproteota	Bathyarchaeia	Bathyarchaeales	Bathycorpusculaceae	JAOZHU01	95.54	1.45	1583494	1632
GCA_021818715.1	39	Thermoplasmatota	Thermoplasmata	Thermoplasmatales	Thermoplasmataceae	JACWAH01	91.16	0.0	1393353	1440
GCA_003162615.1	39	Halobacteriota	Methanosarcinia	Methanotrichales	Methanotrichaceae	Fen-7	93.41	2.43	2716163	3020
GCF_041647995.1	39	Methanobacteriota_B	Thermococci	Thermococcales	Thermococcaceae	Pyrococcus	99.83	0.29	2052334	2283
GCA_017461225.1	39	Thermoplasmatota	Thermoplasmata	Methanomassiliicoccales	Methanomethylophilaceae	Methanoprimaticola	97.09	0.43	1517685	1579
GCF_036397675.1	39	Thermoproteota	Nitrososphaeria	Nitrososphaerales	Nitrososphaeraceae	Nitrososphaera	96.66	0.27	1540364	1933
GCA_030617585.1	39	Halobacteriota	Syntropharchaeia	Alkanophagales	Methanospirareceae	QENH01	81.98	0.31	1238447	1448
GCA_021792395.1	39	Micrarchaeota	Micrarchaeia	Micrarchaeales	Micrarchaeaceae	JAMCYW01	88.66	0.09	831528	898
GCF_029338255.1	39	Halobacteriota	Halobacteria	Halobacteriales	Haloarculaceae	Haloarcula	99.97	2.18	3484032	3624
GCA_012521035.1	39	Halobacteriota	Methanomicrobia	Methanomicrobiales	Methanoculleaceae	Methanoculleus	87.27	4.32	2242638	2401
GCA_028679185.1	39	Halobacteriota	Methanomicrobia	Methanomicrobiales	Methanospirillaceae	Methanoregula	97.26	0.64	2095101	2250
GCA_038824665.1	39	Thermoproteota	Thermoprotei_A	Sulfolobales	Acidilobaceae	JAWAWX01	82.87	0.0	1100729	1202
GCA_030539655.1	39	Halobacteriota	Methanomicrobia	Methanomicrobiales	Methanocorpusculaceae	Methanocorpusculum	76.66	0.23	1201399	1234
GCA_013154205.1	39	Thermoproteota	Thermoprotei_A	Sulfolobales	Desulfurococcaceae	JAADCY01	79.0	2.92	1847214	2097
GCA_003602415.1	39	Thermoplasmatota	Poseidoniia	Poseidoniales	Poseidoniaceae	MGIIa-K1	89.41	0.02	1893503	1598
GCA_021821785.1	39	Thermoplasmatota	Thermoplasmata	UBA184	UBA184	UBA184	91.07	0.19	1685664	1757
GCA_030044375.1	39	Thermoproteota	Nitrososphaeria	Nitrososphaerales	UBA183	UBA183	72.45	0.53	943725	1172
GCA_019704295.1	39	Thermoproteota	Thermoprotei_A	Sulfolobales	Sulfolobaceae	HS-7	91.32	0.0	2151177	2147
GCF_000970265.1	39	Halobacteriota	Methanosarcinia	Methanosarcinales	Methanosarcinaceae	Methanosarcina	99.96	0.22	4139808	3469
GCA_028866975.1	39	Micrarchaeota	Micrarchaeia	Micrarchaeales	CABMGC01	JAGWGI01	87.29	1.01	681127	869
GCF_900113245.1	39	Halobacteriota	Halobacteria	Halobacteriales	Haloferacaceae	Halopelagius	99.91	0.81	3529311	3605
GCA_016181265.1	39	Nanobdellota	Nanobdellia	Woesearchaeales	GW2011-AR9	JACOZP01	89.27	0.01	1008540	1173
GCA_002501885.1	39	Thermoplasmatota	Poseidoniia	Poseidoniales	Thalassarchaeaceae	Thalassarchaeum	86.35	0.26	1306710	1200
GCA_016211245.1	39	Nanobdellota	Nanobdellia	Woesearchaeales	GW2011-AR4	GCA-2688775	71.7	0.09	1046259	1255
GCA_030620045.1	39	Nanobdellota	Nanobdellia	Pacearchaeales	GW2011-AR1	JAUXAD01	89.84	1.11	829646	1174
GCA_003491285.1	39	Methanobacteriota	Methanobacteria	Methanobacteriales	Methanobacteriaceae	UBA117	99.87	0.13	2173134	2163
GCA_040757675.1	39	Thermoproteota	Nitrososphaeria	Nitrososphaerales	Nitrosopumilaceae	Nitrosotenuis	99.67	0.45	1555645	1903
GCA_016203395.1	39	Nanobdellota	Nanobdellia	Woesearchaeales	ARS49	JACQMV01	88.56	0.77	884032	976
GCA_041650455.1	40	Thermoplasmatota	E2	DHVEG-1	DHVEG-1	SM1-50	81.36	2.12	2038987	2107
GCA_016935455.1	40	Micrarchaeota	Micrarchaeia	Anstonellales	Bilamarchaeaceae	JAFGQX01	86.89	0.0	845148	955
GCF_030848565.1	40	Halobacteriota	Halobacteria	Halobacteriales	Natrialbaceae	Natronolimnohabitans	99.95	3.94	4300762	4249
GCA_030153385.1	40	Halobacteriota	Archaeoglobi	Archaeoglobales	Archaeoglobaceae	WYZ-LMO2	95.0	0.0	1401409	1665
GCA_038848525.1	40	Thermoproteota	Bathyarchaeia	Bathyarchaeales	Bathycorpusculaceae	JAWCNN01	95.42	0.35	1514263	1746
GCA_021803655.1	40	Thermoplasmatota	Thermoplasmata	Thermoplasmatales	Thermoplasmataceae	JAMDBT01	91.1	2.05	1648051	1714
GCA_937864385.1	40	Halobacteriota	Methanosarcinia	Methanotrichales	Methanotrichaceae	Methanothrix	93.41	0.67	2258078	2600
GCF_000007305.1	40	Methanobacteriota_B	Thermococci	Thermococcales	Thermococcaceae	Pyrococcus	99.81	0.13	1908256	2102
GCA_017468935.1	40	Thermoplasmatota	Thermoplasmata	Methanomassiliicoccales	Methanomethylophilaceae	Methanoprimaticola	96.8	4.12	1761795	1901
GCA_016782315.1	40	Thermoproteota	Nitrososphaeria	Nitrososphaerales	Nitrososphaeraceae	Nitrosocosmicus	96.53	1.54	2502495	3039
GCA_025435355.1	40	Halobacteriota	Syntropharchaeia	Alkanophagales	Methanospirareceae	WJOV01	81.84	4.07	2156931	2668
GCA_021827995.1	40	Micrarchaeota	Micrarchaeia	Micrarchaeales	Micrarchaeaceae	JAKATK01	88.13	0.06	1256551	1263
GCF_010119195.1	40	Halobacteriota	Halobacteria	Halobacteriales	Haloarculaceae	Haloarcula	99.96	1.21	3788104	3818
GCA_012511245.1	40	Halobacteriota	Methanomicrobia	Methanomicrobiales	Methanoculleaceae	Methanoculleus	86.23	2.73	2224908	2527
GCF_963677065.1	40	Halobacteriota	Methanomicrobia	Methanomicrobiales	Methanospirillaceae	Methanoregula	97.01	0.74	3173737	3076
GCA_027051095.1	40	Thermoproteota	Thermoprotei_A	Sulfolobales	Acidilobaceae	Aeropyrum	82.57	1.75	1428359	1550
GCA_029987115.1	40	Halobacteriota	Methanomicrobia	Methanomicrobiales	Methanocorpusculaceae	Methanocorpusculum	76.18	0.13	1210532	1309
GCA_003661825.1	40	Thermoproteota	Thermoprotei_A	Sulfolobales	Desulfurococcaceae	QMWW01	78.6	0.71	1149425	1390
GCA_038110525.1	40	Thermoplasmatota	Poseidoniia	Poseidoniales	Poseidoniaceae	Poseidonia	89.4	0.37	1913009	1615
GCA_022750295.1	40	Thermoplasmatota	Thermoplasmata	UBA184	UBA184	UBA184	90.94	0.34	2096516	2001
GCA_021791695.1	40	Thermoproteota	Nitrososphaeria	Nitrososphaerales	UBA183	BOG-1369	71.77	3.13	1806959	1992
GCA_017857195.1	40	Thermoproteota	Thermoprotei_A	Sulfolobales	Sulfolobaceae	Sulfodiicoccus	87.73	0.33	1781932	2009
GCF_013388255.1	40	Halobacteriota	Methanosarcinia	Methanosarcinales	Methanosarcinaceae	Methanolobus	99.96	0.59	2704953	2659
GCA_027449585.1	40	Micrarchaeota	Micrarchaeia	Micrarchaeales	CABMGC01	JAJZNA01	86.68	0.13	850967	946
GCF_032116555.1	40	Halobacteriota	Halobacteria	Halobacteriales	Haloferacaceae	Halorarum	99.9	0.28	3678577	3669
GCA_018657845.1	40	Nanobdellota	Nanobdellia	Woesearchaeales	GW2011-AR9	JABHWJ01	89.16	2.98	862812	964
GCA_016845345.1	40	Thermoplasmatota	Poseidoniia	Poseidoniales	Thalassarchaeaceae	MGIIb-Q1	86.35	0.54	2081625	1684
GCA_016185865.1	40	Nanobdellota	Nanobdellia	Woesearchaeales	GW2011-AR4	GCA-2688775	69.13	1.01	865977	1114
GCA_016181895.1	40	Nanobdellota	Nanobdellia	Pacearchaeales	GW2011-AR1	JACQLK01	89.81	0.69	736044	1020
GCA_963606955.1	40	Methanobacteriota	Methanobacteria	Methanobacteriales	Methanobacteriaceae	Methanocatella	99.87	0.26	1930845	1796
GCA_028866895.1	40	Thermoproteota	Nitrososphaeria	Nitrososphaerales	Nitrosopumilaceae	Nitrosotalea	99.66	2.79	2257470	2639
GCA_019323555.1	40	Nanobdellota	Nanobdellia	Woesearchaeales	ARS49	WJJT01	86.84	0.13	764450	989
GCA_030640585.1	41	Thermoplasmatota	E2	DHVEG-1	DHVEG-1	DAOWIZ01	81.26	0.1	1293340	1420
GCA_038046805.1	41	Micrarchaeota	Micrarchaeia	Anstonellales	Bilamarchaeaceae	UBA10214	86.16	0.0	1200822	1275
GCF_001971705.1	41	Halobacteriota	Halobacteria	Halobacteriales	Natrialbaceae	Natronorubrum	99.94	0.81	3835796	3810
GCA_038866255.1	41	Halobacteriota	Archaeoglobi	Archaeoglobales	Archaeoglobaceae	WYZ-LMO2	94.63	0.0	1262644	1470
GCA_009781675.1	41	Thermoproteota	Bathyarchaeia	Bathyarchaeales	Bathycorpusculaceae	Bathycorpusculum	95.34	0.64	2139595	2162
GCA_021820565.1	41	Thermoplasmatota	Thermoplasmata	Thermoplasmatales	Thermoplasmataceae	Ferroplasma	91.09	3.56	1589066	1756
GCA_002501765.1	41	Halobacteriota	Methanosarcinia	Methanotrichales	Methanotrichaceae	UBA204	93.18	0.13	1808468	1910
GCF_000011105.1	41	Methanobacteriota_B	Thermococci	Thermococcales	Thermococcaceae	Pyrococcus	99.79	0.21	1738505	1881
GCA_015063285.1	41	Thermoplasmatota	Thermoplasmata	Methanomassiliicoccales	Methanomethylophilaceae	Methanoprimaticola	96.73	0.31	1788091	1833
GCA_036557405.1	41	Thermoproteota	Nitrososphaeria	Nitrososphaerales	Nitrososphaeraceae	TA-21	96.44	0.21	2048700	2437
GCA_003160755.1	41	Halobacteriota	Syntropharchaeia	Alkanophagales	Methanospirareceae	QEXZ01	80.13	3.75	1898925	2352
GCA_021799635.1	41	Micrarchaeota	Micrarchaeia	Micrarchaeales	Micrarchaeaceae	JAJZAB01	88.11	0.14	748639	783
GCF_013839515.1	41	Halobacteriota	Halobacteria	Halobacteriales	Haloarculaceae	Natronomonas	99.96	0.44	2779522	2833
GCA_012797575.1	41	Halobacteriota	Methanomicrobia	Methanomicrobiales	Methanoculleaceae	Methanoculleus	84.9	1.82	1886015	2096
GCF_028712425.1	41	Halobacteriota	Methanomicrobia	Methanomicrobiales	Methanospirillaceae	Methanoregula	96.95	0.96	2668042	2766
GCA_015521705.1	41	Thermoproteota	Thermoprotei_A	Sulfolobales	Acidilobaceae	S141-84	82.36	0.34	1660050	1735
GCA_031287415.1	41	Halobacteriota	Methanomicrobia	Methanomicrobiales	Methanocorpusculaceae	Methanocorpusculum	74.35	0.02	1162173	1338
GCA_020833245.1	41	Thermoproteota	Thermoprotei_A	Sulfolobales	Desulfurococcaceae	UBA285	78.46	0.0	862650	989
GCA_018666575.1	41	Thermoplasmatota	Poseidoniia	Poseidoniales	Poseidoniaceae	MGIIa-L2	89.39	0.17	1873520	1724
GCA_035623855.1	41	Thermoplasmatota	Thermoplasmata	UBA184	UBA184	UBA184	90.68	2.23	1587833	1583
GCA_021822995.1	41	Thermoproteota	Nitrososphaeria	Nitrososphaerales	UBA183	UBA183	70.14	1.49	1493211	1905
GCA_038893355.1	41	Thermoproteota	Thermoprotei_A	Sulfolobales	Sulfolobaceae	JAWARQ01	83.76	0.04	1403383	1571
GCF_900114835.1	41	Halobacteriota	Methanosarcinia	Methanosarcinales	Methanosarcinaceae	Methanolobus	99.96	0.34	3107200	2922
GCA_023256515.1	41	Micrarchaeota	Micrarchaeia	Micrarchaeales	CABMGC01	JAGDYD01	86.65	4.68	679492	771
GCF_003383095.1	41	Halobacteriota	Halobacteria	Halobacteriales	Haloferacaceae	Haloferax	99.89	1.65	4012076	4083
GCA_035290485.1	41	Nanobdellota	Nanobdellia	Woesearchaeales	GW2011-AR9	JACPIL01	88.79	0.8	863139	1078
GCA_018654845.1	41	Thermoplasmatota	Poseidoniia	Poseidoniales	Thalassarchaeaceae	MGIIb-O2	86.01	0.15	1546747	1335
GCA_016187495.1	41	Nanobdellota	Nanobdellia	Woesearchaeales	GW2011-AR4	JACPJP01	67.2	0.3	778074	879
GCA_020430505.1	41	Nanobdellota	Nanobdellia	Pacearchaeales	GW2011-AR1	EX4484-71	89.76	0.06	745721	948
GCF_000024185.1	41	Methanobacteriota	Methanobacteria	Methanobacteriales	Methanobacteriaceae	Methanobrevibacter	99.84	0.36	2937203	2199
GCA_963422575.1	41	Thermoproteota	Nitrososphaeria	Nitrososphaerales	Nitrosopumilaceae	Nitrosopumilus	99.66	0.48	2206616	2967
GCA_019323135.1	41	Nanobdellota	Nanobdellia	Woesearchaeales	ARS49	WJJT01	86.71	3.46	992262	1205
GCA_041305005.1	42	Thermoplasmatota	E2	DHVEG-1	DHVEG-1	JARYMC01	81.09	2.5	1141991	1255
GCA_013425455.1	42	Micrarchaeota	Micrarchaeia	Anstonellales	Bilamarchaeaceae	CAIXOA01	85.83	0.2	986370	1104
GCF_006543045.1	42	Halobacteriota	Halobacteria	Halobacteriales	Natrialbaceae	Salinadaptatus	99.94	4.87	4521535	4481
GCA_002010215.1	42	Halobacteriota	Archaeoglobi	Archaeoglobales	Archaeoglobaceae	JdFR-37	94.5	0.09	1972400	2200
GCA_017883615.1	42	Thermoproteota	Bathyarchaeia	Bathyarchaeales	Bathycorpusculaceae	JADGNF01	95.32	2.13	1732044	1921
GCA_023381355.1	42	Thermoplasmatota	Thermoplasmata	Thermoplasmatales	Thermoplasmataceae	Cuniculiplasma	89.82	0.06	1571631	1599
GCA_003857025.1	42	Halobacteriota	Methanosarcinia	Methanotrichales	Methanotrichaceae	Methanothrix	91.13	0.0	3161014	3354
GCF_000816105.1	42	Methanobacteriota_B	Thermococci	Thermococcales	Thermococcaceae	Thermococcus	99.74	0.22	1920914	2107
GCA_024399155.1	42	Thermoplasmatota	Thermoplasmata	Methanomassiliicoccales	Methanomethylophilaceae	JAKSHX01	96.64	0.8	1286013	1396
GCA_035279165.1	42	Thermoproteota	Nitrososphaeria	Nitrososphaerales	Nitrososphaeraceae	Nitrosocosmicus	95.94	1.72	2235465	2512
GCA_013374505.1	42	Halobacteriota	Syntropharchaeia	Alkanophagales	Methanospirareceae	QENJ01	79.48	2.77	2571212	3061
GCA_030039935.1	42	Micrarchaeota	Micrarchaeia	Micrarchaeales	Micrarchaeaceae	JAJZAB01	87.99	1.35	711578	874
GCF_030127105.1	42	Halobacteriota	Halobacteria	Halobacteriales	Haloarculaceae	Haloarcula	99.96	4.77	4458205	4640
GCA_002503135.1	42	Halobacteriota	Methanomicrobia	Methanomicrobiales	Methanoculleaceae	UBA207	84.16	0.82	1289766	1475
GCA_903926075.1	42	Halobacteriota	Methanomicrobia	Methanomicrobiales	Methanospirillaceae	CAIYHQ01	96.85	0.19	3144587	3141
GCA_027044005.1	42	Thermoproteota	Thermoprotei_A	Sulfolobales	Acidilobaceae	S012-22	78.24	2.26	1483994	1883
GCA_029987025.1	42	Halobacteriota	Methanomicrobia	Methanomicrobiales	Methanocorpusculaceae	Methanocorpusculum	74.05	0.7	1221213	1248
GCA_027028805.1	42	Thermoproteota	Thermoprotei_A	Sulfolobales	Desulfurococcaceae	JALVHX01	77.67	0.42	1286660	1421
GCA_038130705.1	42	Thermoplasmatota	Poseidoniia	Poseidoniales	Poseidoniaceae	MGIIa-K1	89.22	0.05	1860939	1702
GCA_030037875.1	42	Thermoplasmatota	Thermoplasmata	UBA184	UBA184	JAKIWV01	90.52	2.97	1773630	1878
GCA_035626075.1	42	Thermoproteota	Nitrososphaeria	Nitrososphaerales	UBA183	UBA183	67.61	1.89	1340778	1599
GCA_026627305.1	42	Thermoproteota	Thermoprotei_A	Sulfolobales	Sulfolobaceae	JAPNVD01	79.5	0.91	1901537	2054
GCF_900215215.1	42	Halobacteriota	Methanosarcinia	Methanosarcinales	Methanosarcinaceae	Methanohalophilus	99.96	0.96	1940298	2042
GCA_028867115.1	42	Micrarchaeota	Micrarchaeia	Micrarchaeales	CABMGC01	JAGWGI01	85.62	2.4	726778	905
GCF_019823105.1	42	Halobacteriota	Halobacteria	Halobacteriales	Haloferacaceae	Halobaculum	99.89	0.99	3732450	3719
GCA_016188105.1	42	Nanobdellota	Nanobdellia	Woesearchaeales	GW2011-AR9	JACPIL01	87.9	0.0	916681	1181
GCA_002718995.2	42	Thermoplasmatota	Poseidoniia	Poseidoniales	Thalassarchaeaceae	MGIIb-O5	85.99	0.22	1478905	1320
GCA_022565235.1	42	Nanobdellota	Nanobdellia	Woesearchaeales	GW2011-AR4	JACPJP01	66.39	0.73	592661	726
GCA_035453125.1	42	Nanobdellota	Nanobdellia	Pacearchaeales	GW2011-AR1	JACPLR01	89.75	0.95	872519	1029
GCF_001639275.1	42	Methanobacteriota	Methanobacteria	Methanobacteriales	Methanobacteriaceae	Methanocatella	99.84	0.53	2140433	2086
GCA_003352285.1	42	Thermoproteota	Nitrososphaeria	Nitrososphaerales	Nitrosopumilaceae	PXYB01	99.64	0.0	1689003	1968
GCA_016203345.1	42	Nanobdellota	Nanobdellia	Woesearchaeales	ARS49	JACQIC01	84.36	0.97	1012699	1209
GCA_002496355.1	43	Thermoplasmatota	E2	DHVEG-1	DHVEG-1	SM1-50	80.56	0.21	1656440	1589
GCA_028686985.1	43	Micrarchaeota	Micrarchaeia	Anstonellales	Bilamarchaeaceae	CAIXOA01	85.47	0.09	844077	916
GCF_024298845.1	43	Halobacteriota	Halobacteria	Halobacteriales	Natrialbaceae	Natronosalvus	99.94	0.43	4217547	3975
GCA_015522195.1	43	Halobacteriota	Archaeoglobi	Archaeoglobales	Archaeoglobaceae	Geoglobus	92.25	0.02	1647555	2034
GCA_022865455.1	43	Thermoproteota	Bathyarchaeia	Bathyarchaeales	Bathycorpusculaceae	20-14-0-80-47-9	95.06	3.54	2014762	2434
GCA_021850545.1	43	Thermoplasmatota	Thermoplasmata	Thermoplasmatales	Thermoplasmataceae	JAJZOM01	89.62	0.92	1729100	1899
GCA_035380685.1	43	Halobacteriota	Methanosarcinia	Methanotrichales	Methanotrichaceae	Methanocrinis	91.03	1.35	2713174	2609
GCA_030156945.1	43	Methanobacteriota_B	Thermococci	Thermococcales	Thermococcaceae	Thermococcus	99.73	1.34	2079360	2353
GCA_944322255.1	43	Thermoplasmatota	Thermoplasmata	Methanomassiliicoccales	Methanomethylophilaceae	Methanoprimaticola	96.33	0.28	1884810	1882
GCA_032155045.1	43	Thermoproteota	Nitrososphaeria	Nitrososphaerales	Nitrososphaeraceae	TH1177	95.88	0.67	2549609	2841
GCA_013180585.1	43	Halobacteriota	Syntropharchaeia	Alkanophagales	Methanospirareceae	QENJ01	79.2	0.95	2192919	2522
GCA_021827665.1	43	Micrarchaeota	Micrarchaeia	Micrarchaeales	Micrarchaeaceae	Micrarchaeum_A	87.48	0.16	852456	934
GCF_037031225.1	43	Halobacteriota	Halobacteria	Halobacteriales	Haloarculaceae	Halorientalis	99.96	0.58	3580817	3647
GCA_019136335.1	43	Halobacteriota	Methanomicrobia	Methanomicrobiales	Methanoculleaceae	Methanoculleus	83.45	0.89	2217429	2498
GCF_003170075.1	43	Halobacteriota	Methanomicrobia	Methanomicrobiales	Methanospirillaceae	Methanoregula	96.81	0.72	1921434	1999
GCA_027012045.1	43	Thermoproteota	Thermoprotei_A	Sulfolobales	Acidilobaceae	Tiamatella	77.69	1.35	1252450	1534
GCA_029986195.1	43	Halobacteriota	Methanomicrobia	Methanomicrobiales	Methanocorpusculaceae	Methanocorpusculum	73.33	0.3	1302043	1640
GCA_020833525.1	43	Thermoproteota	Thermoprotei_A	Sulfolobales	Desulfurococcaceae	UBA285	76.99	0.01	1201667	1415
GCA_003602475.1	43	Thermoplasmatota	Poseidoniia	Poseidoniales	Poseidoniaceae	Poseidonia	88.75	0.06	1945193	1632
GCA_035504395.1	43	Thermoplasmatota	Thermoplasmata	UBA184	UBA184	UBA184	90.49	0.31	1779582	1796
GCA_030039515.1	43	Thermoproteota	Nitrososphaeria	Nitrososphaerales	UBA183	UBA183	67.03	0.89	1095208	1326
GCA_002495845.1	43	Thermoproteota	Thermoprotei_A	Sulfolobales	Sulfolobaceae	Sulfuracidifex	71.31	0.64	1711849	1823
GCA_023399215.1	43	Halobacteriota	Methanosarcinia	Methanosarcinales	Methanosarcinaceae	Methanosarcina	99.96	0.29	4212843	3518
GCA_021791725.1	43	Micrarchaeota	Micrarchaeia	Micrarchaeales	CABMGC01	JAJYVZ01	85.57	0.0	795354	910
GCF_023703795.1	43	Halobacteriota	Halobacteria	Halobacteriales	Haloferacaceae	Haloplanus	99.89	3.78	3839886	3980
GCA_013331555.1	43	Nanobdellota	Nanobdellia	Woesearchaeales	GW2011-AR9	UBA10204	87.48	3.99	1360201	1598
GCA_029250605.1	43	Thermoplasmatota	Poseidoniia	Poseidoniales	Thalassarchaeaceae	UBA36	85.89	0.06	1481017	1298
GCA_038045205.1	43	Nanobdellota	Nanobdellia	Woesearchaeales	GW2011-AR4	GCA-2688775	64.47	1.13	836843	1080
GCA_041649295.1	43	Nanobdellota	Nanobdellia	Pacearchaeales	GW2011-AR1	JBAZNI01	89.72	0.35	811993	993
GCF_937881195.1	43	Methanobacteriota	Methanobacteria	Methanobacteriales	Methanobacteriaceae	Methanobinarius	99.84	1.88	2358562	1932
GCF_001541925.1	43	Thermoproteota	Nitrososphaeria	Nitrososphaerales	Nitrosopumilaceae	Nitrosopumilus	99.6	0.0	1383621	1735
GCA_041485605.1	43	Nanobdellota	Nanobdellia	Woesearchaeales	ARS49	CABMGU01	83.57	0.46	806799	1033
GCA_018824925.1	44	Thermoplasmatota	E2	DHVEG-1	DHVEG-1	JAHJFH01	79.54	0.66	1860987	2004
GCA_018812625.1	44	Micrarchaeota	Micrarchaeia	Anstonellales	Bilamarchaeaceae	Bilamarchaeum	85.43	1.28	1274305	1315
GCF_900116205.1	44	Halobacteriota	Halobacteria	Halobacteriales	Natrialbaceae	Halostagnicola	99.94	0.58	4108147	4148
GCA_938048785.1	44	Halobacteriota	Archaeoglobi	Archaeoglobales	Archaeoglobaceae	WYZ-LMO2	91.81	0.12	1650651	1915
GCA_038882575.1	44	Thermoproteota	Bathyarchaeia	Bathyarchaeales	Bathycorpusculaceae	JAVZNZ01	94.98	2.42	1518360	1653
GCA_021792655.1	44	Thermoplasmatota	Thermoplasmata	Thermoplasmatales	Thermoplasmataceae	B-DKE	89.2	0.03	1361366	1465
GCA_041548445.1	44	Halobacteriota	Methanosarcinia	Methanotrichales	Methanotrichaceae	Methanocrinis	89.55	1.55	2039092	2280
GCF_015521605.1	44	Methanobacteriota_B	Thermococci	Thermococcales	Thermococcaceae	Thermococcus	99.69	0.71	2030166	2234
GCA_029982165.1	44	Thermoplasmatota	Thermoplasmata	Methanomassiliicoccales	Methanomethylophilaceae	UBA9915	96.04	0.2	1289739	1314
GCA_035642715.1	44	Thermoproteota	Nitrososphaeria	Nitrososphaerales	Nitrososphaeraceae	JAJNBK01	95.73	1.17	3370944	3952
GCA_035528755.1	44	Halobacteriota	Syntropharchaeia	Alkanophagales	Methanospirareceae	JACGMN01	76.2	0.9	1660537	1804
GCA_027364995.1	44	Micrarchaeota	Micrarchaeia	Micrarchaeales	Micrarchaeaceae	Micrarchaeum_A	87.18	2.69	739828	890
GCF_017094525.1	44	Halobacteriota	Halobacteria	Halobacteriales	Haloarculaceae	Halapricum	99.95	0.49	2893909	2950
GCA_012510335.1	44	Halobacteriota	Methanomicrobia	Methanomicrobiales	Methanoculleaceae	Methanoculleus	83.01	0.39	1840777	2118
GCA_012729535.1	44	Halobacteriota	Methanomicrobia	Methanomicrobiales	Methanospirillaceae	Methanospirillum	96.81	1.61	3094441	3069
GCA_015521185.1	44	Thermoproteota	Thermoprotei_A	Sulfolobales	Acidilobaceae	S143-63	77.12	2.15	1052105	1159
GCA_029987315.1	44	Halobacteriota	Methanomicrobia	Methanomicrobiales	Methanocorpusculaceae	Methanocorpusculum	72.47	0.14	1145624	1287
GCA_023256015.1	44	Thermoproteota	Thermoprotei_A	Sulfolobales	Desulfurococcaceae	Thermogladius	73.24	0.1	1148139	1261
GCA_030741355.1	44	Thermoplasmatota	Poseidoniia	Poseidoniales	Poseidoniaceae	Poseidonia	88.73	0.18	1969312	1678
GCA_022750115.1	44	Thermoplasmatota	Thermoplasmata	UBA184	UBA184	UBA184	90.39	1.25	2118250	1989
GCA_035625575.1	44	Thermoproteota	Nitrososphaeria	Nitrososphaerales	UBA183	DASPPF01	66.05	0.33	717205	885
GCA_003086435.1	44	Thermoproteota	Thermoprotei_A	Sulfolobales	Sulfolobaceae	Acidianus	61.95	1.92	1581744	1928
GCF_000504205.1	44	Halobacteriota	Methanosarcinia	Methanosarcinales	Methanosarcinaceae	Methanolobus	99.95	0.18	3151883	2955
GCA_038730205.1	44	Micrarchaeota	Micrarchaeia	Micrarchaeales	CABMGC01	JAJZOD01	85.24	0.0	730440	800
GCF_900129775.1	44	Halobacteriota	Halobacteria	Halobacteriales	Haloferacaceae	Halobaculum	99.89	0.47	3208246	3203
GCA_016185685.1	44	Nanobdellota	Nanobdellia	Woesearchaeales	GW2011-AR9	JACPNC01	86.66	0.26	999987	1210
GCA_023268715.1	44	Thermoplasmatota	Poseidoniia	Poseidoniales	Thalassarchaeaceae	MGIIb-O1	85.87	0.46	1546495	1421
GCA_030631975.1	44	Nanobdellota	Nanobdellia	Woesearchaeales	GW2011-AR4	JACPJP01	64.05	2.46	937093	1180
GCA_026002795.1	44	Nanobdellota	Nanobdellia	Pacearchaeales	GW2011-AR1	ASMP01	89.69	0.51	535452	615
GCA_002498385.1	44	Methanobacteriota	Methanobacteria	Methanobacteriales	Methanobacteriaceae	Methanobacterium_C	99.82	0.01	2115113	2000
GCF_000018465.1	44	Thermoproteota	Nitrososphaeria	Nitrososphaerales	Nitrosopumilaceae	Nitrosopumilus	99.59	0.03	1645259	1947
GCA_016203425.1	44	Nanobdellota	Nanobdellia	Woesearchaeales	ARS49	JACQMU01	82.51	1.5	865322	1133
GCA_001595915.1	45	Thermoplasmatota	E2	DHVEG-1	DHVEG-1	SG8-52-3	78.98	1.06	1909404	1918
GCA_030668565.1	45	Micrarchaeota	Micrarchaeia	Anstonellales	Bilamarchaeaceae	JACCLJ01	84.97	0.15	1019482	1219
GCF_041205745.1	45	Halobacteriota	Halobacteria	Halobacteriales	Natrialbaceae	Natrarchaeobius	99.93	3.15	5163047	4838
GCA_015520115.1	45	Halobacteriota	Archaeoglobi	Archaeoglobales	Archaeoglobaceae	Ferroglobus	90.69	0.33	1651824	2166
GCA_038817995.1	45	Thermoproteota	Bathyarchaeia	Bathyarchaeales	Bathycorpusculaceae	DRVP01	94.82	0.71	1285244	1415
GCA_021806355.1	45	Thermoplasmatota	Thermoplasmata	Thermoplasmatales	Thermoplasmataceae	GCA-000496135	88.28	0.52	1751771	1978
GCA_034679645.1	45	Halobacteriota	Methanosarcinia	Methanotrichales	Methanotrichaceae	Methanothrix	88.68	1.76	2562502	2666
GCF_024022995.1	45	Methanobacteriota_B	Thermococci	Thermococcales	Thermococcaceae	Thermococcus_A	99.67	0.66	1889207	2035
GCA_002502965.1	45	Thermoplasmatota	Thermoplasmata	Methanomassiliicoccales	Methanomethylophilaceae	RumEn-M2	95.76	0.08	1238881	1253
GCA_025934495.1	45	Thermoproteota	Nitrososphaeria	Nitrososphaerales	Nitrososphaeraceae	Nitrosocosmicus	95.72	1.28	3558916	3843
GCA_016928455.1	45	Halobacteriota	Syntropharchaeia	Alkanophagales	Methanospirareceae	JACGMN01	75.49	1.95	1514744	1643
GCA_027310535.1	45	Micrarchaeota	Micrarchaeia	Micrarchaeales	Micrarchaeaceae	A-MIC-10	87.14	0.11	683177	806
GCF_000379085.1	45	Halobacteriota	Halobacteria	Halobacteriales	Haloarculaceae	Halomicrobium	99.94	0.77	3607771	3661
GCA_030156625.1	45	Halobacteriota	Methanomicrobia	Methanomicrobiales	Methanoculleaceae	Methanoculleus	82.12	1.34	2164605	2240
GCA_903819595.1	45	Halobacteriota	Methanomicrobia	Methanomicrobiales	Methanospirillaceae	CAIKOD01	96.78	1.57	3151758	3351
GCA_027013765.1	45	Thermoproteota	Thermoprotei_A	Sulfolobales	Acidilobaceae	S012-22	76.89	0.49	1497695	1806
GCA_029987045.1	45	Halobacteriota	Methanomicrobia	Methanomicrobiales	Methanocorpusculaceae	Methanocorpusculum	71.11	2.77	1256001	1445
GCA_021163115.1	45	Thermoproteota	Thermoprotei_A	Sulfolobales	Desulfurococcaceae	JAGGXK01	70.57	0.66	1381964	1584
GCA_038104845.1	45	Thermoplasmatota	Poseidoniia	Poseidoniales	Poseidoniaceae	Poseidonia	88.25	0.1	1890711	1522
GCA_030038895.1	45	Thermoplasmatota	Thermoplasmata	UBA184	UBA184	UBA184	90.34	2.01	1995635	2023
GCA_029785085.1	45	Thermoproteota	Nitrososphaeria	Nitrososphaerales	UBA183	UBA183	65.68	1.22	908269	1041
GCA_039793765.1	45	Thermoproteota	Thermoprotei_A	Sulfolobales	Sulfolobaceae	Acd1	56.3	0.09	800471	949
GCF_000969885.1	45	Halobacteriota	Methanosarcinia	Methanosarcinales	Methanosarcinaceae	Methanosarcina	99.95	0.78	3127379	2712
GCA_039793505.1	45	Micrarchaeota	Micrarchaeia	Micrarchaeales	CABMGC01	JAGDYD01	84.99	0.24	554847	667
GCF_001482285.1	45	Halobacteriota	Halobacteria	Halobacteriales	Haloferacaceae	Haloferax	99.88	1.03	3977555	4026
GCA_018664115.1	45	Nanobdellota	Nanobdellia	Woesearchaeales	GW2011-AR9	JABJOX01	86.63	1.22	1117469	1300
GCA_937144695.1	45	Thermoplasmatota	Poseidoniia	Poseidoniales	Thalassarchaeaceae	UBA36	85.63	1.06	1407224	1421
GCA_016185875.1	45	Nanobdellota	Nanobdellia	Woesearchaeales	GW2011-AR4	GCA-2688775	62.94	0.59	769657	1003
GCA_937143345.1	45	Nanobdellota	Nanobdellia	Pacearchaeales	GW2011-AR1	CAKZRD01	89.67	0.99	553993	642
GCF_000320505.1	45	Methanobacteriota	Methanobacteria	Methanobacteriales	Methanobacteriaceae	Methanarmilla	99.81	0.69	2045801	1759
GCF_000299395.1	45	Thermoproteota	Nitrososphaeria	Nitrososphaerales	Nitrosopumilaceae	Nitrosopumilus	99.56	0.12	1690905	2112
GCA_019322995.1	45	Nanobdellota	Nanobdellia	Woesearchaeales	ARS49	WJKI01	76.62	0.83	454802	585
GCA_002900545.1	46	Thermoplasmatota	E2	DHVEG-1	DHVEG-1	SM1-50	76.81	1.92	1698374	1871
GCA_013331535.1	46	Micrarchaeota	Micrarchaeia	Anstonellales	Bilamarchaeaceae	UBA10214	84.17	0.55	1180144	1351
GCF_024296685.1	46	Halobacteriota	Halobacteria	Halobacteriales	Natrialbaceae	Natrinema	99.92	0.3	3766003	3722
GCA_015523645.1	46	Halobacteriota	Archaeoglobi	Archaeoglobales	Archaeoglobaceae	Geoglobus	90.47	1.79	1709818	2189
GCA_009781395.1	46	Thermoproteota	Bathyarchaeia	Bathyarchaeales	Bathycorpusculaceae	Bathycorpusculum	94.73	2.52	2128005	2062
GCA_023256455.1	46	Thermoplasmatota	Thermoplasmata	Thermoplasmatales	Thermoplasmataceae	Cuniculiplasma	87.55	0.54	1507234	1620
GCA_020844795.1	46	Halobacteriota	Methanosarcinia	Methanotrichales	Methanotrichaceae	Methanocrinis	87.73	1.67	2020175	1982
GCF_001484195.1	46	Methanobacteriota_B	Thermococci	Thermococcales	Thermococcaceae	Thermococcus	99.62	1.4	2337139	2617
GCA_017540825.1	46	Thermoplasmatota	Thermoplasmata	Methanomassiliicoccales	Methanomethylophilaceae	Methanoprimaticola	95.55	3.12	2366961	2267
GCA_035276505.1	46	Thermoproteota	Nitrososphaeria	Nitrososphaerales	Nitrososphaeraceae	Nitrosocosmicus	95.71	1.56	2399484	2778
GCA_003601795.1	46	Halobacteriota	Syntropharchaeia	Alkanophagales	Methanospirareceae	QEXZ01	75.42	4.18	1934883	2240
GCA_028867285.1	46	Micrarchaeota	Micrarchaeia	Micrarchaeales	Micrarchaeaceae	JAGWFU01	86.82	1.4	768164	939
GCF_005239135.1	46	Halobacteriota	Halobacteria	Halobacteriales	Haloarculaceae	Natronomonas	99.94	0.35	2904418	2990
GCA_023230425.1	46	Halobacteriota	Methanomicrobia	Methanomicrobiales	Methanoculleaceae	Methanoculleus	82.07	3.43	2384253	2681
GCF_963678795.1	46	Halobacteriota	Methanomicrobia	Methanomicrobiales	Methanospirillaceae	Methanoregula	96.54	0.65	3113664	2956
GCA_027046245.1	46	Thermoproteota	Thermoprotei_A	Sulfolobales	Acidilobaceae	Aeropyrum	76.16	0.82	1380795	1462
GCA_018065685.1	46	Halobacteriota	Methanomicrobia	Methanomicrobiales	Methanocorpusculaceae	Methanocorpusculum	70.81	0.65	1154005	1296
GCA_021159785.1	46	Thermoproteota	Thermoprotei_A	Sulfolobales	Desulfurococcaceae	JAGHDU01	70.07	0.66	1287378	1513
GCA_018667575.1	46	Thermoplasmatota	Poseidoniia	Poseidoniales	Poseidoniaceae	MGIIa-L1	88.14	0.12	1936984	1761
GCA_027309555.1	46	Thermoplasmatota	Thermoplasmata	UBA184	UBA184	UBA184	90.31	0.51	2037728	2080
GCA_021819105.1	46	Thermoproteota	Nitrososphaeria	Nitrososphaerales	UBA183	UBA183	64.88	0.24	913976	995
GCF_000969985.1	46	Halobacteriota	Methanosarcinia	Methanosarcinales	Methanosarcinaceae	Methanosarcina	99.95	1.44	4907186	4066
GCA_021817125.1	46	Micrarchaeota	Micrarchaeia	Micrarchaeales	CABMGC01	JAKAWC01	84.93	0.0	893314	1014
GCF_003856835.1	46	Halobacteriota	Halobacteria	Halobacteriales	Haloferacaceae	Haloplanus	99.88	1.12	3503092	3612
GCA_023265925.1	46	Nanobdellota	Nanobdellia	Woesearchaeales	GW2011-AR9	JAHFRS01	85.91	1.42	1204582	1392
GCA_012964335.1	46	Thermoplasmatota	Poseidoniia	Poseidoniales	Thalassarchaeaceae	MGIIb-Q1	85.52	0.04	1965496	1567
GCA_937982425.1	46	Nanobdellota	Nanobdellia	Pacearchaeales	GW2011-AR1	GW2011-AR1	89.66	1.28	616209	740
GCF_900114585.1	46	Methanobacteriota	Methanobacteria	Methanobacteriales	Methanobacteriaceae	Methanobrevibacter	99.81	0.5	2122444	1827
GCA_009843815.1	46	Thermoproteota	Nitrososphaeria	Nitrososphaerales	Nitrosopumilaceae	VYCS01	99.56	1.12	1610300	1770
GCA_023261345.1	46	Nanobdellota	Nanobdellia	Woesearchaeales	ARS49	JAHFOI01	76.55	0.23	928788	1112
GCA_002900535.1	47	Thermoplasmatota	E2	DHVEG-1	DHVEG-1	M9B1D	76.34	0.65	1692085	2044
GCA_028714395.1	47	Micrarchaeota	Micrarchaeia	Anstonellales	Bilamarchaeaceae	JAHJBR01	83.68	0.32	810961	947
GCF_000230735.2	47	Halobacteriota	Halobacteria	Halobacteriales	Natrialbaceae	Natrinema	99.91	0.6	4354100	4353
GCA_027066965.1	47	Halobacteriota	Archaeoglobi	Archaeoglobales	Archaeoglobaceae	WAPX01	89.99	0.28	1446051	1701
GCA_038727135.1	47	Thermoproteota	Bathyarchaeia	Bathyarchaeales	Bathycorpusculaceae	JAGTQI01	94.7	2.31	1548789	1747
GCA_002503205.1	47	Thermoplasmatota	Thermoplasmata	Thermoplasmatales	Thermoplasmataceae	UBA447	87.44	0.45	1727726	1814
GCA_012798025.1	47	Halobacteriota	Methanosarcinia	Methanotrichales	Methanotrichaceae	Methanothrix	87.65	2.93	1737089	1980
GCF_012027635.1	47	Methanobacteriota_B	Thermococci	Thermococcales	Thermococcaceae	Thermococcus	99.61	0.03	1921837	2178
GCA_963643255.1	47	Thermoplasmatota	Thermoplasmata	Methanomassiliicoccales	Methanomethylophilaceae	Methanarcanum	95.42	0.46	1478763	1429
GCA_035253045.1	47	Thermoproteota	Nitrososphaeria	Nitrososphaerales	Nitrososphaeraceae	Nitrososphaera	95.7	0.89	2170327	2525
GCA_009903405.1	47	Halobacteriota	Syntropharchaeia	Alkanophagales	Methanospirareceae	QENH01	75.37	1.13	1531297	1689
GCA_021787495.1	47	Micrarchaeota	Micrarchaeia	Micrarchaeales	Micrarchaeaceae	A-MIC-10	86.49	0.6	852337	940
GCF_023028225.1	47	Halobacteriota	Halobacteria	Halobacteriales	Haloarculaceae	Halorientalis	99.94	0.76	3214077	3315
GCA_020854755.1	47	Halobacteriota	Methanomicrobia	Methanomicrobiales	Methanoculleaceae	JAHKLN01	81.22	0.36	2010371	2014
GCA_024518585.1	47	Halobacteriota	Methanomicrobia	Methanomicrobiales	Methanospirillaceae	Methanolinea_A	96.53	0.11	1777328	1849
GCA_027057815.1	47	Thermoproteota	Thermoprotei_A	Sulfolobales	Acidilobaceae	JALURD01	75.88	1.41	1474004	1788
GCA_017555685.1	47	Halobacteriota	Methanomicrobia	Methanomicrobiales	Methanocorpusculaceae	Methanocorpusculum	70.75	0.9	1104072	1284
GCA_026985375.1	47	Thermoproteota	Thermoprotei_A	Sulfolobales	Desulfurococcaceae	JAADCY01	69.49	0.15	990945	1238
GCA_038116375.1	47	Thermoplasmatota	Poseidoniia	Poseidoniales	Poseidoniaceae	Poseidonia	88.12	0.14	1906854	1636
GCA_022750415.1	47	Thermoplasmatota	Thermoplasmata	UBA184	UBA184	UBA184	90.3	0.98	2000810	1993
GCA_005877365.1	47	Thermoproteota	Nitrososphaeria	Nitrososphaerales	UBA183	TA-13	64.21	2.46	1792239	2303
GCF_000970285.1	47	Halobacteriota	Methanosarcinia	Methanosarcinales	Methanosarcinaceae	Methanosarcina	99.95	1.63	5018607	4415
GCA_028866935.1	47	Micrarchaeota	Micrarchaeia	Micrarchaeales	CABMGC01	JAJZNA01	84.86	0.39	1098507	1243
GCF_002114285.1	47	Halobacteriota	Halobacteria	Halobacteriales	Haloferacaceae	Halorubrum	99.87	2.0	3603550	3619
GCA_038046325.1	47	Nanobdellota	Nanobdellia	Woesearchaeales	GW2011-AR9	JACPIL01	85.65	2.03	943657	1265
GCA_963990035.1	47	Thermoplasmatota	Poseidoniia	Poseidoniales	Thalassarchaeaceae	MGIIb-O2	85.4	0.49	1413727	1288
GCA_038045825.1	47	Nanobdellota	Nanobdellia	Pacearchaeales	GW2011-AR1	SICU01	89.62	0.58	836590	1053
GCF_963666025.1	47	Methanobacteriota	Methanobacteria	Methanobacteriales	Methanobacteriaceae	Methanobacterium	99.81	0.41	2946973	2717
GCA_029850515.1	47	Thermoproteota	Nitrososphaeria	Nitrososphaerales	Nitrosopumilaceae	Nitrosotalea	99.55	0.13	1704434	2063
GCA_016203265.1	47	Nanobdellota	Nanobdellia	Woesearchaeales	ARS49	DSQK01	74.39	0.16	646027	846
GCA_034660435.1	48	Thermoplasmatota	E2	DHVEG-1	DHVEG-1	DAOWIZ01	74.92	0.13	767427	922
GCA_014730115.1	48	Micrarchaeota	Micrarchaeia	Anstonellales	Bilamarchaeaceae	Bilamarchaeum	83.39	0.19	1151741	1256
GCF_024498195.1	48	Halobacteriota	Halobacteria	Halobacteriales	Natrialbaceae	Halovivax	99.91	0.41	3902757	3704
GCA_029259335.1	48	Halobacteriota	Archaeoglobi	Archaeoglobales	Archaeoglobaceae	Archaeoglobus	89.38	1.52	1749908	2104
GCA_038882975.1	48	Thermoproteota	Bathyarchaeia	Bathyarchaeales	Bathycorpusculaceae	JAGTQI01	94.68	2.92	1423221	1587
GCA_021820525.1	48	Thermoplasmatota	Thermoplasmata	Thermoplasmatales	Thermoplasmataceae	Cuniculiplasma	86.46	0.51	1541231	1556
GCA_017994055.1	48	Halobacteriota	Methanosarcinia	Methanotrichales	Methanotrichaceae	Methanothrix	86.47	1.87	2382530	2471
GCF_000151205.2	48	Methanobacteriota_B	Thermococci	Thermococcales	Thermococcaceae	Thermococcus	99.53	0.1	2086428	2274
GCA_035271165.1	48	Thermoplasmatota	Thermoplasmata	Methanomassiliicoccales	Methanomethylophilaceae	VadinCA11	95.23	0.42	1068934	1128
GCA_036280615.1	48	Thermoproteota	Nitrososphaeria	Nitrososphaerales	Nitrososphaeraceae	TA-21	95.44	1.62	1845069	2198
GCA_030665925.1	48	Halobacteriota	Syntropharchaeia	Alkanophagales	Methanospirareceae	JACGMN01	74.3	0.31	1457142	1851
GCA_021807115.1	48	Micrarchaeota	Micrarchaeia	Micrarchaeales	Micrarchaeaceae	JAJZYD01	85.75	0.51	1175990	1191
GCF_029229925.1	48	Halobacteriota	Halobacteria	Halobacteriales	Haloarculaceae	Halorhabdus	99.93	0.59	2828981	2818
GCA_002499455.1	48	Halobacteriota	Methanomicrobia	Methanomicrobiales	Methanoculleaceae	Methanoculleus	80.56	0.71	2308968	2506
GCF_041859935.1	48	Halobacteriota	Methanomicrobia	Methanomicrobiales	Methanospirillaceae	Methanospirillum	96.42	0.63	2446853	2399
GCA_027034115.1	48	Thermoproteota	Thermoprotei_A	Sulfolobales	Acidilobaceae	Thermodiscus	74.3	0.31	1000169	1238
GCA_031255895.1	48	Halobacteriota	Methanomicrobia	Methanomicrobiales	Methanocorpusculaceae	Methanocorpusculum	61.74	0.28	792141	839
GCA_038896955.1	48	Thermoproteota	Thermoprotei_A	Sulfolobales	Desulfurococcaceae	UBA285	62.8	1.6	1373325	1840
GCA_002699425.1	48	Thermoplasmatota	Poseidoniia	Poseidoniales	Poseidoniaceae	MGIIa-K2	87.72	0.1	1912832	1629
GCA_021826685.1	48	Thermoplasmatota	Thermoplasmata	UBA184	UBA184	UBA184	90.23	0.41	1388183	1422
GCA_029785215.1	48	Thermoproteota	Nitrososphaeria	Nitrososphaerales	UBA183	UBA183	63.04	0.1	751226	827
GCF_002505485.1	48	Halobacteriota	Methanosarcinia	Methanosarcinales	Methanosarcinaceae	Methanosarcina	99.95	0.52	3816059	3346
GCA_027314605.1	48	Micrarchaeota	Micrarchaeia	Micrarchaeales	CABMGC01	JAJZIZ01	84.85	0.15	758308	902
GCF_003287355.1	48	Halobacteriota	Halobacteria	Halobacteriales	Haloferacaceae	Halorubrum	99.87	0.74	3584929	3499
GCA_002688265.1	48	Nanobdellota	Nanobdellia	Woesearchaeales	GW2011-AR9	GCA-2688265	84.66	0.61	1070250	1079
GCA_002503285.1	48	Thermoplasmatota	Poseidoniia	Poseidoniales	Thalassarchaeaceae	MGIIb-O3	85.22	0.27	1524894	1333
GCA_030611805.1	48	Nanobdellota	Nanobdellia	Pacearchaeales	GW2011-AR1	JAUWPB01	89.61	1.11	854948	1123
GCF_017874455.1	48	Methanobacteriota	Methanobacteria	Methanobacteriales	Methanobacteriaceae	Methanobacterium_C	99.79	0.22	2347771	2250
GCA_963693095.1	48	Thermoproteota	Nitrososphaeria	Nitrososphaerales	Nitrosopumilaceae	JAHRAL01	99.55	1.23	2003945	1788
GCA_003694525.1	48	Nanobdellota	Nanobdellia	Woesearchaeales	ARS49	J152	73.01	0.46	705318	857
GCA_030637965.1	49	Thermoplasmatota	E2	DHVEG-1	DHVEG-1	DAOWHD01	74.05	0.0	866858	991
GCA_020726005.1	49	Micrarchaeota	Micrarchaeia	Anstonellales	Bilamarchaeaceae	JAHJBR01	82.59	0.53	655542	657
GCF_041821085.1	49	Halobacteriota	Halobacteria	Halobacteriales	Natrialbaceae	Natrinema	99.91	2.1	3732888	3775
GCA_036742095.1	49	Halobacteriota	Archaeoglobi	Archaeoglobales	Archaeoglobaceae	Archaeoglobus	84.41	0.0	1718707	2302
GCA_026014665.1	49	Thermoproteota	Bathyarchaeia	Bathyarchaeales	Bathycorpusculaceae	Bathycorpusculum	94.17	0.77	2373094	2486
GCA_021809755.1	49	Thermoplasmatota	Thermoplasmata	Thermoplasmatales	Thermoplasmataceae	GCA-000496135	86.23	2.25	2078460	2243
GCA_013415595.1	49	Halobacteriota	Methanosarcinia	Methanotrichales	Methanotrichaceae	JAAEEW01	85.72	0.28	1938857	1993
GCF_024707485.1	49	Methanobacteriota_B	Thermococci	Thermococcales	Thermococcaceae	Thermococcus	99.41	0.1	2070864	2280
GCA_944321505.1	49	Thermoplasmatota	Thermoplasmata	Methanomassiliicoccales	Methanomethylophilaceae	SIG5	95.1	0.4	1385193	1402
GCA_035250685.1	49	Thermoproteota	Nitrososphaeria	Nitrososphaerales	Nitrososphaeraceae	TA-21	95.41	0.78	2035031	2418
GCA_023131215.1	49	Halobacteriota	Syntropharchaeia	Alkanophagales	Methanospirareceae	JAGXOS01	73.27	0.37	1554820	1903
GCA_041476285.1	49	Micrarchaeota	Micrarchaeia	Micrarchaeales	Micrarchaeaceae	UBA12276	85.01	0.18	635468	746
GCF_030553305.1	49	Halobacteriota	Halobacteria	Halobacteriales	Haloarculaceae	Halomarina	99.93	1.63	3610213	3678
GCA_012510295.1	49	Halobacteriota	Methanomicrobia	Methanomicrobiales	Methanoculleaceae	Methanoculleus	80.37	1.79	1900104	2247
GCA_002067895.1	49	Halobacteriota	Methanomicrobia	Methanomicrobiales	Methanospirillaceae	MVRE01	96.27	0.65	2312687	2443
GCA_028276005.1	49	Thermoproteota	Thermoprotei_A	Sulfolobales	Acidilobaceae	Acidilobus	68.76	0.31	892315	1015
GCA_030827365.1	49	Thermoplasmatota	Poseidoniia	Poseidoniales	Poseidoniaceae	Poseidonia	87.63	2.1	1868276	1664
GCA_035632035.1	49	Thermoplasmatota	Thermoplasmata	UBA184	UBA184	UBA184	89.98	0.27	1807425	1881
GCA_029785375.1	49	Thermoproteota	Nitrososphaeria	Nitrososphaerales	UBA183	UBA183	60.87	0.33	728358	788
GCF_004099695.1	49	Halobacteriota	Methanosarcinia	Methanosarcinales	Methanosarcinaceae	Methanosarcina	99.95	0.17	3558779	3064
GCA_023379055.1	49	Micrarchaeota	Micrarchaeia	Micrarchaeales	CABMGC01	JAJZNA01	84.66	0.09	862375	935
GCF_004799685.1	49	Halobacteriota	Halobacteria	Halobacteriales	Haloferacaceae	Halobellus	99.87	2.59	3749890	3710
GCA_018670095.1	49	Nanobdellota	Nanobdellia	Woesearchaeales	GW2011-AR9	JABJOX01	84.46	0.59	1207031	1405
GCA_002497295.1	49	Thermoplasmatota	Poseidoniia	Poseidoniales	Thalassarchaeaceae	MGIIb-N1	85.15	0.01	1342360	1212
GCA_027364705.1	49	Nanobdellota	Nanobdellia	Pacearchaeales	GW2011-AR1	RBG-13-33-26	89.56	0.25	628064	768
GCF_902784195.1	49	Methanobacteriota	Methanobacteria	Methanobacteriales	Methanobacteriaceae	Methanobrevibacter	99.77	0.25	2046587	1877
GCF_006740685.1	49	Thermoproteota	Nitrososphaeria	Nitrososphaerales	Nitrosopumilaceae	Nitrosopumilus	99.53	0.09	1499620	1833
GCA_038884515.1	49	Nanobdellota	Nanobdellia	Woesearchaeales	ARS49	JAWABT01	68.17	0.89	730475	921
GCA_002506745.1	50	Thermoplasmatota	E2	DHVEG-1	DHVEG-1	SM1-50	73.41	1.49	1681612	1755
GCA_035455205.1	50	Micrarchaeota	Micrarchaeia	Anstonellales	Bilamarchaeaceae	Bilamarchaeum	81.9	1.28	1388515	1523
GCF_000025625.1	50	Halobacteriota	Halobacteria	Halobacteriales	Natrialbaceae	Natrialba	99.9	0.33	4443643	4317
GCA_011605865.1	50	Halobacteriota	Archaeoglobi	Archaeoglobales	Archaeoglobaceae	WYZ-LMO2	84.09	0.01	1269726	1463
GCA_025058315.1	50	Thermoproteota	Bathyarchaeia	Bathyarchaeales	Bathycorpusculaceae	DRVV01	94.11	2.14	1316008	1465
GCA_021819605.1	50	Thermoplasmatota	Thermoplasmata	Thermoplasmatales	Thermoplasmataceae	UBA509	86.09	2.07	1414939	1537
GCA_035560655.1	50	Halobacteriota	Methanosarcinia	Methanotrichales	Methanotrichaceae	DATMZB01	85.64	3.57	3073416	3100
GCF_012027325.1	50	Methanobacteriota_B	Thermococci	Thermococcales	Thermococcaceae	Thermococcus_B	99.35	1.5	2277370	2490
GCA_963645865.1	50	Thermoplasmatota	Thermoplasmata	Methanomassiliicoccales	Methanomethylophilaceae	Methanoprimaticola	95.08	0.51	2284352	2390
GCA_036518375.1	50	Thermoproteota	Nitrososphaeria	Nitrososphaerales	Nitrososphaeraceae	JAFAQB01	95.41	2.19	3481051	4414
GCA_025464425.1	50	Halobacteriota	Syntropharchaeia	Alkanophagales	Methanospirareceae	G60ANME1	73.22	0.67	981676	1125
GCA_023474155.1	50	Micrarchaeota	Micrarchaeia	Micrarchaeales	Micrarchaeaceae	JAJZMY01	84.9	0.25	675824	744
GCF_037645885.1	50	Halobacteriota	Halobacteria	Halobacteriales	Haloarculaceae	Salinibaculum	99.92	2.17	3663852	3779
GCA_035363235.1	50	Halobacteriota	Methanomicrobia	Methanomicrobiales	Methanoculleaceae	Methanoculleus	77.6	4.72	2346909	2559
GCA_033813295.1	50	Halobacteriota	Methanomicrobia	Methanomicrobiales	Methanospirillaceae	Methanolinea_A	96.27	0.54	2214666	2184
GCA_035615875.1	50	Thermoproteota	Thermoprotei_A	Sulfolobales	Acidilobaceae	Thermodiscus	67.07	0.81	1263156	1403
GCA_937911445.1	50	Thermoplasmatota	Poseidoniia	Poseidoniales	Poseidoniaceae	MGIIa-L2	87.51	0.41	2036538	1896
GCA_021802125.1	50	Thermoplasmatota	Thermoplasmata	UBA184	UBA184	JAKAAX01	89.9	0.24	2626817	2191
GCA_027339745.1	50	Thermoproteota	Nitrososphaeria	Nitrososphaerales	UBA183	UBA183	60.22	0.14	761939	867
GCF_900111645.1	50	Halobacteriota	Methanosarcinia	Methanosarcinales	Methanosarcinaceae	Methanococcoides	99.95	0.58	2314846	2277
GCA_021810455.1	50	Micrarchaeota	Micrarchaeia	Micrarchaeales	CABMGC01	JAJZIU01	84.6	0.76	787949	868
GCF_024228675.1	50	Halobacteriota	Halobacteria	Halobacteriales	Haloferacaceae	Salinigranum	99.87	4.36	4906407	4858
GCA_018303045.1	50	Nanobdellota	Nanobdellia	Woesearchaeales	GW2011-AR9	JAGVYX01	84.33	1.08	1009623	1177
GCA_963996605.1	50	Thermoplasmatota	Poseidoniia	Poseidoniales	Thalassarchaeaceae	UBA36	85.08	0.2	1316236	1380
GCA_039714095.1	50	Nanobdellota	Nanobdellia	Pacearchaeales	GW2011-AR1	JAUVHP01	89.55	0.16	756630	961
GCA_013403005.1	50	Methanobacteriota	Methanobacteria	Methanobacteriales	Methanobacteriaceae	Methanobacterium	99.76	1.59	2370914	2252
GCF_025699255.1	50	Thermoproteota	Nitrososphaeria	Nitrososphaerales	Nitrosopumilaceae	Nitrosopumilus	99.52	0.21	1649374	2000
GCA_030630695.1	50	Nanobdellota	Nanobdellia	Woesearchaeales	ARS49	WJKI01	65.74	2.01	699177	966
GCA_041305025.1	51	Thermoplasmatota	E2	DHVEG-1	DHVEG-1	JBFYMG01	73.24	0.81	1284565	1271
GCA_013425375.1	51	Micrarchaeota	Micrarchaeia	Anstonellales	Bilamarchaeaceae	Bilamarchaeum	81.8	0.18	1097012	1153
GCF_000328525.1	51	Halobacteriota	Halobacteria	Halobacteriales	Natrialbaceae	Halovivax	99.89	0.7	3223876	3132
GCA_015523665.1	51	Halobacteriota	Archaeoglobi	Archaeoglobales	Archaeoglobaceae	WAJX01	81.72	0.65	1426430	1658
GCA_038883475.1	51	Thermoproteota	Bathyarchaeia	Bathyarchaeales	Bathycorpusculaceae	JAVZLH01	93.97	1.19	1347895	1540
GCA_021816965.1	51	Thermoplasmatota	Thermoplasmata	Thermoplasmatales	Thermoplasmataceae	Cuniculiplasma	85.54	0.15	1359553	1463
GCA_026394475.1	51	Halobacteriota	Methanosarcinia	Methanotrichales	Methanotrichaceae	Methanothrix	84.47	0.0	1916591	2152
GCF_000221185.1	51	Methanobacteriota_B	Thermococci	Thermococcales	Thermococcaceae	Thermococcus	99.34	0.46	2011320	2118
GCA_016284295.1	51	Thermoplasmatota	Thermoplasmata	Methanomassiliicoccales	Methanomethylophilaceae	Methanoprimaticola	94.97	2.67	1857069	1806
GCF_946478925.1	51	Thermoproteota	Nitrososphaeria	Nitrososphaerales	Nitrososphaeraceae	Nitrososphaera	95.38	0.46	1889774	2406
GCA_023659775.1	51	Halobacteriota	Syntropharchaeia	Alkanophagales	Methanospirareceae	JAGXOS01	66.38	1.08	1625630	2054
GCA_903858385.1	51	Micrarchaeota	Micrarchaeia	Micrarchaeales	Micrarchaeaceae	CAIOIN01	84.83	0.4	761931	884
GCF_029338195.1	51	Halobacteriota	Halobacteria	Halobacteriales	Haloarculaceae	Haloarcula	99.91	4.51	3789806	3967
GCA_041677325.1	51	Halobacteriota	Methanomicrobia	Methanomicrobiales	Methanoculleaceae	Methanoculleus	71.33	0.9	1661309	1881
GCA_030694985.1	51	Halobacteriota	Methanomicrobia	Methanomicrobiales	Methanospirillaceae	Methanoregula	96.09	0.74	2490703	2552
GCA_027039295.1	51	Thermoproteota	Thermoprotei_A	Sulfolobales	Acidilobaceae	Calypsonella	66.79	2.49	1080654	1260
GCA_003602575.1	51	Thermoplasmatota	Poseidoniia	Poseidoniales	Poseidoniaceae	MGIIa-L1	87.45	1.74	1972716	1661
GCA_028864975.1	51	Thermoplasmatota	Thermoplasmata	UBA184	UBA184	JAKAAX01	89.59	1.89	3613232	3369
GCA_041483615.1	51	Thermoproteota	Nitrososphaeria	Nitrososphaerales	UBA183	BOG-1369	59.05	0.33	929504	1127
GCA_033549165.1	51	Halobacteriota	Methanosarcinia	Methanosarcinales	Methanosarcinaceae	Methanolobus	99.94	2.87	2943757	2999
GCA_023270055.1	51	Micrarchaeota	Micrarchaeia	Micrarchaeales	CABMGC01	JAGDYB01	84.1	0.95	765938	795
GCF_031624635.1	51	Halobacteriota	Halobacteria	Halobacteriales	Haloferacaceae	Halogeometricum	99.87	3.87	4664097	4658
GCA_002762845.1	51	Nanobdellota	Nanobdellia	Woesearchaeales	GW2011-AR9	PCYB01	83.49	0.05	859335	932
GCA_937897085.1	51	Thermoplasmatota	Poseidoniia	Poseidoniales	Thalassarchaeaceae	JAKUTA01	85.01	0.36	1873081	1768
GCA_038045385.1	51	Nanobdellota	Nanobdellia	Pacearchaeales	GW2011-AR1	JBBSYE01	89.48	0.31	782892	1032
GCF_934746965.1	51	Methanobacteriota	Methanobacteria	Methanobacteriales	Methanobacteriaceae	Methanocatella	99.75	0.51	1778233	1740
GCA_009840065.1	51	Thermoproteota	Nitrososphaeria	Nitrososphaerales	Nitrosopumilaceae	VYCS01	99.51	0.0	1573815	1791
GCA_016213425.1	51	Nanobdellota	Nanobdellia	Woesearchaeales	ARS49	JACRKG01	56.48	1.22	1068553	1442
GCA_030615845.1	52	Thermoplasmatota	E2	DHVEG-1	DHVEG-1	JAUWYM01	72.82	0.08	1053148	1210
GCA_030666035.1	52	Micrarchaeota	Micrarchaeia	Anstonellales	Bilamarchaeaceae	CAIKOA01	81.75	0.34	949737	1087
GCF_000731985.1	52	Halobacteriota	Halobacteria	Halobacteriales	Natrialbaceae	Natrinema	99.89	0.12	3774135	3794
GCA_027016055.1	52	Halobacteriota	Archaeoglobi	Archaeoglobales	Archaeoglobaceae	WAKM01	81.36	0.95	1500411	1905
GCA_018396875.1	52	Thermoproteota	Bathyarchaeia	Bathyarchaeales	Bathycorpusculaceae	DRVP01	93.78	1.64	1245928	1394
GCA_021792595.1	52	Thermoplasmatota	Thermoplasmata	Thermoplasmatales	Thermoplasmataceae	JAMDBT01	85.35	0.07	1349021	1453
GCA_028679775.1	52	Halobacteriota	Methanosarcinia	Methanotrichales	Methanotrichaceae	Methanothrix	83.26	2.67	2342195	2611
GCF_000265525.1	52	Methanobacteriota_B	Thermococci	Thermococcales	Thermococcaceae	Thermococcus	99.3	0.3	1950313	2074
GCA_009780575.1	52	Thermoplasmatota	Thermoplasmata	Methanomassiliicoccales	Methanomethylophilaceae	Methanomicula	94.87	0.39	1370212	1429
GCA_025923455.1	52	Thermoproteota	Nitrososphaeria	Nitrososphaerales	Nitrososphaeraceae	TA-21	95.37	0.23	1931209	2372
GCA_016782355.1	52	Halobacteriota	Syntropharchaeia	Alkanophagales	Methanospirareceae	WJOV01	61.31	0.22	1009202	1288
GCA_021821445.1	52	Micrarchaeota	Micrarchaeia	Micrarchaeales	Micrarchaeaceae	Mancarchaeum	84.82	1.02	839642	891
GCA_002844335.1	52	Halobacteriota	Halobacteria	Halobacteriales	Haloarculaceae	Haloarcula	99.91	0.45	3721706	3830
GCF_041645475.1	52	Halobacteriota	Methanomicrobia	Methanomicrobiales	Methanospirillaceae	Methanoregula	95.97	0.49	3132087	3064
GCA_013152575.1	52	Thermoproteota	Thermoprotei_A	Sulfolobales	Acidilobaceae	Thermodiscus	65.27	0.03	980095	1176
GCA_002494645.1	52	Thermoplasmatota	Poseidoniia	Poseidoniales	Poseidoniaceae	Poseidonia	87.36	0.0	1794878	1514
GCA_030037955.1	52	Thermoplasmatota	Thermoplasmata	UBA184	UBA184	JAKIWV01	89.57	0.82	1882223	1973
GCA_035534595.1	52	Thermoproteota	Nitrososphaeria	Nitrososphaerales	UBA183	BOG-1369	57.59	0.41	1261327	1448
GCA_963676195.1	52	Halobacteriota	Methanosarcinia	Methanosarcinales	Methanosarcinaceae	Methanococcoides	99.94	1.51	3040266	2640
GCA_021796295.1	52	Micrarchaeota	Micrarchaeia	Micrarchaeales	CABMGC01	JAJYIA01	83.99	0.79	793135	846
GCF_001469955.1	52	Halobacteriota	Halobacteria	Halobacteriales	Haloferacaceae	Haloprofundus	99.86	0.54	3929557	4029
GCA_018303265.1	52	Nanobdellota	Nanobdellia	Woesearchaeales	GW2011-AR9	JAGVYN01	83.13	0.32	866278	1004
GCA_002505455.1	52	Thermoplasmatota	Poseidoniia	Poseidoniales	Thalassarchaeaceae	MGIIb-N1	84.81	2.56	1439628	1297
GCA_038045265.1	52	Nanobdellota	Nanobdellia	Pacearchaeales	GW2011-AR1	SICV01	89.43	1.89	860721	1084
GCF_030323845.1	52	Methanobacteriota	Methanobacteria	Methanobacteriales	Methanobacteriaceae	Methanobacterium	99.73	0.12	1983764	2121
GCA_963662625.1	52	Thermoproteota	Nitrososphaeria	Nitrososphaerales	Nitrosopumilaceae	JAPOPJ01	99.51	0.32	1858698	1988
GCA_020054475.1	53	Thermoplasmatota	E2	DHVEG-1	DHVEG-1	JAJISJ01	72.04	0.28	1676491	1773
GCA_022627495.1	53	Micrarchaeota	Micrarchaeia	Anstonellales	Bilamarchaeaceae	Bilamarchaeum	81.62	1.45	1449026	1425
GCF_003841505.1	53	Halobacteriota	Halobacteria	Halobacteriales	Natrialbaceae	Natrarchaeobius	99.89	2.33	4566486	4453
GCA_003662985.1	53	Halobacteriota	Archaeoglobi	Archaeoglobales	Archaeoglobaceae	Archaeoglobus_A	80.7	1.47	2151393	2652
GCA_038848005.1	53	Thermoproteota	Bathyarchaeia	Bathyarchaeales	Bathycorpusculaceae	JAWCNN01	93.75	0.85	1301921	1532
GCA_021826925.1	53	Thermoplasmatota	Thermoplasmata	Thermoplasmatales	Thermoplasmataceae	JAKAYB01	85.29	0.8	1576280	1789
GCA_013329455.1	53	Halobacteriota	Methanosarcinia	Methanotrichales	Methanotrichaceae	Methanocrinis	81.53	1.71	2171495	2363
GCF_012027495.1	53	Methanobacteriota_B	Thermococci	Thermococcales	Thermococcaceae	Thermococcus	99.18	0.22	2139369	2333
GCA_023402275.1	53	Thermoplasmatota	Thermoplasmata	Methanomassiliicoccales	Methanomethylophilaceae	Methanoplasma	94.55	1.07	1414716	1424
GCF_037447015.1	53	Thermoproteota	Nitrososphaeria	Nitrososphaerales	Nitrososphaeraceae	Nitrososphaera	95.18	0.14	2224110	2572
GCA_030621535.1	53	Halobacteriota	Syntropharchaeia	Alkanophagales	Methanospirareceae	QEXZ01	60.57	0.01	1090776	1328
GCA_021828155.1	53	Micrarchaeota	Micrarchaeia	Micrarchaeales	Micrarchaeaceae	JAMCYM01	84.69	0.48	590228	660
GCF_025517535.1	53	Halobacteriota	Halobacteria	Halobacteriales	Haloarculaceae	Halapricum	99.89	1.65	3360058	3408
GCA_016699325.1	53	Halobacteriota	Methanomicrobia	Methanomicrobiales	Methanospirillaceae	UBA9949	95.91	0.07	1951130	2051
GCA_015520195.1	53	Thermoproteota	Thermoprotei_A	Sulfolobales	Acidilobaceae	WAQN01	64.12	0.52	1321984	1426
GCA_964012565.1	53	Thermoplasmatota	Poseidoniia	Poseidoniales	Poseidoniaceae	MGIIa-K1	87.27	2.92	1559366	1519
GCA_013290045.1	53	Thermoplasmatota	Thermoplasmata	UBA184	UBA184	UBA184	89.51	0.57	2227652	2167
GCA_027887045.1	53	Thermoproteota	Nitrososphaeria	Nitrososphaerales	UBA183	JAPCJH01	55.61	0.83	1195339	1353
GCF_000979455.1	53	Halobacteriota	Methanosarcinia	Methanosarcinales	Methanosarcinaceae	Methanosarcina	99.93	1.17	4074625	3446
GCA_021817505.1	53	Micrarchaeota	Micrarchaeia	Micrarchaeales	CABMGC01	JAKAUU01	83.76	0.75	839263	948
GCF_024494575.1	53	Halobacteriota	Halobacteria	Halobacteriales	Haloferacaceae	Halorubrum	99.86	3.23	2727534	2749
GCA_016203215.1	53	Nanobdellota	Nanobdellia	Woesearchaeales	GW2011-AR9	JACOZP01	83.04	0.15	649795	757
GCA_002504905.1	53	Thermoplasmatota	Poseidoniia	Poseidoniales	Thalassarchaeaceae	MGIIb-O2	84.73	0.2	1435715	1266
GCA_903866625.1	53	Nanobdellota	Nanobdellia	Pacearchaeales	GW2011-AR1	CAIPOI01	89.43	0.2	725599	936
GCA_002505765.1	53	Methanobacteriota	Methanobacteria	Methanobacteriales	Methanobacteriaceae	Methanobacterium_D	99.69	0.05	2273801	2348
GCF_000812185.1	53	Thermoproteota	Nitrososphaeria	Nitrososphaerales	Nitrosopumilaceae	Nitrosopelagicus	99.5	0.02	1232128	1470
GCA_030609445.1	54	Thermoplasmatota	E2	DHVEG-1	DHVEG-1	JAUWYM01	66.28	0.95	1123881	1288
GCA_040754495.1	54	Micrarchaeota	Micrarchaeia	Anstonellales	Bilamarchaeaceae	Bilamarchaeum	80.39	1.46	1631583	1685
GCF_900103505.1	54	Halobacteriota	Halobacteria	Halobacteriales	Natrialbaceae	Haloarchaeobius	99.89	1.33	3768606	3870
GCA_029259345.1	54	Halobacteriota	Archaeoglobi	Archaeoglobales	Archaeoglobaceae	Archaeoglobus	79.84	0.29	1486306	1770
GCA_031254875.1	54	Thermoproteota	Bathyarchaeia	Bathyarchaeales	Bathycorpusculaceae	Bathycorpusculum	93.35	2.52	2295504	2259
GCA_027366585.1	54	Thermoplasmatota	Thermoplasmata	Thermoplasmatales	Thermoplasmataceae	UBA582	85.18	1.19	1708166	1781
GCA_002498745.1	54	Halobacteriota	Methanosarcinia	Methanotrichales	Methanotrichaceae	Methanothrix	80.8	1.1	2000521	2224
GCF_024054535.1	54	Methanobacteriota_B	Thermococci	Thermococcales	Thermococcaceae	Thermococcus_A	99.17	0.2	1890295	2081
GCA_012520845.1	54	Thermoplasmatota	Thermoplasmata	Methanomassiliicoccales	Methanomethylophilaceae	JAAYNL01	94.44	0.85	1382810	1357
GCA_023250885.1	54	Thermoproteota	Nitrososphaeria	Nitrososphaerales	Nitrososphaeraceae	Nitrososphaera	95.18	0.3	1491596	1971
GCA_009618475.1	54	Halobacteriota	Syntropharchaeia	Alkanophagales	Methanospirareceae	WJOV01	59.42	0.01	1093430	1423
GCA_035534575.1	54	Micrarchaeota	Micrarchaeia	Micrarchaeales	Micrarchaeaceae	JAGWFU01	84.62	0.07	787281	917
GCF_009184545.1	54	Halobacteriota	Halobacteria	Halobacteriales	Haloarculaceae	Halosegnis	99.88	2.35	2660599	2815
GCA_025350045.1	54	Halobacteriota	Methanomicrobia	Methanomicrobiales	Methanospirillaceae	Methanoregula	95.9	2.2	2534045	2670
GCA_026985385.1	54	Thermoproteota	Thermoprotei_A	Sulfolobales	Acidilobaceae	Calypsonella	63.85	0.07	1247188	1383
GCA_030827475.1	54	Thermoplasmatota	Poseidoniia	Poseidoniales	Poseidoniaceae	Poseidonia	87.2	0.66	1824121	1605
GCA_030041075.1	54	Thermoplasmatota	Thermoplasmata	UBA184	UBA184	UBA184	89.4	0.36	1607248	1637
GCA_027320425.1	54	Thermoproteota	Nitrososphaeria	Nitrososphaerales	UBA183	UBA183	53.51	0.67	906843	1078
GCF_900774055.1	54	Halobacteriota	Methanosarcinia	Methanosarcinales	Methanosarcinaceae	Methanococcoides	99.93	0.11	2482578	2486
GCA_030040335.1	54	Micrarchaeota	Micrarchaeia	Micrarchaeales	CABMGC01	JAJYVH01	83.74	4.69	906634	1057
GCF_002286985.1	54	Halobacteriota	Halobacteria	Halobacteriales	Haloferacaceae	Halorubrum	99.85	1.29	3506649	3352
GCA_020053615.1	54	Nanobdellota	Nanobdellia	Woesearchaeales	GW2011-AR9	JACRPH01	83.04	0.39	1374813	1638
GCA_963999385.1	54	Thermoplasmatota	Poseidoniia	Poseidoniales	Thalassarchaeaceae	JAKUTA01	84.69	0.0	1838172	1673
GCA_016866975.1	54	Nanobdellota	Nanobdellia	Pacearchaeales	GW2011-AR1	VGKP01	89.39	0.52	805708	975
GCA_012838205.1	54	Methanobacteriota	Methanobacteria	Methanobacteriales	Methanobacteriaceae	Methanobacterium	99.64	0.01	1873721	1919
GCA_021325595.1	54	Thermoproteota	Nitrososphaeria	Nitrososphaerales	Nitrosopumilaceae	Nitrosotalea	99.48	0.47	1637659	1962
GCA_035561675.1	55	Thermoplasmatota	E2	DHVEG-1	DHVEG-1	SM1-50	65.84	0.45	1453440	1457
GCA_040758235.1	55	Micrarchaeota	Micrarchaeia	Anstonellales	Bilamarchaeaceae	Bilamarchaeum	79.56	1.48	1570449	1701
GCF_000383975.1	55	Halobacteriota	Halobacteria	Halobacteriales	Natrialbaceae	Natronorubrum	99.88	4.22	4934841	4750
GCA_025057895.1	55	Halobacteriota	Archaeoglobi	Archaeoglobales	Archaeoglobaceae	WYZ-LMO2	78.94	0.0	1014292	1171
GCA_013388905.1	55	Thermoproteota	Bathyarchaeia	Bathyarchaeales	Bathycorpusculaceae	JACAEI01	93.33	2.08	1501575	1677
GCA_021817735.1	55	Thermoplasmatota	Thermoplasmata	Thermoplasmatales	Thermoplasmataceae	JAKAFX01	84.91	0.18	1380573	1451
GCA_026394565.1	55	Halobacteriota	Methanosarcinia	Methanotrichales	Methanotrichaceae	Methanothrix	79.48	0.83	2294503	2490
GCF_000022545.1	55	Methanobacteriota_B	Thermococci	Thermococcales	Thermococcaceae	Thermococcus_A	99.14	0.39	1845800	2021
GCA_015063245.1	55	Thermoplasmatota	Thermoplasmata	Methanomassiliicoccales	Methanomethylophilaceae	Methanoprimaticola	94.39	0.71	1487577	1485
GCA_036520175.1	55	Thermoproteota	Nitrososphaeria	Nitrososphaerales	Nitrososphaeraceae	TH1177	95.14	0.9	2477532	2801
GCA_030621945.1	55	Halobacteriota	Syntropharchaeia	Alkanophagales	Methanospirareceae	JACGMN01	56.21	1.05	1185486	1482
GCA_021785805.1	55	Micrarchaeota	Micrarchaeia	Micrarchaeales	Micrarchaeaceae	JAJZYD01	84.11	0.61	904771	974
GCF_013391085.1	55	Halobacteriota	Halobacteria	Halobacteriales	Haloarculaceae	Natronomonas	99.88	2.03	3211682	3392
GCF_023227875.1	55	Halobacteriota	Methanomicrobia	Methanomicrobiales	Methanospirillaceae	Methanoregula	95.89	0.74	2847625	2934
GCA_026985435.1	55	Thermoproteota	Thermoprotei_A	Sulfolobales	Acidilobaceae	Calypsonella	61.79	1.54	1210218	1348
GCA_002497765.1	55	Thermoplasmatota	Poseidoniia	Poseidoniales	Poseidoniaceae	Poseidonia	86.99	0.33	1802484	1545
GCA_035499455.1	55	Thermoplasmatota	Thermoplasmata	UBA184	UBA184	UBA184	89.25	0.37	1780506	1718
GCA_027320175.1	55	Thermoproteota	Nitrososphaeria	Nitrososphaerales	UBA183	UBA183	53.12	0.12	881893	1024
GCF_020804225.1	55	Halobacteriota	Methanosarcinia	Methanosarcinales	Methanosarcinaceae	Methanosarcina	99.92	1.04	4596082	3856
GCA_021850805.1	55	Micrarchaeota	Micrarchaeia	Micrarchaeales	CABMGC01	JAKBQS01	83.69	1.07	882516	919
GCF_013401515.1	55	Halobacteriota	Halobacteria	Halobacteriales	Haloferacaceae	Halorarum	99.85	2.29	4277959	4293
GCA_002686315.1	55	Nanobdellota	Nanobdellia	Woesearchaeales	GW2011-AR9	UBA11998	82.49	4.32	1145350	1341
GCA_036251765.1	55	Thermoplasmatota	Poseidoniia	Poseidoniales	Thalassarchaeaceae	UBA36	84.63	2.04	1197688	1107
GCA_903873955.1	55	Nanobdellota	Nanobdellia	Pacearchaeales	GW2011-AR1	CAIQQL01	89.36	2.03	1233698	1313
GCF_017873625.1	55	Methanobacteriota	Methanobacteria	Methanobacteriales	Methanobacteriaceae	Methanobacterium	99.63	1.0	2468550	2365
GCA_024276695.1	55	Thermoproteota	Nitrososphaeria	Nitrososphaerales	Nitrosopumilaceae	Nitrosopumilus	99.48	0.59	1560517	2017
GCA_030605515.1	56	Thermoplasmatota	E2	DHVEG-1	DHVEG-1	JAUWIE01	65.52	0.13	1534361	1577
GCA_018813445.1	56	Micrarchaeota	Micrarchaeia	Anstonellales	Bilamarchaeaceae	JAHJBR01	78.61	0.1	916956	1084
GCF_000337195.1	56	Halobacteriota	Halobacteria	Halobacteriales	Natrialbaceae	Natrinema	99.87	1.07	4190799	4285
GCA_003978865.1	56	Halobacteriota	Archaeoglobi	Archaeoglobales	Archaeoglobaceae	WAPX01	76.52	0.06	1106720	1249
GCA_041481365.1	56	Thermoproteota	Bathyarchaeia	Bathyarchaeales	Bathycorpusculaceae	DASPTR01	93.22	2.73	1627250	1816
GCA_021802205.1	56	Thermoplasmatota	Thermoplasmata	Thermoplasmatales	Thermoplasmataceae	Ferroplasma	84.62	4.05	1752341	1900
GCA_902385025.1	56	Halobacteriota	Methanosarcinia	Methanotrichales	Methanotrichaceae	Methanothrix	78.6	0.96	2278623	2584
GCF_001647085.1	56	Methanobacteriota_B	Thermococci	Thermococcales	Thermococcaceae	Thermococcus	99.14	0.28	1928800	2270
GCA_963637895.1	56	Thermoplasmatota	Thermoplasmata	Methanomassiliicoccales	Methanomethylophilaceae	Methanoprimaticola	94.36	1.34	1877148	1998
GCA_005877075.1	56	Thermoproteota	Nitrososphaeria	Nitrososphaerales	Nitrososphaeraceae	TA-21	94.9	0.51	1966839	2451
GCA_034722635.1	56	Halobacteriota	Syntropharchaeia	Alkanophagales	Methanospirareceae	QENJ01	51.01	0.06	1039069	1138
GCA_021790455.1	56	Micrarchaeota	Micrarchaeia	Micrarchaeales	Micrarchaeaceae	JAJZYD01	84.01	0.09	782120	855
GCF_014647235.1	56	Halobacteriota	Halobacteria	Halobacteriales	Haloarculaceae	Haloarcula	99.88	2.18	3961411	4049
GCA_030019395.1	56	Halobacteriota	Methanomicrobia	Methanomicrobiales	Methanospirillaceae	Methanolinea_A	95.76	0.06	1805353	1887
GCA_015521205.1	56	Thermoproteota	Thermoprotei_A	Sulfolobales	Acidilobaceae	S143-140	55.45	0.0	768821	860
GCA_030747695.1	56	Thermoplasmatota	Poseidoniia	Poseidoniales	Poseidoniaceae	MGIIa-K1	86.88	0.01	1790024	1465
GCA_030041175.1	56	Thermoplasmatota	Thermoplasmata	UBA184	UBA184	JAKIWV01	89.18	0.73	1794565	1838
GCF_000970045.1	56	Halobacteriota	Methanosarcinia	Methanosarcinales	Methanosarcinaceae	MTP4	99.91	0.24	4211468	3520
GCA_021791075.1	56	Micrarchaeota	Micrarchaeia	Micrarchaeales	CABMGC01	JAKAVK01	83.62	0.0	980756	1182
GCF_000237865.1	56	Halobacteriota	Halobacteria	Halobacteriales	Haloferacaceae	Haloquadratum	99.84	0.18	3260476	3095
GCA_035289385.1	56	Nanobdellota	Nanobdellia	Woesearchaeales	GW2011-AR9	JACOZM01	81.75	1.38	1196959	1323
GCA_030747395.1	56	Thermoplasmatota	Poseidoniia	Poseidoniales	Thalassarchaeaceae	MGIIb-P	84.47	0.19	1611084	1451
GCA_964202455.1	56	Nanobdellota	Nanobdellia	Pacearchaeales	GW2011-AR1	VGKP01	89.31	1.1	950238	1049
GCF_002072215.1	56	Methanobacteriota	Methanobacteria	Methanobacteriales	Methanobacteriaceae	Methanobinarius	99.6	0.29	2445031	1964
GCA_005877205.1	56	Thermoproteota	Nitrososphaeria	Nitrososphaerales	Nitrosopumilaceae	Nitrosotalea	99.47	0.83	1562348	1885
GCA_030606465.1	57	Thermoplasmatota	E2	DHVEG-1	DHVEG-1	JAUWGL01	64.46	0.43	977435	1068
GCA_021823425.1	57	Micrarchaeota	Micrarchaeia	Anstonellales	Bilamarchaeaceae	JAHJBR01	77.32	0.72	1073931	1184
GCF_900100335.1	57	Halobacteriota	Halobacteria	Halobacteriales	Natrialbaceae	Natronorubrum	99.87	0.78	4641793	4499
GCA_003663055.1	57	Halobacteriota	Archaeoglobi	Archaeoglobales	Archaeoglobaceae	Archaeoglobus_C	76.39	0.99	1448793	1856
GCA_016927895.1	57	Thermoproteota	Bathyarchaeia	Bathyarchaeales	Bathycorpusculaceae	SG8-32-3	93.18	4.2	1693721	1870
GCA_023379845.1	57	Thermoplasmatota	Thermoplasmata	Thermoplasmatales	Thermoplasmataceae	UBA582	84.24	0.79	1509415	1534
GCA_028688535.1	57	Halobacteriota	Methanosarcinia	Methanotrichales	Methanotrichaceae	Methanothrix	78.07	2.74	2505932	2918
GCF_002214525.1	57	Methanobacteriota_B	Thermococci	Thermococcales	Thermococcaceae	Thermococcus	99.14	0.31	1522818	1613
GCA_963586845.1	57	Thermoplasmatota	Thermoplasmata	Methanomassiliicoccales	Methanomethylophilaceae	Methanoprimaticola	94.15	2.07	1795797	1898
GCA_036519825.1	57	Thermoproteota	Nitrososphaeria	Nitrososphaerales	Nitrososphaeraceae	Nitrososphaera	94.88	0.78	2014982	2345
GCA_027345565.1	57	Micrarchaeota	Micrarchaeia	Micrarchaeales	Micrarchaeaceae	JAJZAB01	83.87	0.94	600410	666
GCF_037078405.1	57	Halobacteriota	Halobacteria	Halobacteriales	Haloarculaceae	Haloarcula	99.88	1.23	3753822	3808
GCA_035528475.1	57	Halobacteriota	Methanomicrobia	Methanomicrobiales	Methanospirillaceae	SD8	95.74	0.84	2189626	2294
GCA_024958795.1	57	Thermoplasmatota	Poseidoniia	Poseidoniales	Poseidoniaceae	MGIIa-L1	86.84	3.26	1875295	1621
GCA_041476045.1	57	Thermoplasmatota	Thermoplasmata	UBA184	UBA184	UBA184	89.1	0.31	1992913	1970
GCF_038432375.1	57	Halobacteriota	Methanosarcinia	Methanosarcinales	Methanosarcinaceae	Methanococcoides	99.91	0.04	2310830	2268
GCA_027345185.1	57	Micrarchaeota	Micrarchaeia	Micrarchaeales	CABMGC01	JAJZNA01	83.3	0.35	923268	1078
GCF_003721435.2	57	Halobacteriota	Halobacteria	Halobacteriales	Haloferacaceae	Halorubrum	99.84	3.3	3582278	3567
GCA_016179955.1	57	Nanobdellota	Nanobdellia	Woesearchaeales	GW2011-AR9	JACPCD01	80.86	0.55	953950	1161
GCA_002504845.1	57	Thermoplasmatota	Poseidoniia	Poseidoniales	Thalassarchaeaceae	MGIIb-N1	84.39	0.04	1259830	1183
GCA_018304105.1	57	Nanobdellota	Nanobdellia	Pacearchaeales	GW2011-AR1	UBA73	89.26	0.34	1055307	1303
GCA_002495685.1	57	Methanobacteriota	Methanobacteria	Methanobacteriales	Methanobacteriaceae	UBA412	99.6	0.08	1681116	1617
GCF_000299365.1	57	Thermoproteota	Nitrososphaeria	Nitrososphaerales	Nitrosopumilaceae	Nitrosopumilus	99.46	0.62	1639964	2031
GCA_020350365.1	58	Thermoplasmatota	E2	DHVEG-1	DHVEG-1	SG8-52-3	64.42	0.32	1824175	1671
GCA_033853355.1	58	Micrarchaeota	Micrarchaeia	Anstonellales	Bilamarchaeaceae	Bilamarchaeum	75.87	4.04	1473250	1586
GCF_002156705.1	58	Halobacteriota	Halobacteria	Halobacteriales	Natrialbaceae	Natrarchaeobaculum	99.84	0.46	3930546	3804
GCA_025058955.1	58	Halobacteriota	Archaeoglobi	Archaeoglobales	Archaeoglobaceae	WYZ-LMO2	73.0	0.0	1089245	1344
GCA_038849555.1	58	Thermoproteota	Bathyarchaeia	Bathyarchaeales	Bathycorpusculaceae	JAOAIV01	92.86	0.11	1556494	1660
GCA_021818675.1	58	Thermoplasmatota	Thermoplasmata	Thermoplasmatales	Thermoplasmataceae	GCA-000496135	83.77	0.33	1420862	1473
GCA_035402785.1	58	Halobacteriota	Methanosarcinia	Methanotrichales	Methanotrichaceae	Methanothrix	77.99	0.0	1852524	1999
GCF_012027595.1	58	Methanobacteriota_B	Thermococci	Thermococcales	Thermococcaceae	Thermococcus	99.13	0.22	2048798	2312
GCA_963650175.1	58	Thermoplasmatota	Thermoplasmata	Methanomassiliicoccales	Methanomethylophilaceae	Methanoprimaticola	94.03	0.65	2073044	1984
GCA_037720485.1	58	Thermoproteota	Nitrososphaeria	Nitrososphaerales	Nitrososphaeraceae	Nitrosocosmicus	94.88	0.88	2258546	2590
GCA_021827955.1	58	Micrarchaeota	Micrarchaeia	Micrarchaeales	Micrarchaeaceae	JAKATY01	83.84	1.11	618087	699
GCF_004698125.1	58	Halobacteriota	Halobacteria	Halobacteriales	Haloarculaceae	Halosimplex	99.87	3.71	4467366	4358
GCA_035543455.1	58	Halobacteriota	Methanomicrobia	Methanomicrobiales	Methanospirillaceae	CAIKOD01	95.7	0.83	1996131	2039
GCA_038124565.1	58	Thermoplasmatota	Poseidoniia	Poseidoniales	Poseidoniaceae	Poseidonia	86.61	0.35	1885405	1620
GCA_030037815.1	58	Thermoplasmatota	Thermoplasmata	UBA184	UBA184	UBA184	88.95	1.04	1565057	1589
GCA_020055655.1	58	Halobacteriota	Methanosarcinia	Methanosarcinales	Methanosarcinaceae	Methanolobus	99.91	0.9	2476202	2546
GCA_027334165.1	58	Micrarchaeota	Micrarchaeia	Micrarchaeales	CABMGC01	JAKAVK01	82.91	0.53	816130	850
GCF_900115785.1	58	Halobacteriota	Halobacteria	Halobacteriales	Haloferacaceae	Halogeometricum	99.84	1.04	3616269	3631
GCA_013204355.1	58	Nanobdellota	Nanobdellia	Woesearchaeales	GW2011-AR9	1-14-0-10-32-24	80.73	0.74	1042179	1267
GCA_030749075.1	58	Thermoplasmatota	Poseidoniia	Poseidoniales	Thalassarchaeaceae	UBA36	84.35	4.89	1406340	1209
GCA_038045985.1	58	Nanobdellota	Nanobdellia	Pacearchaeales	GW2011-AR1	JBBSXA01	89.2	0.34	889329	1190
GCF_015062935.1	58	Methanobacteriota	Methanobacteria	Methanobacteriales	Methanobacteriaceae	Methanocatella	99.57	1.3	2499435	2358
GCA_035252645.1	58	Thermoproteota	Nitrososphaeria	Nitrososphaerales	Nitrosopumilaceae	Nitrosotalea	99.4	0.93	1713172	2065
GCA_023140035.1	59	Thermoplasmatota	E2	DHVEG-1	DHVEG-1	JAGLML01	63.84	0.72	1376815	1586
GCA_023247345.1	59	Micrarchaeota	Micrarchaeia	Anstonellales	Bilamarchaeaceae	JAGVWJ01	75.07	4.18	1293583	1589
GCF_009834785.1	59	Halobacteriota	Halobacteria	Halobacteriales	Natrialbaceae	Natronorubrum	99.83	1.07	4556774	4444
GCA_003663025.1	59	Halobacteriota	Archaeoglobi	Archaeoglobales	Archaeoglobaceae	Archaeoglobus_B	72.29	0.11	1869676	2500
GCA_001273385.1	59	Thermoproteota	Bathyarchaeia	Bathyarchaeales	Bathycorpusculaceae	AD8-1	92.77	0.29	1583813	1735
GCA_027368075.1	59	Thermoplasmatota	Thermoplasmata	Thermoplasmatales	Thermoplasmataceae	B-DKE	83.57	0.56	1397509	1590
GCA_026394505.1	59	Halobacteriota	Methanosarcinia	Methanotrichales	Methanotrichaceae	Methanothrix	77.91	1.65	2311955	2712
GCF_000018365.1	59	Methanobacteriota_B	Thermococci	Thermococcales	Thermococcaceae	Thermococcus	98.89	0.14	1847607	1998
GCA_017508065.1	59	Thermoplasmatota	Thermoplasmata	Methanomassiliicoccales	Methanomethylophilaceae	SIG5	93.94	3.2	1654754	1798
GCA_033272285.1	59	Thermoproteota	Nitrososphaeria	Nitrososphaerales	Nitrososphaeraceae	TA-21	94.81	0.67	1962528	2427
GCA_038876335.1	59	Micrarchaeota	Micrarchaeia	Micrarchaeales	Micrarchaeaceae	JAKATY01	83.71	0.64	603201	673
GCA_009789175.1	59	Halobacteriota	Halobacteria	Halobacteriales	Haloarculaceae	Salinibaculum	99.87	4.37	3732358	3880
GCA_002067095.1	59	Halobacteriota	Methanomicrobia	Methanomicrobiales	Methanospirillaceae	Methanolinea_A	95.65	0.87	2239790	2300
GCA_018701175.1	59	Thermoplasmatota	Poseidoniia	Poseidoniales	Poseidoniaceae	MGIIa-L1	86.59	0.55	1899158	1677
GCA_022749845.1	59	Thermoplasmatota	Thermoplasmata	UBA184	UBA184	JAKIVR01	88.54	3.55	1833835	1827
GCF_002287235.1	59	Halobacteriota	Methanosarcinia	Methanosarcinales	Methanosarcinaceae	Methanosarcina	99.9	1.62	5088600	4428
GCA_021850625.1	59	Micrarchaeota	Micrarchaeia	Micrarchaeales	CABMGC01	JAJZOD01	82.86	4.47	807689	868
GCF_013402875.1	59	Halobacteriota	Halobacteria	Halobacteriales	Haloferacaceae	Halorarum	99.83	4.8	4258755	4294
GCA_035288985.1	59	Nanobdellota	Nanobdellia	Woesearchaeales	GW2011-AR9	DATDYP01	79.1	0.3	989280	1106
GCA_964000875.1	59	Thermoplasmatota	Poseidoniia	Poseidoniales	Thalassarchaeaceae	MGIIb-Q1	84.34	0.59	1558774	1549
GCA_030605415.1	59	Nanobdellota	Nanobdellia	Pacearchaeales	GW2011-AR1	JAGVXH01	89.17	0.55	888360	1060
GCA_029219465.1	59	Methanobacteriota	Methanobacteria	Methanobacteriales	Methanobacteriaceae	Methanocatella	99.57	0.07	1657278	1757
GCA_013215285.1	59	Thermoproteota	Nitrososphaeria	Nitrososphaerales	Nitrosopumilaceae	Nitrosopumilus	99.36	0.09	1664924	2089
GCA_030641605.1	60	Thermoplasmatota	E2	DHVEG-1	DHVEG-1	DAOWHD01	56.41	0.2	712612	813
GCA_035290745.1	60	Micrarchaeota	Micrarchaeia	Anstonellales	Bilamarchaeaceae	DATDTS01	74.93	0.49	1102134	1203
GCF_017352095.1	60	Halobacteriota	Halobacteria	Halobacteriales	Natrialbaceae	Natrinema	99.83	0.11	3588874	3555
GCA_027038095.1	60	Halobacteriota	Archaeoglobi	Archaeoglobales	Archaeoglobaceae	WAPX01	68.57	0.84	1045859	1253
GCA_041676085.1	60	Thermoproteota	Bathyarchaeia	Bathyarchaeales	Bathycorpusculaceae	Bathycorpusculum	92.7	1.35	1836433	2105
GCA_021799185.1	60	Thermoplasmatota	Thermoplasmata	Thermoplasmatales	Thermoplasmataceae	UBA509	83.24	1.49	1681583	1792
GCA_035403205.1	60	Halobacteriota	Methanosarcinia	Methanotrichales	Methanotrichaceae	Methanothrix	72.45	2.31	2262959	2384
GCF_027023865.1	60	Methanobacteriota_B	Thermococci	Thermococcales	Thermococcaceae	Thermococcus	98.74	0.69	1917976	2133
GCA_963605395.1	60	Thermoplasmatota	Thermoplasmata	Methanomassiliicoccales	Methanomethylophilaceae	Methanoprimaticola	93.87	1.44	1638059	1644
GCA_035250975.1	60	Thermoproteota	Nitrososphaeria	Nitrososphaerales	Nitrososphaeraceae	TH1177	94.64	2.62	2488707	2757
GCA_023473255.1	60	Micrarchaeota	Micrarchaeia	Micrarchaeales	Micrarchaeaceae	JAMCYW01	83.36	0.16	618347	694
GCF_009663395.1	60	Halobacteriota	Halobacteria	Halobacteriales	Haloarculaceae	Halosegnis	99.85	1.54	2768215	2984
GCA_012728895.1	60	Halobacteriota	Methanomicrobia	Methanomicrobiales	Methanospirillaceae	UBA288	95.07	0.22	2276124	2335
GCA_964227855.1	60	Thermoplasmatota	Poseidoniia	Poseidoniales	Poseidoniaceae	MGIIa-L2	86.59	0.17	1829246	1613
GCA_037916495.1	60	Thermoplasmatota	Thermoplasmata	UBA184	UBA184	UBA184	88.54	2.51	1524064	1603
GCF_000013725.1	60	Halobacteriota	Methanosarcinia	Methanosarcinales	Methanosarcinaceae	Methanococcoides	99.89	0.37	2575032	2616
GCA_021804095.1	60	Micrarchaeota	Micrarchaeia	Micrarchaeales	CABMGC01	JAJZIZ01	82.83	0.53	811394	886
GCF_900100875.1	60	Halobacteriota	Halobacteria	Halobacteriales	Haloferacaceae	Halopelagius	99.82	2.01	3871751	3818
GCA_964201585.1	60	Nanobdellota	Nanobdellia	Woesearchaeales	GW2011-AR9	JACPNA01	77.18	0.69	988611	1204
GCA_028355015.1	60	Thermoplasmatota	Poseidoniia	Poseidoniales	Thalassarchaeaceae	MGIIb-O2	84.24	0.08	1499090	1338
GCA_018830905.1	60	Nanobdellota	Nanobdellia	Pacearchaeales	GW2011-AR1	ASMP01	89.12	0.63	598022	756
GCA_016838945.1	60	Methanobacteriota	Methanobacteria	Methanobacteriales	Methanobacteriaceae	Methanobrevibacter	99.55	1.22	2456747	2230
GCA_016126025.1	60	Thermoproteota	Nitrososphaeria	Nitrososphaerales	Nitrosopumilaceae	VYCS01	99.36	0.1	1859711	2028
GCA_041305425.1	61	Micrarchaeota	Micrarchaeia	Anstonellales	Bilamarchaeaceae	CAILMQ01	73.01	0.96	1005436	1188
GCF_024227435.1	61	Halobacteriota	Halobacteria	Halobacteriales	Natrialbaceae	Natrinema	99.83	3.86	4771358	4674
GCA_029259455.1	61	Halobacteriota	Archaeoglobi	Archaeoglobales	Archaeoglobaceae	Archaeoglobus	54.87	0.01	879016	1156
GCA_026414485.1	61	Thermoproteota	Bathyarchaeia	Bathyarchaeales	Bathycorpusculaceae	JADGNF01	92.49	0.37	1530174	1565
GCA_023379825.1	61	Thermoplasmatota	Thermoplasmata	Thermoplasmatales	Thermoplasmataceae	UBA447	81.56	1.44	1251174	1283
GCA_041305505.1	61	Halobacteriota	Methanosarcinia	Methanotrichales	Methanotrichaceae	Methanothrix	71.17	0.44	1647392	1881
GCF_001577775.1	61	Methanobacteriota_B	Thermococci	Thermococcales	Thermococcaceae	Pyrococcus	98.73	0.43	1977126	2221
GCA_902763685.1	61	Thermoplasmatota	Thermoplasmata	Methanomassiliicoccales	Methanomethylophilaceae	Methanomethylophilus	93.82	0.46	1538546	1592
GCA_013821245.1	61	Thermoproteota	Nitrososphaeria	Nitrososphaerales	Nitrososphaeraceae	Nitrosocosmicus	94.61	1.36	2280241	2702
GCA_027365565.1	61	Micrarchaeota	Micrarchaeia	Micrarchaeales	Micrarchaeaceae	JAMCYG01	83.08	0.05	698791	727
GCF_037080055.1	61	Halobacteriota	Halobacteria	Halobacteriales	Haloarculaceae	Halovenus	99.85	1.46	3736331	3807
GCA_030919125.1	61	Halobacteriota	Methanomicrobia	Methanomicrobiales	Methanospirillaceae	Methanoregula	94.98	0.2	1949073	2145
GCA_964014905.1	61	Thermoplasmatota	Poseidoniia	Poseidoniales	Poseidoniaceae	Poseidonia	86.43	0.38	1977960	1841
GCA_035502015.1	61	Thermoplasmatota	Thermoplasmata	UBA184	UBA184	UBA184	88.31	3.01	1971049	2059
GCF_000196655.1	61	Halobacteriota	Methanosarcinia	Methanosarcinales	Methanosarcinaceae	Methanohalobium	99.89	0.02	2406232	2403
GCA_028867145.1	61	Micrarchaeota	Micrarchaeia	Micrarchaeales	CABMGC01	JAGWGI01	82.78	1.18	681477	789
GCF_900112175.1	61	Halobacteriota	Halobacteria	Halobacteriales	Haloferacaceae	Halogeometricum	99.82	2.51	4187125	4203
GCA_016179995.1	61	Nanobdellota	Nanobdellia	Woesearchaeales	GW2011-AR9	JACPCC01	76.94	0.01	870932	1053
GCA_963694325.1	61	Thermoplasmatota	Poseidoniia	Poseidoniales	Thalassarchaeaceae	MGIIb-P	84.24	0.08	1778872	1616
GCA_002792635.1	61	Nanobdellota	Nanobdellia	Pacearchaeales	GW2011-AR1	CG1-02-35-32	89.0	0.99	776861	1001
GCA_017434555.1	61	Methanobacteriota	Methanobacteria	Methanobacteriales	Methanobacteriaceae	Methanocatella	99.49	1.28	3153686	3317
GCF_040878665.1	61	Thermoproteota	Nitrososphaeria	Nitrososphaerales	Nitrosopumilaceae	Nitrosopumilus	99.31	1.61	1777494	2151
GCA_016180665.1	62	Micrarchaeota	Micrarchaeia	Anstonellales	Bilamarchaeaceae	JACPAS01	71.81	0.26	828957	1032
GCF_020177375.1	62	Halobacteriota	Halobacteria	Halobacteriales	Natrialbaceae	Saliphagus	99.82	4.52	4533468	4627
GCA_025059195.1	62	Thermoproteota	Bathyarchaeia	Bathyarchaeales	Bathycorpusculaceae	DRVP01	92.46	1.83	1370041	1521
GCA_023489435.1	62	Thermoplasmatota	Thermoplasmata	Thermoplasmatales	Thermoplasmataceae	JAJZOM01	81.37	0.0	1349851	1413
GCA_035353195.1	62	Halobacteriota	Methanosarcinia	Methanotrichales	Methanotrichaceae	Methanothrix	70.57	2.15	1701680	1827
GCF_012027305.1	62	Methanobacteriota_B	Thermococci	Thermococcales	Thermococcaceae	Thermococcus	98.66	0.22	2023001	2242
GCA_031290095.1	62	Thermoplasmatota	Thermoplasmata	Methanomassiliicoccales	Methanomethylophilaceae	Methanoplasma	93.63	0.51	1618761	1654
GCA_037441265.1	62	Thermoproteota	Nitrososphaeria	Nitrososphaerales	Nitrososphaeraceae	Nitrososphaera	94.45	1.28	1893341	2303
GCA_021792115.1	62	Micrarchaeota	Micrarchaeia	Micrarchaeales	Micrarchaeaceae	JAJZMY01	80.7	1.36	784614	858
GCF_013391105.1	62	Halobacteriota	Halobacteria	Halobacteriales	Haloarculaceae	Natronomonas	99.84	2.8	3746575	3913
GCF_035543475.1	62	Halobacteriota	Methanomicrobia	Methanomicrobiales	Methanospirillaceae	Methanoregula	94.65	1.57	2136426	2153
GCA_937911345.1	62	Thermoplasmatota	Poseidoniia	Poseidoniales	Poseidoniaceae	MGIIa-L1	86.27	0.26	1878498	1722
GCA_027306505.1	62	Thermoplasmatota	Thermoplasmata	UBA184	UBA184	JAKAAX01	88.06	1.0	2959275	2575
GCF_016278365.1	62	Halobacteriota	Methanosarcinia	Methanosarcinales	Methanosarcinaceae	Methanolobus	99.89	1.12	2869497	2775
GCA_021796225.1	62	Micrarchaeota	Micrarchaeia	Micrarchaeales	CABMGC01	JAKAVK01	82.72	0.36	789309	823
GCF_000427685.1	62	Halobacteriota	Halobacteria	Halobacteriales	Haloferacaceae	Haloplanus	99.8	1.61	3797935	3968
GCA_002763025.1	62	Nanobdellota	Nanobdellia	Woesearchaeales	GW2011-AR9	1-14-0-10-32-24	76.88	0.66	775796	871
GCA_016845365.1	62	Thermoplasmatota	Poseidoniia	Poseidoniales	Thalassarchaeaceae	MGIIb-O1	83.72	0.07	1734993	1443
GCA_017609885.1	62	Nanobdellota	Nanobdellia	Pacearchaeales	GW2011-AR1	JAFCDB01	88.96	0.57	750051	970
GCA_003166335.1	62	Methanobacteriota	Methanobacteria	Methanobacteriales	Methanobacteriaceae	Methanobacterium_A	99.43	0.15	2488520	2712
GCF_029882185.1	62	Thermoproteota	Nitrososphaeria	Nitrososphaerales	Nitrosopumilaceae	Nitrosopumilus	99.28	3.08	1655185	2139
GCA_041666445.1	63	Micrarchaeota	Micrarchaeia	Anstonellales	Bilamarchaeaceae	JBAYGV01	71.25	0.41	1022454	1216
GCF_000337675.1	63	Halobacteriota	Halobacteria	Halobacteriales	Natrialbaceae	Natronococcus	99.81	1.67	4416525	4459
GCA_012515445.1	63	Thermoproteota	Bathyarchaeia	Bathyarchaeales	Bathycorpusculaceae	Bathycorpusculum	92.28	2.33	2441274	2645
GCA_021822985.1	63	Thermoplasmatota	Thermoplasmata	Thermoplasmatales	Thermoplasmataceae	Cuniculiplasma	81.21	2.58	1411350	1533
GCA_002256595.1	63	Halobacteriota	Methanosarcinia	Methanotrichales	Methanotrichaceae	Methanothrix	69.72	0.22	1471312	1734
GCF_023746595.1	63	Methanobacteriota_B	Thermococci	Thermococcales	Thermococcaceae	Thermococcus_A	98.61	0.3	1946248	2073
GCA_009778575.1	63	Thermoplasmatota	Thermoplasmata	Methanomassiliicoccales	Methanomethylophilaceae	Methanoplasma	92.63	0.19	1289301	1319
GCA_009665115.1	63	Thermoproteota	Nitrososphaeria	Nitrososphaerales	Nitrososphaeraceae	Nitrosopolaris	94.27	0.99	2538969	3275
GCA_038877355.1	63	Micrarchaeota	Micrarchaeia	Micrarchaeales	Micrarchaeaceae	JAVYWU01	80.24	0.03	599969	631
GCF_024218775.1	63	Halobacteriota	Halobacteria	Halobacteriales	Haloarculaceae	Haloarcula	99.82	1.53	3739652	3846
GCA_025453675.1	63	Halobacteriota	Methanomicrobia	Methanomicrobiales	Methanospirillaceae	Methanolinea_A	94.41	0.05	1838665	1926
GCA_963968475.1	63	Thermoplasmatota	Poseidoniia	Poseidoniales	Poseidoniaceae	MGIIa-L2	86.25	0.64	1749578	1531
GCA_022750125.1	63	Thermoplasmatota	Thermoplasmata	UBA184	UBA184	JAKIVR01	87.39	3.95	1887006	1929
GCF_000970025.1	63	Halobacteriota	Methanosarcinia	Methanosarcinales	Methanosarcinaceae	Methanosarcina	99.88	0.94	4574907	3834
GCA_028867335.1	63	Micrarchaeota	Micrarchaeia	Micrarchaeales	CABMGC01	JAGWGI01	82.66	0.56	961278	1160
GCF_003990725.2	63	Halobacteriota	Halobacteria	Halobacteriales	Haloferacaceae	Halorubrum	99.8	0.16	3044466	3013
GCA_038045005.1	63	Nanobdellota	Nanobdellia	Woesearchaeales	GW2011-AR9	JACPIL01	72.3	0.31	497408	600
GCA_002501805.1	63	Thermoplasmatota	Poseidoniia	Poseidoniales	Thalassarchaeaceae	MGIIb-O5	83.67	0.02	1340422	1183
GCA_030648155.1	63	Nanobdellota	Nanobdellia	Pacearchaeales	GW2011-AR1	JAUSIK01	88.8	4.42	1248274	1482
GCA_023411115.1	63	Methanobacteriota	Methanobacteria	Methanobacteriales	Methanobacteriaceae	Methanobacterium_D	99.33	1.56	2784938	2852
GCF_026768455.1	63	Thermoproteota	Nitrososphaeria	Nitrososphaerales	Nitrosopumilaceae	Nitrosotenuis	99.27	0.03	1677461	1985
GCA_034679605.1	64	Micrarchaeota	Micrarchaeia	Anstonellales	Bilamarchaeaceae	CAIXOA01	67.69	0.03	749226	904
GCF_017352155.2	64	Halobacteriota	Halobacteria	Halobacteriales	Natrialbaceae	Haloterrigena	99.81	1.7	4270687	4141
GCA_038843545.1	64	Thermoproteota	Bathyarchaeia	Bathyarchaeales	Bathycorpusculaceae	DRVP01	92.01	0.75	1275326	1597
GCA_002505185.1	64	Thermoplasmatota	Thermoplasmata	Thermoplasmatales	Thermoplasmataceae	Ferroplasma	80.89	0.33	1504329	1694
GCA_002505805.1	64	Halobacteriota	Methanosarcinia	Methanotrichales	Methanotrichaceae	Methanothrix	66.58	2.61	2171108	2533
GCA_015520705.1	64	Methanobacteriota_B	Thermococci	Thermococcales	Thermococcaceae	Thermococcus	98.01	3.26	2274500	2582
GCA_017395275.1	64	Thermoplasmatota	Thermoplasmata	Methanomassiliicoccales	Methanomethylophilaceae	SIG5	92.54	4.12	1884119	2133
GCA_035630235.1	64	Thermoproteota	Nitrososphaeria	Nitrososphaerales	Nitrososphaeraceae	TH1177	94.23	1.51	2781069	3204
GCA_030037075.1	64	Micrarchaeota	Micrarchaeia	Micrarchaeales	Micrarchaeaceae	JAJZAB01	79.62	0.68	741567	860
GCF_000337775.1	64	Halobacteriota	Halobacteria	Halobacteriales	Haloarculaceae	Haloarcula	99.81	0.42	3923205	4060
GCF_028679125.1	64	Halobacteriota	Methanomicrobia	Methanomicrobiales	Methanospirillaceae	Methanoregula	94.12	0.55	2674360	2653
GCA_964218365.1	64	Thermoplasmatota	Poseidoniia	Poseidoniales	Poseidoniaceae	MGIIa-K1	86.23	0.08	1771019	1512
GCA_035499145.1	64	Thermoplasmatota	Thermoplasmata	UBA184	UBA184	UBA184	87.15	0.85	1576070	1652
GCF_035390745.1	64	Halobacteriota	Methanosarcinia	Methanosarcinales	Methanosarcinaceae	Methanosarcina	99.88	0.01	3375103	2941
GCA_030040595.1	64	Micrarchaeota	Micrarchaeia	Micrarchaeales	CABMGC01	JAKAVK01	82.56	1.92	948909	1096
GCF_005543295.1	64	Halobacteriota	Halobacteria	Halobacteriales	Haloferacaceae	Halalkalirubrum	99.8	1.29	3416214	3483
GCA_016203205.1	64	Nanobdellota	Nanobdellia	Woesearchaeales	GW2011-AR9	JACOZP01	72.0	0.4	742878	843
GCA_002506825.1	64	Thermoplasmatota	Poseidoniia	Poseidoniales	Thalassarchaeaceae	MGIIb-O5	83.32	0.08	1308442	1141
GCA_041656875.1	64	Nanobdellota	Nanobdellia	Pacearchaeales	GW2011-AR1	CABMGE01	88.8	3.28	1602431	2057
GCF_000302455.1	64	Methanobacteriota	Methanobacteria	Methanobacteriales	Methanobacteriaceae	Methanobacterium	99.29	0.44	2684267	2536
GCA_029250275.1	64	Thermoproteota	Nitrososphaeria	Nitrososphaerales	Nitrosopumilaceae	Nitrosopumilus	99.26	0.18	1479256	1924
GCA_020052325.1	65	Micrarchaeota	Micrarchaeia	Anstonellales	Bilamarchaeaceae	Bilamarchaeum	62.18	0.04	1027982	1221
GCF_020567525.1	65	Halobacteriota	Halobacteria	Halobacteriales	Natrialbaceae	Halorubellus	99.81	1.61	4065184	3963
GCA_012513715.1	65	Thermoproteota	Bathyarchaeia	Bathyarchaeales	Bathycorpusculaceae	Bathycorpusculum	91.7	1.77	2127752	2317
GCA_038729325.1	65	Thermoplasmatota	Thermoplasmata	Thermoplasmatales	Thermoplasmataceae	UBA509	80.71	0.47	1390079	1495
GCA_036733325.1	65	Halobacteriota	Methanosarcinia	Methanotrichales	Methanotrichaceae	Methanocrinis	66.39	1.63	1367166	1474
GCA_029259245.1	65	Methanobacteriota_B	Thermococci	Thermococcales	Thermococcaceae	Thermococcus_A	97.57	0.75	1982703	2202
GCA_002506425.1	65	Thermoplasmatota	Thermoplasmata	Methanomassiliicoccales	Methanomethylophilaceae	Methanoprimaticola	92.23	0.84	1529022	1546
GCA_022545895.1	65	Thermoproteota	Nitrososphaeria	Nitrososphaerales	Nitrososphaeraceae	TA-21	93.91	2.44	2565190	3166
GCA_023473395.1	65	Micrarchaeota	Micrarchaeia	Micrarchaeales	Micrarchaeaceae	Micrarchaeum_A	79.51	0.34	665741	769
GCF_009831455.1	65	Halobacteriota	Halobacteria	Halobacteriales	Haloarculaceae	Salinirussus	99.78	1.28	3369022	3471
GCF_035560735.1	65	Halobacteriota	Methanomicrobia	Methanomicrobiales	Methanospirillaceae	Methanospirillum	94.1	0.84	2575201	2510
GCA_003602605.1	65	Thermoplasmatota	Poseidoniia	Poseidoniales	Poseidoniaceae	MGIIa-L1	86.21	0.44	2023763	1670
GCA_022749995.1	65	Thermoplasmatota	Thermoplasmata	UBA184	UBA184	JAKIVR01	87.13	0.3	1613905	1603
GCF_000765475.1	65	Halobacteriota	Methanosarcinia	Methanosarcinales	Methanosarcinaceae	Methanococcoides	99.87	0.02	2508511	2464
GCA_021790305.1	65	Micrarchaeota	Micrarchaeia	Micrarchaeales	CABMGC01	JAKAUU01	81.9	0.65	741784	862
GCF_900107665.1	65	Halobacteriota	Halobacteria	Halobacteriales	Haloferacaceae	Haloplanus	99.8	3.67	2776859	2900
GCA_038044525.1	65	Nanobdellota	Nanobdellia	Woesearchaeales	GW2011-AR9	JACPIL01	69.38	0.38	554810	661
GCA_964016325.1	65	Thermoplasmatota	Poseidoniia	Poseidoniales	Thalassarchaeaceae	MGIIb-O5	83.17	0.75	1381873	1412
GCA_017610445.1	65	Nanobdellota	Nanobdellia	Pacearchaeales	GW2011-AR1	JAFCCB01	88.76	3.42	832989	1155
GCF_019669925.1	65	Methanobacteriota	Methanobacteria	Methanobacteriales	Methanobacteriaceae	Methanobinarius	99.25	0.46	2393271	2022
GCA_002737445.1	65	Thermoproteota	Nitrososphaeria	Nitrososphaerales	Nitrosopumilaceae	Nitrosarchaeum	99.25	0.1	1193764	1461
GCF_011440375.1	66	Halobacteriota	Halobacteria	Halobacteriales	Natrialbaceae	Halorubellus	99.79	1.82	3764456	3677
GCA_038871175.1	66	Thermoproteota	Bathyarchaeia	Bathyarchaeales	Bathycorpusculaceae	JAVZIQ01	91.64	1.67	1717258	1849
GCA_031961205.1	66	Thermoplasmatota	Thermoplasmata	Thermoplasmatales	Thermoplasmataceae	JAVRLS01	80.61	0.15	1113142	1168
GCA_011391755.1	66	Halobacteriota	Methanosarcinia	Methanotrichales	Methanotrichaceae	Methanothrix	58.08	0.16	1526061	1923
GCF_015523185.1	66	Methanobacteriota_B	Thermococci	Thermococcales	Thermococcaceae	Thermococcus	96.68	0.48	1730289	2010
GCA_963625795.1	66	Thermoplasmatota	Thermoplasmata	Methanomassiliicoccales	Methanomethylophilaceae	Methanarcanum	91.87	1.12	1470788	1557
GCA_029263715.1	66	Thermoproteota	Nitrososphaeria	Nitrososphaerales	Nitrososphaeraceae	Nitrososphaera	93.57	0.59	1920121	2302
GCA_023485545.1	66	Micrarchaeota	Micrarchaeia	Micrarchaeales	Micrarchaeaceae	JAJZYW01	78.39	0.48	761826	805
GCF_035656455.1	66	Halobacteriota	Halobacteria	Halobacteriales	Haloarculaceae	Haloarcula	99.78	1.89	3585760	3663
GCA_002506105.1	66	Halobacteriota	Methanomicrobia	Methanomicrobiales	Methanospirillaceae	Methanolinea_A	93.86	0.13	2234700	2281
GCA_038127845.1	66	Thermoplasmatota	Poseidoniia	Poseidoniales	Poseidoniaceae	Poseidonia	86.13	0.18	1856300	1624
GCA_022749905.1	66	Thermoplasmatota	Thermoplasmata	UBA184	UBA184	UBA184	86.93	3.33	1248117	1357
GCA_014361205.1	66	Halobacteriota	Methanosarcinia	Methanosarcinales	Methanosarcinaceae	Methanomethylovorans	99.85	0.63	2148332	2158
GCA_021817305.1	66	Micrarchaeota	Micrarchaeia	Micrarchaeales	CABMGC01	JAJZOD01	81.25	1.33	840176	997
GCF_037201915.1	66	Halobacteriota	Halobacteria	Halobacteriales	Haloferacaceae	Haloplanus	99.79	2.06	3243851	3433
GCA_016181345.1	66	Nanobdellota	Nanobdellia	Woesearchaeales	GW2011-AR9	JACOZM01	68.39	0.34	902592	1084
GCA_002505775.1	66	Thermoplasmatota	Poseidoniia	Poseidoniales	Thalassarchaeaceae	MGIIb-O5	83.16	0.01	1352658	1194
GCA_028867075.1	66	Nanobdellota	Nanobdellia	Pacearchaeales	GW2011-AR1	JAKLIN01	88.7	0.66	575254	699
GCF_019931065.1	66	Methanobacteriota	Methanobacteria	Methanobacteriales	Methanobacteriaceae	Methanobacterium_B	99.24	0.65	2662706	2776
GCF_013407145.1	66	Thermoproteota	Nitrososphaeria	Nitrososphaerales	Nitrosopumilaceae	Nitrosopumilus	99.24	0.03	1563356	1906
GCF_000337215.1	67	Halobacteriota	Halobacteria	Halobacteriales	Natrialbaceae	Natronolimnohabitans	99.78	3.39	4588634	4467
GCA_029879735.1	67	Thermoproteota	Bathyarchaeia	Bathyarchaeales	Bathycorpusculaceae	JAOUPS01	91.44	4.97	2142515	2494
GCA_021821635.1	67	Thermoplasmatota	Thermoplasmata	Thermoplasmatales	Thermoplasmataceae	UBA582	79.79	0.02	1361483	1418
GCF_020386975.1	67	Methanobacteriota_B	Thermococci	Thermococcales	Thermococcaceae	Thermococcus_A	96.1	3.87	2077832	2420
GCA_012522645.1	67	Thermoplasmatota	Thermoplasmata	Methanomassiliicoccales	Methanomethylophilaceae	RumEn-M2	91.75	0.58	1335087	1480
GCA_036555705.1	67	Thermoproteota	Nitrososphaeria	Nitrososphaerales	Nitrososphaeraceae	JARBAU01	93.54	2.41	3852802	4543
GCA_021828705.1	67	Micrarchaeota	Micrarchaeia	Micrarchaeales	Micrarchaeaceae	JAJZDT01	77.28	0.52	731914	828
GCF_009617995.1	67	Halobacteriota	Halobacteria	Halobacteriales	Haloarculaceae	Halomicrobium	99.75	0.37	3329031	3391
GCA_030653335.1	67	Halobacteriota	Methanomicrobia	Methanomicrobiales	Methanospirillaceae	Methanoregula	93.52	4.73	2898120	3344
GCA_028821785.1	67	Thermoplasmatota	Poseidoniia	Poseidoniales	Poseidoniaceae	MGIIa-L1	86.11	0.56	1823729	1531
GCA_035297125.1	67	Thermoplasmatota	Thermoplasmata	UBA184	UBA184	UBA184	86.89	4.08	1632377	1676
GCF_030682845.1	67	Halobacteriota	Methanosarcinia	Methanosarcinales	Methanosarcinaceae	Methanolobus	99.83	1.13	2874656	2990
GCA_021802765.1	67	Micrarchaeota	Micrarchaeia	Micrarchaeales	CABMGC01	JAJZNA01	81.0	0.08	872158	949
GCF_000306765.2	67	Halobacteriota	Halobacteria	Halobacteriales	Haloferacaceae	Haloferax	99.76	0.5	3904707	3954
GCA_016213985.1	67	Nanobdellota	Nanobdellia	Woesearchaeales	GW2011-AR9	JACRPH01	59.05	0.27	634937	812
GCA_002686525.1	67	Thermoplasmatota	Poseidoniia	Poseidoniales	Thalassarchaeaceae	MGIIb-O2	83.16	0.61	1358048	1188
GCA_038045565.1	67	Nanobdellota	Nanobdellia	Pacearchaeales	GW2011-AR1	JACPLR01	88.66	2.92	854346	1094
GCA_040373355.1	67	Methanobacteriota	Methanobacteria	Methanobacteriales	Methanobacteriaceae	Methanobacterium_D	99.02	0.75	2213465	2342
GCA_025930495.1	67	Thermoproteota	Nitrososphaeria	Nitrososphaerales	Nitrosopumilaceae	Nitrosarchaeum	99.18	0.29	1395901	1758
GCF_000337555.1	68	Halobacteriota	Halobacteria	Halobacteriales	Natrialbaceae	Natrialba	99.78	1.18	4404175	4319
GCA_026015145.1	68	Thermoproteota	Bathyarchaeia	Bathyarchaeales	Bathycorpusculaceae	AD8-1	91.27	0.8	1530004	1720
GCA_021820245.1	68	Thermoplasmatota	Thermoplasmata	Thermoplasmatales	Thermoplasmataceae	JAJZOT01	79.56	0.33	1601698	1685
GCF_027011145.1	68	Methanobacteriota_B	Thermococci	Thermococcales	Thermococcaceae	Thermococcus	95.96	0.14	1727937	1998
GCA_015063225.1	68	Thermoplasmatota	Thermoplasmata	Methanomassiliicoccales	Methanomethylophilaceae	Methanomethylophilus	91.53	0.02	1456864	1450
GCA_036003785.1	68	Thermoproteota	Nitrososphaeria	Nitrososphaerales	Nitrososphaeraceae	Nitrososphaera	93.44	0.81	1727203	2166
GCA_021801385.1	68	Micrarchaeota	Micrarchaeia	Micrarchaeales	Micrarchaeaceae	JAJYUY01	77.01	0.59	620043	702
GCA_025041175.1	68	Halobacteriota	Halobacteria	Halobacteriales	Haloarculaceae	Halocatena	99.74	3.89	5969888	6174
GCA_041662685.1	68	Halobacteriota	Methanomicrobia	Methanomicrobiales	Methanospirillaceae	Methanoregula	93.39	0.0	2045169	2515
GCA_963991835.1	68	Thermoplasmatota	Poseidoniia	Poseidoniales	Poseidoniaceae	MGIIa-L2	86.1	1.82	2007925	1851
GCA_035504595.1	68	Thermoplasmatota	Thermoplasmata	UBA184	UBA184	UBA184	86.77	0.29	1415153	1466
GCA_002499445.1	68	Halobacteriota	Methanosarcinia	Methanosarcinales	Methanosarcinaceae	Methanosarcina	99.81	0.2	3100481	2656
GCA_021803245.1	68	Micrarchaeota	Micrarchaeia	Micrarchaeales	CABMGC01	JAJZND01	80.49	0.73	872604	927
GCF_900107205.1	68	Halobacteriota	Halobacteria	Halobacteriales	Haloferacaceae	Halopenitus	99.76	0.44	3424491	3354
GCA_002502625.1	68	Thermoplasmatota	Poseidoniia	Poseidoniales	Thalassarchaeaceae	MGIIb-N2	83.13	0.04	1820131	1571
GCA_016866935.1	68	Nanobdellota	Nanobdellia	Pacearchaeales	GW2011-AR1	SICU01	88.64	1.08	685645	853
GCA_002494495.1	68	Methanobacteriota	Methanobacteria	Methanobacteriales	Methanobacteriaceae	Methanobacterium_A	98.98	0.01	1861827	1935
GCA_020431995.1	68	Thermoproteota	Nitrososphaeria	Nitrososphaerales	Nitrosopumilaceae	Nitrosopumilus	99.16	0.24	1731429	2154
GCA_031852275.1	69	Halobacteriota	Halobacteria	Halobacteriales	Natrialbaceae	CCL63	99.78	0.96	4309793	4194
GCA_031277345.1	69	Thermoproteota	Bathyarchaeia	Bathyarchaeales	Bathycorpusculaceae	Bathycorpusculum	91.18	1.17	1781265	2005
GCA_021816745.1	69	Thermoplasmatota	Thermoplasmata	Thermoplasmatales	Thermoplasmataceae	Cuniculiplasma	78.96	0.07	1295012	1363
GCF_012027425.1	69	Methanobacteriota_B	Thermococci	Thermococcales	Thermococcaceae	Thermococcus_A	95.9	1.62	1982688	2245
GCA_963656905.1	69	Thermoplasmatota	Thermoplasmata	Methanomassiliicoccales	Methanomethylophilaceae	Methanoprimaticola	91.33	4.4	2392183	2384
GCA_035562555.1	69	Thermoproteota	Nitrososphaeria	Nitrososphaerales	Nitrososphaeraceae	Nitrososphaera	93.32	0.48	1823471	2177
GCA_021797895.1	69	Micrarchaeota	Micrarchaeia	Micrarchaeales	Micrarchaeaceae	JAJZYW01	76.89	0.21	710730	764
GCF_024228315.1	69	Halobacteriota	Halobacteria	Halobacteriales	Haloarculaceae	Halomarina	99.73	4.55	4601757	4679
GCA_013415565.1	69	Halobacteriota	Methanomicrobia	Methanomicrobiales	Methanospirillaceae	UBA9949	93.31	0.01	1685335	1839
GCA_002499705.1	69	Thermoplasmatota	Poseidoniia	Poseidoniales	Poseidoniaceae	MGIIa-L1	86.08	0.08	1879829	1603
GCA_021844945.1	69	Thermoplasmatota	Thermoplasmata	UBA184	UBA184	UBA184	86.67	0.42	1261861	1277
GCA_030154025.1	69	Halobacteriota	Methanosarcinia	Methanosarcinales	Methanosarcinaceae	Methanolobus	99.77	0.66	2264315	2339
GCA_902385515.1	69	Micrarchaeota	Micrarchaeia	Micrarchaeales	CABMGC01	CABMGC01	79.85	0.09	824335	982
GCF_900111935.1	69	Halobacteriota	Halobacteria	Halobacteriales	Haloferacaceae	Halorubrum	99.76	0.14	3030553	3024
GCA_963934165.1	69	Thermoplasmatota	Poseidoniia	Poseidoniales	Thalassarchaeaceae	MGIIb-O2	82.74	0.14	1474409	1302
GCA_030647125.1	69	Nanobdellota	Nanobdellia	Pacearchaeales	GW2011-AR1	JAUSKC01	88.63	0.71	640356	829
GCA_900314605.1	69	Methanobacteriota	Methanobacteria	Methanobacteriales	Methanobacteriaceae	Methanarmilla	98.95	3.83	2366395	2080
GCA_035455245.1	69	Thermoproteota	Nitrososphaeria	Nitrososphaerales	Nitrosopumilaceae	UBA8516	99.16	0.2	1541483	1821
GCF_011043775.1	70	Halobacteriota	Halobacteria	Halobacteriales	Natrialbaceae	Natronolimnobius	99.74	0.7	4562990	4508
GCA_038894255.1	70	Thermoproteota	Bathyarchaeia	Bathyarchaeales	Bathycorpusculaceae	JAWAPV01	91.17	2.75	1287793	1527
GCA_021817255.1	70	Thermoplasmatota	Thermoplasmata	Thermoplasmatales	Thermoplasmataceae	Cuniculiplasma	77.69	0.59	1318901	1315
GCF_001317345.1	70	Methanobacteriota_B	Thermococci	Thermococcales	Thermococcaceae	Thermococcus_A	95.88	0.15	1819157	1977
GCA_017519045.1	70	Thermoplasmatota	Thermoplasmata	Methanomassiliicoccales	Methanomethylophilaceae	Methanoprimaticola	91.24	1.08	1906234	1809
GCA_035454925.1	70	Thermoproteota	Nitrososphaeria	Nitrososphaerales	Nitrososphaeraceae	TA-21	93.08	0.01	2024365	2398
GCA_021797575.1	70	Micrarchaeota	Micrarchaeia	Micrarchaeales	Micrarchaeaceae	JAMCYB01	76.8	0.34	659192	732
GCF_029338275.1	70	Halobacteriota	Halobacteria	Halobacteriales	Haloarculaceae	Haloarcula	99.73	0.64	3525489	3681
GCA_035527915.1	70	Halobacteriota	Methanomicrobia	Methanomicrobiales	Methanospirillaceae	Methanoregula	93.08	0.35	1920608	2095
GCA_030747785.1	70	Thermoplasmatota	Poseidoniia	Poseidoniales	Poseidoniaceae	MGIIa-K1	86.06	0.0	1825746	1547
GCA_035502035.1	70	Thermoplasmatota	Thermoplasmata	UBA184	UBA184	UBA184	86.62	2.21	1656664	1586
GCF_024372725.1	70	Halobacteriota	Methanosarcinia	Methanosarcinales	Methanosarcinaceae	Methanosarcina	99.74	0.77	4039277	3506
GCA_021850705.1	70	Micrarchaeota	Micrarchaeia	Micrarchaeales	CABMGC01	JAKAUU01	78.68	0.09	646820	714
GCF_001368915.1	70	Halobacteriota	Halobacteria	Halobacteriales	Haloferacaceae	Haloferax	99.75	1.82	4015175	3919
GCA_029977385.1	70	Thermoplasmatota	Poseidoniia	Poseidoniales	Thalassarchaeaceae	UBA36	82.66	1.72	1432801	1364
GCA_028711165.1	70	Nanobdellota	Nanobdellia	Pacearchaeales	GW2011-AR1	RBG-13-33-26	88.61	0.1	637553	762
GCF_016217785.1	70	Methanobacteriota	Methanobacteria	Methanobacteriales	Methanobacteriaceae	Methanobacterium	98.88	0.67	2607763	2509
GCA_028279545.1	70	Thermoproteota	Nitrososphaeria	Nitrososphaerales	Nitrosopumilaceae	Nitrosomaritimum	99.11	0.35	1923611	2217
GCF_000455345.1	71	Halobacteriota	Halobacteria	Halobacteriales	Natrialbaceae	Halopiger_A	99.7	0.47	3906364	3853
GCA_018396955.1	71	Thermoproteota	Bathyarchaeia	Bathyarchaeales	Bathycorpusculaceae	JAGTQI01	91.05	1.56	1365935	1638
GCA_021785735.1	71	Thermoplasmatota	Thermoplasmata	Thermoplasmatales	Thermoplasmataceae	JAKAFX01	77.49	0.32	1171410	1244
GCF_027052235.1	71	Methanobacteriota_B	Thermococci	Thermococcales	Thermococcaceae	Thermococcus	95.51	1.26	1889140	2137
GCA_002509405.1	71	Thermoplasmatota	Thermoplasmata	Methanomassiliicoccales	Methanomethylophilaceae	VadinCA11	91.23	0.51	1182332	1237
GCA_025451315.1	71	Thermoproteota	Nitrososphaeria	Nitrososphaerales	Nitrososphaeraceae	TH1177	92.77	3.96	4039103	4506
GCA_013330215.1	71	Micrarchaeota	Micrarchaeia	Micrarchaeales	Micrarchaeaceae	UBA12276	75.3	1.24	752313	953
GCF_023074835.1	71	Halobacteriota	Halobacteria	Halobacteriales	Haloarculaceae	Halomarina	99.69	3.91	4461942	4454
GCA_039698055.1	71	Halobacteriota	Methanomicrobia	Methanomicrobiales	Methanospirillaceae	Methanoregula	93.07	0.37	2260255	2376
GCA_038105035.1	71	Thermoplasmatota	Poseidoniia	Poseidoniales	Poseidoniaceae	MGIIa-L2	86.01	0.14	1861139	1582
GCA_036404475.1	71	Thermoplasmatota	Thermoplasmata	UBA184	UBA184	UBA184	86.03	3.23	2210681	2333
GCA_016841625.1	71	Halobacteriota	Methanosarcinia	Methanosarcinales	Methanosarcinaceae	MTP4	99.68	0.48	3755994	3252
GCA_027366155.1	71	Micrarchaeota	Micrarchaeia	Micrarchaeales	CABMGC01	JAJZIZ01	78.19	0.39	778087	853
GCF_029490015.1	71	Halobacteriota	Halobacteria	Halobacteriales	Haloferacaceae	Halobaculum	99.74	0.72	3478749	3508
GCA_014240285.1	71	Thermoplasmatota	Poseidoniia	Poseidoniales	Thalassarchaeaceae	Thalassarchaeum	82.52	1.56	1329450	1228
GCA_002069705.1	71	Nanobdellota	Nanobdellia	Pacearchaeales	GW2011-AR1	MWBV01	88.53	2.57	877842	1058
GCA_030656015.1	71	Methanobacteriota	Methanobacteria	Methanobacteriales	Methanobacteriaceae	UBA349	98.66	0.88	2365400	2251
GCA_951812655.1	71	Thermoproteota	Nitrososphaeria	Nitrososphaerales	Nitrosopumilaceae	Nitrosopumilus	99.06	0.09	1672661	1997
GCF_024609245.1	72	Halobacteriota	Halobacteria	Halobacteriales	Natrialbaceae	Haloarchaeobius	99.7	1.37	3894013	3918
GCA_023488905.1	72	Thermoproteota	Bathyarchaeia	Bathyarchaeales	Bathycorpusculaceae	Bathycorpusculum	90.94	0.0	1789004	2014
GCA_027372655.1	72	Thermoplasmatota	Thermoplasmata	Thermoplasmatales	Thermoplasmataceae	Cuniculiplasma	76.41	2.48	1391319	1488
GCF_026991495.1	72	Methanobacteriota_B	Thermococci	Thermococcales	Thermococcaceae	Thermococcus	94.87	0.78	1994577	2194
GCA_934234005.1	72	Thermoplasmatota	Thermoplasmata	Methanomassiliicoccales	Methanomethylophilaceae	Methanoprimaticola	91.23	0.42	1523363	1583
GCA_040757615.1	72	Thermoproteota	Nitrososphaeria	Nitrososphaerales	Nitrososphaeraceae	Nitrososphaera	92.58	0.81	2197802	2930
GCA_021791775.1	72	Micrarchaeota	Micrarchaeia	Micrarchaeales	Micrarchaeaceae	JAJZAB01	75.09	0.04	609884	713
GCF_900100385.1	72	Halobacteriota	Halobacteria	Halobacteriales	Haloarculaceae	Halovenus	99.68	2.17	3287116	3369
GCA_029547145.1	72	Halobacteriota	Methanomicrobia	Methanomicrobiales	Methanospirillaceae	UBA288	93.04	0.88	2040224	2029
GCA_937897365.1	72	Thermoplasmatota	Poseidoniia	Poseidoniales	Poseidoniaceae	MGIIa-L1	85.91	1.63	1845997	1683
GCA_002495185.1	72	Thermoplasmatota	Thermoplasmata	UBA184	UBA184	UBA184	85.9	1.36	1817285	1860
GCF_003722075.1	72	Halobacteriota	Methanosarcinia	Methanosarcinales	Methanosarcinaceae	Methanohalophilus	99.62	0.21	1969036	2053
GCA_021811535.1	72	Micrarchaeota	Micrarchaeia	Micrarchaeales	CABMGC01	JAKBQS01	77.89	0.38	676382	729
GCF_000336755.1	72	Halobacteriota	Halobacteria	Halobacteriales	Haloferacaceae	Haloferax	99.71	1.35	3952136	3994
GCA_963582725.1	72	Thermoplasmatota	Poseidoniia	Poseidoniales	Thalassarchaeaceae	CAUZSY01	82.5	0.15	1760161	1531
GCA_017609205.1	72	Nanobdellota	Nanobdellia	Pacearchaeales	GW2011-AR1	ARS1301	88.48	0.17	526719	621
GCA_039666455.1	72	Methanobacteriota	Methanobacteria	Methanobacteriales	Methanobacteriaceae	Methanobacterium_D	98.38	0.27	2071384	2217
GCA_029881195.1	72	Thermoproteota	Nitrososphaeria	Nitrososphaerales	Nitrosopumilaceae	Nitrosopumilus	99.04	1.07	1587438	2044
GCA_000690595.2	73	Halobacteriota	Halobacteria	Halobacteriales	Natrialbaceae	Natrinema	99.67	0.7	3794337	3789
GCA_037440545.1	73	Thermoproteota	Bathyarchaeia	Bathyarchaeales	Bathycorpusculaceae	JAVZIQ01	90.53	1.55	1383242	1474
GCA_015520045.1	73	Thermoplasmatota	Thermoplasmata	Thermoplasmatales	Thermoplasmataceae	WAQW01	76.24	0.0	1144295	1191
GCF_027063845.1	73	Methanobacteriota_B	Thermococci	Thermococcales	Thermococcaceae	Thermococcus	94.16	0.44	1916042	2233
GCA_949295765.1	73	Thermoplasmatota	Thermoplasmata	Methanomassiliicoccales	Methanomethylophilaceae	Methanoprimaticola	91.07	3.32	1779549	1959
GCA_035253865.1	73	Thermoproteota	Nitrososphaeria	Nitrososphaerales	Nitrososphaeraceae	TA-21	92.55	3.16	1923223	2371
GCA_021793035.1	73	Micrarchaeota	Micrarchaeia	Micrarchaeales	Micrarchaeaceae	JAMCYB01	74.13	1.17	662318	802
GCF_016065055.1	73	Halobacteriota	Halobacteria	Halobacteriales	Haloarculaceae	Halosimplex	99.67	1.89	4158049	4056
GCA_004332335.1	73	Halobacteriota	Methanomicrobia	Methanomicrobiales	Methanospirillaceae	UBA288	92.74	0.78	2367119	2441
GCA_038150305.1	73	Thermoplasmatota	Poseidoniia	Poseidoniales	Poseidoniaceae	MGIIa-L3	85.64	0.03	1919913	1635
GCA_036781185.1	73	Thermoplasmatota	Thermoplasmata	UBA184	UBA184	UBA184	85.75	2.13	1609487	1600
GCF_031454185.1	73	Halobacteriota	Methanosarcinia	Methanosarcinales	Methanosarcinaceae	Methanococcoides	99.48	0.4	2456909	2389
GCA_030040265.1	73	Micrarchaeota	Micrarchaeia	Micrarchaeales	CABMGC01	JAKAWC01	77.51	0.98	805005	941
GCF_000337415.1	73	Halobacteriota	Halobacteria	Halobacteriales	Haloferacaceae	Halorubrum	99.71	1.12	3328860	3354
GCA_012960975.1	73	Thermoplasmatota	Poseidoniia	Poseidoniales	Thalassarchaeaceae	MGIIb-O2	82.26	0.19	1591664	1378
GCA_016204145.1	73	Nanobdellota	Nanobdellia	Pacearchaeales	GW2011-AR1	JACQLK01	88.35	0.43	756625	1000
GCA_029556335.1	73	Methanobacteriota	Methanobacteria	Methanobacteriales	Methanobacteriaceae	Methanobacterium	98.22	0.2	1808581	1962
GCF_028278985.1	73	Thermoproteota	Nitrososphaeria	Nitrososphaerales	Nitrosopumilaceae	Nitrosopumilus	99.01	0.03	1690937	2052
GCF_000337695.1	74	Halobacteriota	Halobacteria	Halobacteriales	Natrialbaceae	Natronococcus	99.66	0.86	4496185	4632
GCA_038883715.1	74	Thermoproteota	Bathyarchaeia	Bathyarchaeales	Bathycorpusculaceae	JAGTQI01	90.3	2.01	1331374	1514
GCA_021826765.1	74	Thermoplasmatota	Thermoplasmata	Thermoplasmatales	Thermoplasmataceae	Cuniculiplasma	72.83	0.04	1032160	1111
GCF_027066465.1	74	Methanobacteriota_B	Thermococci	Thermococcales	Thermococcaceae	Thermococcus	91.99	4.67	1721316	2095
GCA_009776695.1	74	Thermoplasmatota	Thermoplasmata	Methanomassiliicoccales	Methanomethylophilaceae	Methanomicula	90.6	1.43	1196341	1283
GCA_014523625.1	74	Thermoproteota	Nitrososphaeria	Nitrososphaerales	Nitrososphaeraceae	TH5896	92.28	1.49	2738031	3340
GCA_027344745.1	74	Micrarchaeota	Micrarchaeia	Micrarchaeales	Micrarchaeaceae	JAMCYW01	74.02	0.7	527617	637
GCF_024298825.1	74	Halobacteriota	Halobacteria	Halobacteriales	Haloarculaceae	Haloglomus	99.65	4.71	4190378	4096
GCA_023228295.1	74	Halobacteriota	Methanomicrobia	Methanomicrobiales	Methanospirillaceae	Methanoregula	92.48	4.92	3095501	3319
GCA_964014545.1	74	Thermoplasmatota	Poseidoniia	Poseidoniales	Poseidoniaceae	MGIIa-L1	85.61	0.49	1868164	1683
GCA_027314165.1	74	Thermoplasmatota	Thermoplasmata	UBA184	UBA184	JAKAAX01	85.72	0.38	2536526	2237
GCA_030054735.1	74	Halobacteriota	Methanosarcinia	Methanosarcinales	Methanosarcinaceae	Methanosarcina	99.48	0.03	2877266	2435
GCA_021801765.1	74	Micrarchaeota	Micrarchaeia	Micrarchaeales	CABMGC01	JAJZIU01	77.22	0.97	828196	908
GCF_020097835.1	74	Halobacteriota	Halobacteria	Halobacteriales	Haloferacaceae	Haloprofundus	99.7	0.64	3947132	4018
GCA_036154175.1	74	Thermoplasmatota	Poseidoniia	Poseidoniales	Thalassarchaeaceae	UBA36	82.12	0.5	1318935	1255
GCA_016186425.1	74	Nanobdellota	Nanobdellia	Pacearchaeales	GW2011-AR1	JACPLR01	88.33	0.59	868632	1060
GCF_002813695.1	74	Methanobacteriota	Methanobacteria	Methanobacteriales	Methanobacteriaceae	Methanobacterium	98.19	0.22	2515817	2438
GCF_013407275.1	74	Thermoproteota	Nitrososphaeria	Nitrososphaerales	Nitrosopumilaceae	Nitrosotenuis	99.0	0.18	1834835	2150
GCF_002572525.1	75	Halobacteriota	Halobacteria	Halobacteriales	Natrialbaceae	Natrinema	99.59	4.05	5058058	5118
GCA_038848695.1	75	Thermoproteota	Bathyarchaeia	Bathyarchaeales	Bathycorpusculaceae	JAOAIV01	90.22	0.36	1556434	1723
GCA_021820405.1	75	Thermoplasmatota	Thermoplasmata	Thermoplasmatales	Thermoplasmataceae	Cuniculiplasma	72.5	2.53	1348564	1479
GCF_027008145.1	75	Methanobacteriota_B	Thermococci	Thermococcales	Thermococcaceae	Thermococcus	91.69	1.8	1781036	2167
GCA_944320495.1	75	Thermoplasmatota	Thermoplasmata	Methanomassiliicoccales	Methanomethylophilaceae	Methanoprimaticola	90.58	1.8	1768794	1712
GCA_014523695.1	75	Thermoproteota	Nitrososphaeria	Nitrososphaerales	Nitrososphaeraceae	TH5896	92.18	2.38	3884614	5093
GCA_035509375.1	75	Micrarchaeota	Micrarchaeia	Micrarchaeales	Micrarchaeaceae	JAJZAB01	73.93	0.12	598717	686
GCF_009791395.1	75	Halobacteriota	Halobacteria	Halobacteriales	Haloarculaceae	Halomarina	99.63	1.0	4069707	4297
GCA_026394605.1	75	Halobacteriota	Methanomicrobia	Methanomicrobiales	Methanospirillaceae	MVRE01	91.67	0.17	1622185	1793
GCA_905181715.1	75	Thermoplasmatota	Poseidoniia	Poseidoniales	Poseidoniaceae	MGIIa-K2	85.53	0.14	1759884	1504
GCA_030037735.1	75	Thermoplasmatota	Thermoplasmata	UBA184	UBA184	JAKIWV01	85.39	1.39	1766543	1782
GCA_021108275.1	75	Halobacteriota	Methanosarcinia	Methanosarcinales	Methanosarcinaceae	Methanococcoides	99.4	1.69	2670883	2611
GCA_027365725.1	75	Micrarchaeota	Micrarchaeia	Micrarchaeales	CABMGC01	JAJZNA01	76.94	1.53	646837	678
GCF_024494725.1	75	Halobacteriota	Halobacteria	Halobacteriales	Haloferacaceae	Haloplanus	99.68	0.48	3275907	3364
GCA_002497245.1	75	Thermoplasmatota	Poseidoniia	Poseidoniales	Thalassarchaeaceae	MGIIb-O2	82.09	0.35	1388573	1224
GCA_018304025.1	75	Nanobdellota	Nanobdellia	Pacearchaeales	GW2011-AR1	JAGVXA01	88.33	1.1	992424	1129
GCA_002839705.1	75	Methanobacteriota	Methanobacteria	Methanobacteriales	Methanobacteriaceae	UBA349	98.09	0.24	2565531	2493
GCA_036525555.1	75	Thermoproteota	Nitrososphaeria	Nitrososphaerales	Nitrosopumilaceae	Nitrosopumilus	98.97	0.09	1375526	1749
GCF_003977755.1	76	Halobacteriota	Halobacteria	Halobacteriales	Natrialbaceae	Haloterrigena	99.59	1.19	4960699	4779
GCA_038826715.1	76	Thermoproteota	Bathyarchaeia	Bathyarchaeales	Bathycorpusculaceae	JAWBOH01	90.15	2.58	1573599	1624
GCA_021799315.1	76	Thermoplasmatota	Thermoplasmata	Thermoplasmatales	Thermoplasmataceae	Cuniculiplasma	71.55	1.98	1670724	1852
GCF_027012695.1	76	Methanobacteriota_B	Thermococci	Thermococcales	Thermococcaceae	Thermococcus	90.82	0.05	1750369	1993
GCA_041669745.1	76	Thermoplasmatota	Thermoplasmata	Methanomassiliicoccales	Methanomethylophilaceae	JBAZDV01	89.83	1.05	1409069	1561
GCA_025937665.1	76	Thermoproteota	Nitrososphaeria	Nitrososphaerales	Nitrososphaeraceae	TA-21	92.08	1.99	2041666	2576
GCA_028867845.1	76	Micrarchaeota	Micrarchaeia	Micrarchaeales	Micrarchaeaceae	JAGWFU01	73.56	0.23	671476	847
GCF_017094465.1	76	Halobacteriota	Halobacteria	Halobacteriales	Haloarculaceae	Halapricum	99.56	1.09	2880382	2875
GCA_002495055.1	76	Halobacteriota	Methanomicrobia	Methanomicrobiales	Methanospirillaceae	Methanoregula	91.27	3.76	2748327	2871
GCA_938084455.1	76	Thermoplasmatota	Poseidoniia	Poseidoniales	Poseidoniaceae	MGIIa-L1	85.48	0.73	1934615	1680
GCA_030040915.1	76	Thermoplasmatota	Thermoplasmata	UBA184	UBA184	UBA184	85.02	2.37	1811848	1778
GCF_002496565.1	76	Halobacteriota	Methanosarcinia	Methanosarcinales	Methanosarcinaceae	Methanosarcina	99.02	0.96	3640187	3081
GCA_038881455.1	76	Micrarchaeota	Micrarchaeia	Micrarchaeales	CABMGC01	JAGDXZ01	75.91	0.23	542370	596
GCF_900103715.1	76	Halobacteriota	Halobacteria	Halobacteriales	Haloferacaceae	Halogranum	99.68	0.48	3770187	3781
GCA_023700245.1	76	Thermoplasmatota	Poseidoniia	Poseidoniales	Thalassarchaeaceae	MGIIb-O3	81.9	0.23	1466140	1293
GCA_018304985.1	76	Nanobdellota	Nanobdellia	Pacearchaeales	GW2011-AR1	JACPLR01	88.19	0.95	971987	1228
GCF_022768985.1	76	Methanobacteriota	Methanobacteria	Methanobacteriales	Methanobacteriaceae	Methanosphaera	98.07	0.06	1608130	1430
GCA_029863275.1	76	Thermoproteota	Nitrososphaeria	Nitrososphaerales	Nitrosopumilaceae	Nitrosomaritimum	98.95	0.34	1763029	2124
GCF_001861355.1	77	Halobacteriota	Halobacteria	Halobacteriales	Natrialbaceae	Natrialba	99.51	2.57	4580837	4456
GCA_031256395.1	77	Thermoproteota	Bathyarchaeia	Bathyarchaeales	Bathycorpusculaceae	Bathycorpusculum	90.02	4.57	1989047	2025
GCA_023484805.1	77	Thermoplasmatota	Thermoplasmata	Thermoplasmatales	Thermoplasmataceae	B-DKE	70.67	0.28	1094620	1157
GCA_027074805.1	77	Methanobacteriota_B	Thermococci	Thermococcales	Thermococcaceae	Thermococcus	88.67	0.71	1669468	1983
GCA_024399195.1	77	Thermoplasmatota	Thermoplasmata	Methanomassiliicoccales	Methanomethylophilaceae	Methanomethylophilus	89.47	1.58	2269072	2043
GCA_014523495.1	77	Thermoproteota	Nitrososphaeria	Nitrososphaerales	Nitrososphaeraceae	TA-21	91.84	1.51	1675630	2046
GCA_023485505.1	77	Micrarchaeota	Micrarchaeia	Micrarchaeales	Micrarchaeaceae	JAJZYD01	73.46	0.11	750977	852
GCF_023699475.1	77	Halobacteriota	Halobacteria	Halobacteriales	Haloarculaceae	Halomarina	99.56	0.97	4068489	4221
GCA_035505975.1	77	Halobacteriota	Methanomicrobia	Methanomicrobiales	Methanospirillaceae	CAIKOD01	91.08	0.33	2047342	2061
GCA_004195515.1	77	Thermoplasmatota	Poseidoniia	Poseidoniales	Poseidoniaceae	MGIIa-K1	85.44	0.03	1920270	1712
GCA_030037855.1	77	Thermoplasmatota	Thermoplasmata	UBA184	UBA184	UBA184	84.91	2.07	1754002	1845
GCF_024808815.1	77	Halobacteriota	Methanosarcinia	Methanosarcinales	Methanosarcinaceae	Methanosalsum	98.85	0.27	2030718	1996
GCA_021804105.1	77	Micrarchaeota	Micrarchaeia	Micrarchaeales	CABMGC01	JAKAVK01	74.57	4.23	804990	878
GCF_020150815.1	77	Halobacteriota	Halobacteria	Halobacteriales	Haloferacaceae	Haloprofundus	99.66	0.41	3727714	3742
GCA_002725315.1	77	Thermoplasmatota	Poseidoniia	Poseidoniales	Thalassarchaeaceae	UBA36	81.57	0.22	1413436	1274
GCA_030688225.1	77	Nanobdellota	Nanobdellia	Pacearchaeales	GW2011-AR1	JAUYIO01	88.19	2.02	606000	848
GCF_902764455.1	77	Methanobacteriota	Methanobacteria	Methanobacteriales	Methanobacteriaceae	Methanocatella	98.07	1.83	2750531	2518
GCF_002156965.1	77	Thermoproteota	Nitrososphaeria	Nitrososphaerales	Nitrosopumilaceae	Nitrosopumilus	98.88	0.01	1360076	1677
GCF_002177135.1	78	Halobacteriota	Halobacteria	Halobacteriales	Natrialbaceae	Natronolimnobius	99.51	0.39	3914301	3894
GCA_026014595.1	78	Thermoproteota	Bathyarchaeia	Bathyarchaeales	Bathycorpusculaceae	A05DMB-2	89.39	1.91	2055511	2232
GCA_021800105.1	78	Thermoplasmatota	Thermoplasmata	Thermoplasmatales	Thermoplasmataceae	UBA582	70.57	3.19	1384509	1423
GCA_015523195.1	78	Methanobacteriota_B	Thermococci	Thermococcales	Thermococcaceae	Thermococcus	86.56	0.81	1714726	1914
GCA_017507885.1	78	Thermoplasmatota	Thermoplasmata	Methanomassiliicoccales	Methanomethylophilaceae	Methanoprimaticola	89.33	0.19	1637352	1623
GCA_040414675.1	78	Thermoproteota	Nitrososphaeria	Nitrososphaerales	Nitrososphaeraceae	JARBAU01	91.25	1.57	4161081	4806
GCA_021846635.1	78	Micrarchaeota	Micrarchaeia	Micrarchaeales	Micrarchaeaceae	JAJZYW01	72.79	2.68	755508	865
GCF_900114435.1	78	Halobacteriota	Halobacteria	Halobacteriales	Haloarculaceae	Halomicrobium	99.55	0.86	4250330	4124
GCA_041645055.1	78	Halobacteriota	Methanomicrobia	Methanomicrobiales	Methanospirillaceae	Methanoregula	90.79	4.52	2910285	2911
GCA_002502295.1	78	Thermoplasmatota	Poseidoniia	Poseidoniales	Poseidoniaceae	Poseidonia	85.18	0.26	1951048	1727
GCA_022750435.1	78	Thermoplasmatota	Thermoplasmata	UBA184	UBA184	UBA184	84.41	0.89	1917147	1798
GCF_017874375.1	78	Halobacteriota	Methanosarcinia	Methanosarcinales	Methanosarcinaceae	Methanohalophilus	98.84	0.15	2116010	2225
GCA_027371545.1	78	Micrarchaeota	Micrarchaeia	Micrarchaeales	CABMGC01	JAKBQS01	74.23	3.36	858584	906
GCF_000337335.1	78	Halobacteriota	Halobacteria	Halobacteriales	Haloferacaceae	Halorubrum	99.63	0.7	3306135	3223
GCA_022449845.1	78	Thermoplasmatota	Poseidoniia	Poseidoniales	Thalassarchaeaceae	MGIIb-P	81.46	0.02	1647700	1584
GCA_038044985.1	78	Nanobdellota	Nanobdellia	Pacearchaeales	GW2011-AR1	JBBSYY01	88.15	0.42	725140	857
GCA_002502855.1	78	Methanobacteriota	Methanobacteria	Methanobacteriales	Methanobacteriaceae	Methanobacterium_A	97.83	0.24	2118924	2398
GCA_016872055.1	78	Thermoproteota	Nitrososphaeria	Nitrososphaerales	Nitrosopumilaceae	Nitrosotenuis	98.79	0.02	1235755	1450
GCF_000337535.1	79	Halobacteriota	Halobacteria	Halobacteriales	Natrialbaceae	Natrialba	99.46	2.72	4618362	4586
GCA_031282985.1	79	Thermoproteota	Bathyarchaeia	Bathyarchaeales	Bathycorpusculaceae	Bathycorpusculum	88.91	0.36	1541836	1674
GCA_023487765.1	79	Thermoplasmatota	Thermoplasmata	Thermoplasmatales	Thermoplasmataceae	JAJZOM01	69.8	0.48	1334257	1485
GCA_027064745.1	79	Methanobacteriota_B	Thermococci	Thermococcales	Thermococcaceae	Thermococcus	85.31	3.91	2384693	2919
GCA_003550345.1	79	Thermoplasmatota	Thermoplasmata	Methanomassiliicoccales	Methanomethylophilaceae	PWHV01	88.97	0.01	1404109	1443
GCA_023251115.1	79	Thermoproteota	Nitrososphaeria	Nitrososphaerales	Nitrososphaeraceae	TA-21	91.02	0.34	1800367	2141
GCA_038729265.1	79	Micrarchaeota	Micrarchaeia	Micrarchaeales	Micrarchaeaceae	Micrarchaeum_A	72.58	0.16	714373	796
GCF_025457605.1	79	Halobacteriota	Halobacteria	Halobacteriales	Haloarculaceae	Haloarcula	99.5	3.48	3685742	3768
GCA_037137755.1	79	Halobacteriota	Methanomicrobia	Methanomicrobiales	Methanospirillaceae	CAIKOD01	90.56	1.6	2642294	2658
GCA_018649825.1	79	Thermoplasmatota	Poseidoniia	Poseidoniales	Poseidoniaceae	PSPT01	85.1	0.69	1996115	1636
GCA_035507575.1	79	Thermoplasmatota	Thermoplasmata	UBA184	UBA184	UBA184	84.39	0.34	1402832	1469
GCA_030611265.1	79	Halobacteriota	Methanosarcinia	Methanosarcinales	Methanosarcinaceae	DQIP01	98.31	3.58	2859870	2934
GCA_021805625.1	79	Micrarchaeota	Micrarchaeia	Micrarchaeales	CABMGC01	JAJZEU01	73.06	0.54	817445	1019
GCF_005435165.1	79	Halobacteriota	Halobacteria	Halobacteriales	Haloferacaceae	Halorubrum	99.63	0.87	3321212	3314
GCA_002498985.1	79	Thermoplasmatota	Poseidoniia	Poseidoniales	Thalassarchaeaceae	MGIIb-O2	81.33	1.0	1211870	1114
GCA_017609085.1	79	Nanobdellota	Nanobdellia	Pacearchaeales	GW2011-AR1	JAFCEO01	88.14	0.15	582953	665
GCF_003149675.1	79	Methanobacteriota	Methanobacteria	Methanobacteriales	Methanobacteriaceae	Methanosphaera	97.78	0.09	1881477	1594
GCA_001543015.1	79	Thermoproteota	Nitrososphaeria	Nitrososphaerales	Nitrosopumilaceae	Nitrosopumilus	98.63	0.02	1925182	2269
GCF_037914945.1	80	Halobacteriota	Halobacteria	Halobacteriales	Natrialbaceae	Haloterrigena	99.46	1.21	4641606	4439
GCA_038872535.1	80	Thermoproteota	Bathyarchaeia	Bathyarchaeales	Bathycorpusculaceae	JASEJA01	88.32	3.66	1368146	1556
GCA_038883835.1	80	Thermoplasmatota	Thermoplasmata	Thermoplasmatales	Thermoplasmataceae	UBA447	68.82	0.27	1008877	1129
GCA_013330365.1	80	Methanobacteriota_B	Thermococci	Thermococcales	Thermococcaceae	Thermococcus_A	82.98	0.33	1854649	2035
GCA_002498605.1	80	Thermoplasmatota	Thermoplasmata	Methanomassiliicoccales	Methanomethylophilaceae	VadinCA11	88.73	0.09	1186873	1230
GCA_009379865.1	80	Thermoproteota	Nitrososphaeria	Nitrososphaerales	Nitrososphaeraceae	Nitrosocosmicus	90.97	0.85	3060281	3551
GCA_021850375.1	80	Micrarchaeota	Micrarchaeia	Micrarchaeales	Micrarchaeaceae	JAJYUY01	72.46	1.31	615435	727
GCF_037338445.1	80	Halobacteriota	Halobacteria	Halobacteriales	Haloarculaceae	Salinibaculum	99.49	4.88	4177682	4313
GCA_903900025.1	80	Halobacteriota	Methanomicrobia	Methanomicrobiales	Methanospirillaceae	MVRE01	90.44	3.48	1745694	1901
GCA_949514915.1	80	Thermoplasmatota	Poseidoniia	Poseidoniales	Poseidoniaceae	MGIIa-I	85.09	0.66	1786176	1599
GCA_030038885.1	80	Thermoplasmatota	Thermoplasmata	UBA184	UBA184	UBA184	84.38	0.19	1717397	1775
GCA_030627005.1	80	Halobacteriota	Methanosarcinia	Methanosarcinales	Methanosarcinaceae	MTP4	97.92	0.1	3818546	3414
GCA_027310795.1	80	Micrarchaeota	Micrarchaeia	Micrarchaeales	CABMGC01	JAKAUU01	73.0	0.94	603184	717
GCF_000739595.1	80	Halobacteriota	Halobacteria	Halobacteriales	Haloferacaceae	Halorubrum	99.62	3.02	3677984	3670
GCA_963999335.1	80	Thermoplasmatota	Poseidoniia	Poseidoniales	Thalassarchaeaceae	MGIIb-P	81.33	1.35	1511165	1535
GCA_002763075.1	80	Nanobdellota	Nanobdellia	Pacearchaeales	GW2011-AR1	1-14-0-10-34-76	88.11	0.6	914002	1125
GCF_016294135.1	80	Methanobacteriota	Methanobacteria	Methanobacteriales	Methanobacteriaceae	Methanobrevibacter	97.69	0.01	1835542	1738
GCA_013911135.1	80	Thermoproteota	Nitrososphaeria	Nitrososphaerales	Nitrosopumilaceae	Nitrosopumilus	98.6	0.0	1709843	2245
GCF_003841465.1	81	Halobacteriota	Halobacteria	Halobacteriales	Natrialbaceae	Natrarchaeobius	99.43	2.18	4614480	4499
GCA_002779555.1	81	Thermoproteota	Bathyarchaeia	Bathyarchaeales	Bathycorpusculaceae	20-14-0-80-47-9	87.98	2.9	1429808	1904
GCA_023379435.1	81	Thermoplasmatota	Thermoplasmata	Thermoplasmatales	Thermoplasmataceae	WAQW01	68.67	0.16	1149446	1154
GCA_015522395.1	81	Methanobacteriota_B	Thermococci	Thermococcales	Thermococcaceae	Thermococcus	82.09	0.83	1489849	1868
GCA_031256955.1	81	Thermoplasmatota	Thermoplasmata	Methanomassiliicoccales	Methanomethylophilaceae	Methanoplasma	88.37	0.74	1562999	1470
GCA_036380415.1	81	Thermoproteota	Nitrososphaeria	Nitrososphaerales	Nitrososphaeraceae	TH1177	90.97	0.88	2654101	3042
GCA_027317945.1	81	Micrarchaeota	Micrarchaeia	Micrarchaeales	Micrarchaeaceae	JAKATK01	72.23	0.0	678297	693
GCF_020405185.1	81	Halobacteriota	Halobacteria	Halobacteriales	Haloarculaceae	Halomicrobium	99.47	0.21	3846467	3752
GCF_020216685.1	81	Halobacteriota	Methanomicrobia	Methanomicrobiales	Methanospirillaceae	Methanospirillum	90.36	0.9	3005800	3103
GCA_002170315.2	81	Thermoplasmatota	Poseidoniia	Poseidoniales	Poseidoniaceae	MGIIa-L1	85.02	1.24	1807257	1516
GCA_030041735.1	81	Thermoplasmatota	Thermoplasmata	UBA184	UBA184	UBA184	84.26	2.9	1853749	1930
GCA_021108185.1	81	Halobacteriota	Methanosarcinia	Methanosarcinales	Methanosarcinaceae	Methanococcoides	97.45	0.64	2322705	2402
GCA_021785375.1	81	Micrarchaeota	Micrarchaeia	Micrarchaeales	CABMGC01	JAKAVK01	72.46	3.35	863633	1088
GCF_900108505.1	81	Halobacteriota	Halobacteria	Halobacteriales	Haloferacaceae	Halopenitus	99.61	0.61	3136824	3133
GCA_937901365.1	81	Thermoplasmatota	Poseidoniia	Poseidoniales	Thalassarchaeaceae	MGIIb-P	81.07	1.79	1759342	1727
GCA_038046245.1	81	Nanobdellota	Nanobdellia	Pacearchaeales	GW2011-AR1	JBBSXB01	88.11	0.07	705108	808
GCF_003111605.1	81	Methanobacteriota	Methanobacteria	Methanobacteriales	Methanobacteriaceae	Methanocatella	97.57	0.2	1543150	1585
GCA_013390905.1	81	Thermoproteota	Nitrososphaeria	Nitrososphaerales	Nitrosopumilaceae	Nitrosopumilus	98.52	0.34	1228710	1530
GCF_900104065.1	82	Halobacteriota	Halobacteria	Halobacteriales	Natrialbaceae	Natronobacterium	99.43	0.99	4009868	4079
GCA_018396675.1	82	Thermoproteota	Bathyarchaeia	Bathyarchaeales	Bathycorpusculaceae	JAGTQX01	87.86	2.22	1308518	1441
GCA_023379345.1	82	Thermoplasmatota	Thermoplasmata	Thermoplasmatales	Thermoplasmataceae	UBA509	66.44	2.41	1063747	1137
GCA_021160985.1	82	Methanobacteriota_B	Thermococci	Thermococcales	Thermococcaceae	Thermococcus	81.41	0.45	1681441	2029
GCA_944320485.1	82	Thermoplasmatota	Thermoplasmata	Methanomassiliicoccales	Methanomethylophilaceae	Methanoprimaticola	88.17	2.15	1708293	1771
GCA_036844865.1	82	Thermoproteota	Nitrososphaeria	Nitrososphaerales	Nitrososphaeraceae	Nitrososphaera	90.97	1.03	1854294	2160
GCA_023485745.1	82	Micrarchaeota	Micrarchaeia	Micrarchaeales	Micrarchaeaceae	Micrarchaeum	71.99	0.59	586476	698
GCF_024449025.1	82	Halobacteriota	Halobacteria	Halobacteriales	Haloarculaceae	Natronomonas	99.44	1.35	3214353	3349
GCA_003141335.1	82	Halobacteriota	Methanomicrobia	Methanomicrobiales	Methanospirillaceae	Methanoregula	90.33	0.14	2017260	2281
GCA_964228865.1	82	Thermoplasmatota	Poseidoniia	Poseidoniales	Poseidoniaceae	MGIIa-L3	85.01	0.14	1853721	1599
GCA_027314915.1	82	Thermoplasmatota	Thermoplasmata	UBA184	UBA184	JAKIVR01	83.84	0.21	1849545	1834
GCF_018609725.1	82	Halobacteriota	Methanosarcinia	Methanosarcinales	Methanosarcinaceae	Methanohalobium	97.34	0.04	2086548	2249
GCA_021846005.1	82	Micrarchaeota	Micrarchaeia	Micrarchaeales	CABMGC01	JAJZIZ01	72.08	0.25	627780	715
GCF_000495475.1	82	Halobacteriota	Halobacteria	Halobacteriales	Haloferacaceae	Halorarum	99.57	0.74	3675087	3525
GCA_002724815.1	82	Thermoplasmatota	Poseidoniia	Poseidoniales	Thalassarchaeaceae	MGIIb-P	81.02	2.76	1837910	1560
GCA_041659265.1	82	Nanobdellota	Nanobdellia	Pacearchaeales	GW2011-AR1	CABMGE01	88.09	0.83	1618099	1743
GCA_000309865.1	82	Methanobacteriota	Methanobacteria	Methanobacteriales	Methanobacteriaceae	Methanobacterium	97.52	0.13	2420154	2414
GCA_029782475.1	82	Thermoproteota	Nitrososphaeria	Nitrososphaerales	Nitrosopumilaceae	Nitrosopumilus	98.5	0.37	1920499	2521
GCF_024204665.1	83	Halobacteriota	Halobacteria	Halobacteriales	Natrialbaceae	Natronosalvus	99.35	1.85	4312161	4235
GCA_030017755.1	83	Thermoproteota	Bathyarchaeia	Bathyarchaeales	Bathycorpusculaceae	JASEJA01	87.82	1.62	1201703	1502
GCA_021801305.1	83	Thermoplasmatota	Thermoplasmata	Thermoplasmatales	Thermoplasmataceae	JAJZOT01	63.65	1.59	1093404	1256
GCA_027001105.1	83	Methanobacteriota_B	Thermococci	Thermococcales	Thermococcaceae	Thermococcus_B	80.1	2.36	1516047	1889
GCA_016297775.1	83	Thermoplasmatota	Thermoplasmata	Methanomassiliicoccales	Methanomethylophilaceae	SIG5	88.07	0.57	1346913	1357
GCA_036381375.1	83	Thermoproteota	Nitrososphaeria	Nitrososphaerales	Nitrososphaeraceae	Nitrososphaera	90.9	1.89	2457989	3067
GCA_027365215.1	83	Micrarchaeota	Micrarchaeia	Micrarchaeales	Micrarchaeaceae	JAMCYG01	71.62	0.18	572470	665
GCF_004944975.1	83	Halobacteriota	Halobacteria	Halobacteriales	Haloarculaceae	Halorhabdus	99.41	1.79	3464929	3468
GCA_028679075.1	83	Halobacteriota	Methanomicrobia	Methanomicrobiales	Methanospirillaceae	Methanoregula	90.24	0.53	2502469	2568
GCA_022424925.1	83	Thermoplasmatota	Poseidoniia	Poseidoniales	Poseidoniaceae	MGIIa-L1	84.97	0.27	1841076	1656
GCA_030037395.1	83	Thermoplasmatota	Thermoplasmata	UBA184	UBA184	UBA184	83.77	0.28	1583736	1610
GCA_016841265.1	83	Halobacteriota	Methanosarcinia	Methanosarcinales	Methanosarcinaceae	MTP4	97.29	0.37	3653553	3099
GCA_027328425.1	83	Micrarchaeota	Micrarchaeia	Micrarchaeales	CABMGC01	JAJYVH01	71.76	0.27	542088	626
GCF_003697845.1	83	Halobacteriota	Halobacteria	Halobacteriales	Haloferacaceae	Halorubrum	99.57	2.55	3592980	3529
GCA_963997805.1	83	Thermoplasmatota	Poseidoniia	Poseidoniales	Thalassarchaeaceae	MGIIb-Q1	80.83	0.2	1934562	1647
GCA_902385625.1	83	Nanobdellota	Nanobdellia	Pacearchaeales	GW2011-AR1	CABMGE01	88.09	2.53	1340343	1513
GCA_019084405.1	83	Methanobacteriota	Methanobacteria	Methanobacteriales	Methanobacteriaceae	Methanobacterium_F	97.43	0.11	2174868	2367
GCA_001443365.1	83	Thermoproteota	Nitrososphaeria	Nitrososphaerales	Nitrosopumilaceae	CSP1-1	98.28	0.05	1358434	1653
GCF_000337515.1	84	Halobacteriota	Halobacteria	Halobacteriales	Natrialbaceae	Halovivax	99.34	0.37	3238452	3215
GCA_016927015.1	84	Thermoproteota	Bathyarchaeia	Bathyarchaeales	Bathycorpusculaceae	SG8-32-3	87.62	2.58	1928651	2114
GCA_021831925.1	84	Thermoplasmatota	Thermoplasmata	Thermoplasmatales	Thermoplasmataceae	UBA582	62.47	0.44	1262464	1353
GCA_003663695.1	84	Methanobacteriota_B	Thermococci	Thermococcales	Thermococcaceae	Palaeococcus	78.06	0.64	1363487	1715
GCA_015063135.1	84	Thermoplasmatota	Thermoplasmata	Methanomassiliicoccales	Methanomethylophilaceae	Methanoprimaticola	87.48	0.05	1860562	1751
GCA_013114725.1	84	Thermoproteota	Nitrososphaeria	Nitrososphaerales	Nitrososphaeraceae	QCWD01	90.89	0.47	1908834	2153
GCA_023380795.1	84	Micrarchaeota	Micrarchaeia	Micrarchaeales	Micrarchaeaceae	Micrarchaeum_A	71.54	0.84	658401	695
GCF_020217425.1	84	Halobacteriota	Halobacteria	Halobacteriales	Haloarculaceae	Halomicrobium	99.31	1.71	4254704	4243
GCF_002835825.1	84	Halobacteriota	Methanomicrobia	Methanomicrobiales	Methanospirillaceae	Methanoregula	90.18	2.54	2617107	3197
GCA_964009815.1	84	Thermoplasmatota	Poseidoniia	Poseidoniales	Poseidoniaceae	Poseidonia	84.9	0.19	1932037	1765
GCA_013044425.1	84	Thermoplasmatota	Thermoplasmata	UBA184	UBA184	UBA184	83.32	0.0	1418903	1561
GCF_036802725.1	84	Halobacteriota	Methanosarcinia	Methanosarcinales	Methanosarcinaceae	Methanomethylovorans	96.09	0.04	2208489	2146
GCA_030043435.1	84	Micrarchaeota	Micrarchaeia	Micrarchaeales	CABMGC01	JAKAVK01	70.59	0.32	746368	865
GCF_002355655.1	84	Halobacteriota	Halobacteria	Halobacteriales	Haloferacaceae	Halorubrum	99.55	0.21	3080199	2963
GCA_030828405.1	84	Thermoplasmatota	Poseidoniia	Poseidoniales	Thalassarchaeaceae	MGIIb-O2	80.76	0.34	1405776	1287
GCA_041501125.1	84	Nanobdellota	Nanobdellia	Pacearchaeales	GW2011-AR1	JBGQNO01	88.02	0.11	625276	723
GCF_000744455.1	84	Methanobacteriota	Methanobacteria	Methanobacteriales	Methanobacteriaceae	Methanobacterium_B	97.24	0.07	2490725	2622
GCA_027619455.1	84	Thermoproteota	Nitrososphaeria	Nitrososphaerales	Nitrosopumilaceae	Nitrosopelagicus	98.18	0.01	1105976	1371
GCF_000337495.1	85	Halobacteriota	Halobacteria	Halobacteriales	Natrialbaceae	Haloterrigena	99.3	2.84	4841607	4652
GCA_038868115.1	85	Thermoproteota	Bathyarchaeia	Bathyarchaeales	Bathycorpusculaceae	JAGTQI01	87.13	0.66	1157697	1254
GCA_002502705.1	85	Thermoplasmatota	Thermoplasmata	Thermoplasmatales	Thermoplasmataceae	UBA582	62.26	0.89	1476923	1817
GCA_003663535.1	85	Methanobacteriota_B	Thermococci	Thermococcales	Thermococcaceae	Thermococcus_A	77.81	2.8	1652033	1991
GCA_015063235.1	85	Thermoplasmatota	Thermoplasmata	Methanomassiliicoccales	Methanomethylophilaceae	Methanoprimaticola	87.32	1.8	1782499	1819
GCA_035620415.1	85	Thermoproteota	Nitrososphaeria	Nitrososphaerales	Nitrososphaeraceae	Nitrososphaera	90.76	0.72	1604316	2187
GCA_021827525.1	85	Micrarchaeota	Micrarchaeia	Micrarchaeales	Micrarchaeaceae	JAMCYB01	68.97	0.36	560715	599
GCA_025517465.1	85	Halobacteriota	Halobacteria	Halobacteriales	Haloarculaceae	Halomicrobium	99.2	1.85	4252689	4149
GCA_012516785.1	85	Halobacteriota	Methanomicrobia	Methanomicrobiales	Methanospirillaceae	UBA9949	89.88	0.08	1963109	2110
GCA_002499545.1	85	Thermoplasmatota	Poseidoniia	Poseidoniales	Poseidoniaceae	MGIIa-L1	84.86	0.07	1869267	1537
GCA_021816865.1	85	Thermoplasmatota	Thermoplasmata	UBA184	UBA184	UBA184	83.26	0.27	1543512	1509
GCA_034659615.1	85	Halobacteriota	Methanosarcinia	Methanosarcinales	Methanosarcinaceae	JAIOTO01	96.01	0.26	1798400	1867
GCA_023379075.1	85	Micrarchaeota	Micrarchaeia	Micrarchaeales	CABMGC01	JAMCSO01	65.25	0.92	634480	705
GCF_900113615.1	85	Halobacteriota	Halobacteria	Halobacteriales	Haloferacaceae	Halorubrum	99.54	0.08	3184102	3142
GCA_011523185.1	85	Thermoplasmatota	Poseidoniia	Poseidoniales	Thalassarchaeaceae	MGIIb-O1	80.7	0.31	1465835	1376
GCA_027858295.1	85	Nanobdellota	Nanobdellia	Pacearchaeales	GW2011-AR1	GW2011-AR1	87.91	0.54	1351709	1434
GCA_002067065.1	85	Methanobacteriota	Methanobacteria	Methanobacteriales	Methanobacteriaceae	Methanobacterium	96.96	2.55	2489884	2514
GCA_021268355.1	85	Thermoproteota	Nitrososphaeria	Nitrososphaerales	Nitrosopumilaceae	Nitrosopumilus	98.0	0.41	1343525	1725
GCF_034808145.1	86	Halobacteriota	Halobacteria	Halobacteriales	Natrialbaceae	Halorubellus	99.25	1.78	4153099	4023
GCA_038865865.1	86	Thermoproteota	Bathyarchaeia	Bathyarchaeales	Bathycorpusculaceae	JANXEP01	87.09	4.51	1547379	1645
GCA_021795055.1	86	Thermoplasmatota	Thermoplasmata	Thermoplasmatales	Thermoplasmataceae	JACWAH01	62.23	0.08	915407	1081
GCA_015662175.1	86	Methanobacteriota_B	Thermococci	Thermococcales	Thermococcaceae	Thermococcus_B	75.29	0.55	1413781	1797
GCA_015063185.1	86	Thermoplasmatota	Thermoplasmata	Methanomassiliicoccales	Methanomethylophilaceae	SIG5	87.29	1.17	1410858	1408
GCA_030913755.1	86	Thermoproteota	Nitrososphaeria	Nitrososphaerales	Nitrososphaeraceae	TA-21	90.74	2.34	2311233	2992
GCA_021792295.1	86	Micrarchaeota	Micrarchaeia	Micrarchaeales	Micrarchaeaceae	JAJYUY01	67.77	0.0	629573	685
GCF_007421925.1	86	Halobacteriota	Halobacteria	Halobacteriales	Haloarculaceae	Haloglomus	99.04	1.12	4004362	3996
GCA_001412335.1	86	Halobacteriota	Methanomicrobia	Methanomicrobiales	Methanospirillaceae	SD8	89.32	1.54	2165812	2457
GCA_003602645.1	86	Thermoplasmatota	Poseidoniia	Poseidoniales	Poseidoniaceae	MGIIa-L1	84.85	2.03	1759155	1520
GCA_022749895.1	86	Thermoplasmatota	Thermoplasmata	UBA184	UBA184	UBA184	83.19	1.04	2019386	1919
GCA_002508425.1	86	Halobacteriota	Methanosarcinia	Methanosarcinales	Methanosarcinaceae	Methanomethylovorans	95.12	1.08	2465993	2517
GCA_021810375.1	86	Micrarchaeota	Micrarchaeia	Micrarchaeales	CABMGC01	JAKAVK01	63.75	0.16	601190	678
GCF_002355635.1	86	Halobacteriota	Halobacteria	Halobacteriales	Haloferacaceae	Halopenitus	99.52	0.13	3105937	3006
GCA_023700255.1	86	Thermoplasmatota	Poseidoniia	Poseidoniales	Thalassarchaeaceae	MGIIb-O2	80.69	3.81	1426462	1271
GCA_016186375.1	86	Nanobdellota	Nanobdellia	Pacearchaeales	GW2011-AR1	JACPLS01	87.9	1.89	1122851	1467
GCA_027318585.1	86	Methanobacteriota	Methanobacteria	Methanobacteriales	Methanobacteriaceae	Methanobacterium	96.88	0.0	1860264	2064
GCA_040877685.1	86	Thermoproteota	Nitrososphaeria	Nitrososphaerales	Nitrosopumilaceae	JBBDNF01	97.76	0.67	1367920	1648
GCA_000337115.1	87	Halobacteriota	Halobacteria	Halobacteriales	Natrialbaceae	Natrinema	99.25	0.15	3895275	3938
GCA_038883795.1	87	Thermoproteota	Bathyarchaeia	Bathyarchaeales	Bathycorpusculaceae	JASEJA01	87.05	3.44	2182157	2398
GCA_021826785.1	87	Thermoplasmatota	Thermoplasmata	Thermoplasmatales	Thermoplasmataceae	Picrophilus	59.08	0.28	997458	1190
GCA_027065835.1	87	Methanobacteriota_B	Thermococci	Thermococcales	Thermococcaceae	Thermococcus	75.22	1.61	1421682	1769
GCA_031285205.1	87	Thermoplasmatota	Thermoplasmata	Methanomassiliicoccales	Methanomethylophilaceae	Methanomicula	87.02	0.37	1231104	1284
GCA_036395315.1	87	Thermoproteota	Nitrososphaeria	Nitrososphaerales	Nitrososphaeraceae	TA-21	90.53	3.92	2843713	3789
GCA_038881415.1	87	Micrarchaeota	Micrarchaeia	Micrarchaeales	Micrarchaeaceae	JAJZYW01	67.07	0.07	559596	661
GCF_000026045.1	87	Halobacteriota	Halobacteria	Halobacteriales	Haloarculaceae	Natronomonas	98.7	0.43	2749696	2849
GCA_963666355.1	87	Halobacteriota	Methanomicrobia	Methanomicrobiales	Methanospirillaceae	Methanoregula	89.31	1.92	2530512	2586
GCA_964228815.1	87	Thermoplasmatota	Poseidoniia	Poseidoniales	Poseidoniaceae	Poseidonia	84.41	0.2	1989218	1686
GCA_021823085.1	87	Thermoplasmatota	Thermoplasmata	UBA184	UBA184	UBA184	82.42	3.73	1770875	1946
GCA_028690255.1	87	Halobacteriota	Methanosarcinia	Methanosarcinales	Methanosarcinaceae	JAQVBP01	95.08	1.3	2954688	2556
GCA_021818995.1	87	Micrarchaeota	Micrarchaeia	Micrarchaeales	CABMGC01	JAJYVH01	62.89	0.08	484794	565
GCF_002844195.1	87	Halobacteriota	Halobacteria	Halobacteriales	Haloferacaceae	Halegenticoccus	99.5	4.75	4615401	4564
GCA_013329905.1	87	Thermoplasmatota	Poseidoniia	Poseidoniales	Thalassarchaeaceae	MGIIb-O1	80.68	0.27	1484247	1383
GCA_002762735.1	87	Nanobdellota	Nanobdellia	Pacearchaeales	GW2011-AR1	GW2011-AR1	87.86	0.31	634285	833
GCA_900314635.1	87	Methanobacteriota	Methanobacteria	Methanobacteriales	Methanobacteriaceae	Methanobrevibacter	96.84	0.51	2285716	1995
GCA_027315065.1	87	Thermoproteota	Nitrososphaeria	Nitrososphaerales	Nitrosopumilaceae	Nitrosotalea	97.74	0.23	1737070	2080
GCF_030273315.1	88	Halobacteriota	Halobacteria	Halobacteriales	Natrialbaceae	Tc-Br11-E2g1	99.24	0.17	3358102	3395
GCA_041479765.1	88	Thermoproteota	Bathyarchaeia	Bathyarchaeales	Bathycorpusculaceae	DATKKK01	86.44	0.71	1125137	1368
GCA_027343465.1	88	Thermoplasmatota	Thermoplasmata	Thermoplasmatales	Thermoplasmataceae	UBA447	56.41	0.95	1261229	1479
GCA_013153595.1	88	Methanobacteriota_B	Thermococci	Thermococcales	Thermococcaceae	Thermococcus	74.36	0.2	1175186	1347
GCA_002503545.1	88	Thermoplasmatota	Thermoplasmata	Methanomassiliicoccales	Methanomethylophilaceae	Methanomethylophilus	86.89	1.85	1249378	1279
GCA_036004585.1	88	Thermoproteota	Nitrososphaeria	Nitrososphaerales	Nitrososphaeraceae	Nitrososphaera	90.43	0.01	1885659	2363
GCA_027327295.1	88	Micrarchaeota	Micrarchaeia	Micrarchaeales	Micrarchaeaceae	JAMCYM01	65.91	0.11	480775	547
GCF_026586665.1	88	Halobacteriota	Halobacteria	Halobacteriales	Haloarculaceae	Halovenus	98.66	0.92	3574973	3515
GCA_002509495.1	88	Halobacteriota	Methanomicrobia	Methanomicrobiales	Methanospirillaceae	Methanolinea_A	88.96	0.59	2197766	2384
GCA_011526375.1	88	Thermoplasmatota	Poseidoniia	Poseidoniales	Poseidoniaceae	MGIIa-L1	84.38	0.12	2228246	1936
GCA_022749835.1	88	Thermoplasmatota	Thermoplasmata	UBA184	UBA184	UBA184	82.41	2.07	1741488	1839
GCA_021767785.1	88	Halobacteriota	Methanosarcinia	Methanosarcinales	Methanosarcinaceae	Methanolobus	95.01	0.51	2334630	2381
GCA_027328265.1	88	Micrarchaeota	Micrarchaeia	Micrarchaeales	CABMGC01	JAJZIZ01	62.26	0.58	574005	676
GCF_003605635.1	88	Halobacteriota	Halobacteria	Halobacteriales	Haloferacaceae	Halonotius	99.49	3.87	3009688	3195
GCA_003602595.1	88	Thermoplasmatota	Poseidoniia	Poseidoniales	Thalassarchaeaceae	MGIIb-O3	80.61	2.41	1365509	1294
GCA_027343665.1	88	Nanobdellota	Nanobdellia	Pacearchaeales	GW2011-AR1	GW2011-AR1	87.79	0.13	812988	979
GCA_016874685.1	88	Methanobacteriota	Methanobacteria	Methanobacteriales	Methanobacteriaceae	VGTM01	96.7	0.12	2059236	2314
GCA_036749235.1	88	Thermoproteota	Nitrososphaeria	Nitrososphaerales	Nitrosopumilaceae	Nitrosotalea	97.73	0.3	1648043	1907
GCF_024296665.1	89	Halobacteriota	Halobacteria	Halobacteriales	Natrialbaceae	Salinilacihabitans	99.22	1.33	3622565	3746
GCA_018396615.1	89	Thermoproteota	Bathyarchaeia	Bathyarchaeales	Bathycorpusculaceae	JAGTQT01	86.12	3.62	1643261	1930
GCF_001316105.1	89	Thermoplasmatota	Thermoplasmata	Thermoplasmatales	Thermoplasmataceae	Thermogymnomonas	50.54	0.45	1742379	3240
GCA_026986455.1	89	Methanobacteriota_B	Thermococci	Thermococcales	Thermococcaceae	Thermococcus	73.93	0.7	1680606	2159
GCA_028561875.1	89	Thermoplasmatota	Thermoplasmata	Methanomassiliicoccales	Methanomethylophilaceae	Methanomethylophilus	86.45	0.42	1508513	1442
GCA_013694585.1	89	Thermoproteota	Nitrososphaeria	Nitrososphaerales	Nitrososphaeraceae	Nitrosocosmicus	90.2	0.93	2116714	2538
GCA_021811605.1	89	Micrarchaeota	Micrarchaeia	Micrarchaeales	Micrarchaeaceae	JAJZYD01	62.81	0.45	704749	805
GCF_024227715.1	89	Halobacteriota	Halobacteria	Halobacteriales	Haloarculaceae	Halomarina	98.39	3.06	3884949	4128
GCF_028679455.1	89	Halobacteriota	Methanomicrobia	Methanomicrobiales	Methanospirillaceae	Methanospirillum	88.65	3.37	3098146	3251
GCA_963968875.1	89	Thermoplasmatota	Poseidoniia	Poseidoniales	Poseidoniaceae	Poseidonia	84.33	0.03	1784396	1717
GCA_030037265.1	89	Thermoplasmatota	Thermoplasmata	UBA184	UBA184	JAKIWV01	82.26	0.32	1673065	1736
GCA_021106765.1	89	Halobacteriota	Methanosarcinia	Methanosarcinales	Methanosarcinaceae	JAIOTO01	94.99	0.8	1736988	1844
GCA_027340645.1	89	Micrarchaeota	Micrarchaeia	Micrarchaeales	CABMGC01	JAJZOD01	59.76	0.23	646405	801
GCF_021431925.1	89	Halobacteriota	Halobacteria	Halobacteriales	Haloferacaceae	Halobaculum	99.48	0.49	3320122	3382
GCA_030748335.1	89	Thermoplasmatota	Poseidoniia	Poseidoniales	Thalassarchaeaceae	Thalassarchaeum	80.58	0.0	1159218	1068
GCA_041651235.1	89	Nanobdellota	Nanobdellia	Pacearchaeales	GW2011-AR1	JBAZJQ01	87.75	0.57	1000026	1287
GCF_017447225.1	89	Methanobacteriota	Methanobacteria	Methanobacteriales	Methanobacteriaceae	Methanocatella	96.65	0.88	2159045	2161
GCA_022573895.1	89	Thermoproteota	Nitrososphaeria	Nitrososphaerales	Nitrosopumilaceae	Nitrosopumilus	97.71	2.51	1804682	2332
GCF_023093535.1	90	Halobacteriota	Halobacteria	Halobacteriales	Natrialbaceae	Halovivax	99.21	1.23	3894819	3604
GCA_003661945.1	90	Thermoproteota	Bathyarchaeia	Bathyarchaeales	Bathycorpusculaceae	UBA233	86.07	2.47	1264435	1504
GCA_027062125.1	90	Methanobacteriota_B	Thermococci	Thermococcales	Thermococcaceae	Thermococcus	73.93	2.02	1490180	1821
GCA_944321985.1	90	Thermoplasmatota	Thermoplasmata	Methanomassiliicoccales	Methanomethylophilaceae	Methanoprimaticola	86.06	0.83	1775361	1858
GCA_036554645.1	90	Thermoproteota	Nitrososphaeria	Nitrososphaerales	Nitrososphaeraceae	Nitrososphaera	89.94	0.78	1744452	2098
GCA_021812025.1	90	Micrarchaeota	Micrarchaeia	Micrarchaeales	Micrarchaeaceae	JAJZYD01	62.17	1.19	548106	655
GCF_009831575.1	90	Halobacteriota	Halobacteria	Halobacteriales	Haloarculaceae	Halovenus	98.31	0.47	3245916	3288
GCA_037134435.1	90	Halobacteriota	Methanomicrobia	Methanomicrobiales	Methanospirillaceae	CAIKOD01	88.45	1.69	3243415	3533
GCA_002495535.1	90	Thermoplasmatota	Poseidoniia	Poseidoniales	Poseidoniaceae	MGIIa-L1	84.27	0.76	1835100	1576
GCA_030040775.1	90	Thermoplasmatota	Thermoplasmata	UBA184	UBA184	UBA184	81.78	2.07	1457794	1522
GCF_041305605.1	90	Halobacteriota	Methanosarcinia	Methanosarcinales	Methanosarcinaceae	Methanomethylovorans	94.6	0.21	2236527	2286
GCA_023485825.1	90	Micrarchaeota	Micrarchaeia	Micrarchaeales	CABMGC01	JAJZOD01	58.08	0.16	559200	644
GCF_900182635.1	90	Halobacteriota	Halobacteria	Halobacteriales	Haloferacaceae	Halorubrum	99.48	0.11	3176020	3119
GCA_001629235.1	90	Thermoplasmatota	Poseidoniia	Poseidoniales	Thalassarchaeaceae	UBA36	80.48	1.75	1101674	1164
GCA_018815925.1	90	Nanobdellota	Nanobdellia	Pacearchaeales	GW2011-AR1	JAHIWS01	87.74	1.68	929670	1185
GCF_020148105.1	90	Methanobacteriota	Methanobacteria	Methanobacteriales	Methanobacteriaceae	Methanobinarius	96.64	0.19	2099928	1791
GCA_000204585.1	90	Thermoproteota	Nitrososphaeria	Nitrososphaerales	Nitrosopumilaceae	Nitrosarchaeum	97.64	0.28	1772718	2162
GCF_900108095.1	91	Halobacteriota	Halobacteria	Halobacteriales	Natrialbaceae	Natronorubrum	99.2	2.69	3782545	3682
GCA_030672475.1	91	Thermoproteota	Bathyarchaeia	Bathyarchaeales	Bathycorpusculaceae	SOJA01	85.84	0.37	857487	979
GCA_011050175.1	91	Methanobacteriota_B	Thermococci	Thermococcales	Thermococcaceae	Thermococcus	69.64	0.21	1173054	1474
GCA_963611065.1	91	Thermoplasmatota	Thermoplasmata	Methanomassiliicoccales	Methanomethylophilaceae	Methanoprimaticola	85.97	3.2	1487898	1655
GCA_035283265.1	91	Thermoproteota	Nitrososphaeria	Nitrososphaerales	Nitrososphaeraceae	Nitrososphaera	89.9	1.24	1662432	2182
GCA_021800135.1	91	Micrarchaeota	Micrarchaeia	Micrarchaeales	Micrarchaeaceae	JAKATY01	60.66	0.71	419739	484
GCF_023115355.1	91	Halobacteriota	Halobacteria	Halobacteriales	Haloarculaceae	Halocatena	98.18	2.68	4012255	4084
GCA_037141115.1	91	Halobacteriota	Methanomicrobia	Methanomicrobiales	Methanospirillaceae	Methanoregula	88.32	0.35	2230055	2423
GCA_038136695.1	91	Thermoplasmatota	Poseidoniia	Poseidoniales	Poseidoniaceae	Poseidonia	84.18	0.91	1818802	1651
GCA_035502475.1	91	Thermoplasmatota	Thermoplasmata	UBA184	UBA184	UBA184	81.48	0.75	1555386	1603
GCF_030156785.1	91	Halobacteriota	Methanosarcinia	Methanosarcinales	Methanosarcinaceae	Methanohalophilus	94.55	0.18	1550882	1600
GCA_038881385.1	91	Micrarchaeota	Micrarchaeia	Micrarchaeales	CABMGC01	JAKAVK01	56.82	0.28	530923	590
GCF_023703775.1	91	Halobacteriota	Halobacteria	Halobacteriales	Haloferacaceae	Haloplanus	99.47	1.5	3435985	3542
GCA_964013425.1	91	Thermoplasmatota	Poseidoniia	Poseidoniales	Thalassarchaeaceae	MGIIb-O5	80.44	0.0	1412561	1310
GCA_018304175.1	91	Nanobdellota	Nanobdellia	Pacearchaeales	GW2011-AR1	JAGVWT01	87.71	0.14	544268	710
GCA_015661405.1	91	Methanobacteriota	Methanobacteria	Methanobacteriales	Methanobacteriaceae	Methanobacterium_A	96.44	0.92	2694213	2808
GCA_038890395.1	91	Thermoproteota	Nitrososphaeria	Nitrososphaerales	Nitrosopumilaceae	Nitrosotenuis	97.57	0.03	1429286	1713
GCF_019879105.1	92	Halobacteriota	Halobacteria	Halobacteriales	Natrialbaceae	Natrinema	99.13	4.4	5674674	5936
GCA_026414525.1	92	Thermoproteota	Bathyarchaeia	Bathyarchaeales	Bathycorpusculaceae	JAOAIV01	85.24	1.93	1269388	1468
GCA_021157445.1	92	Methanobacteriota_B	Thermococci	Thermococcales	Thermococcaceae	Thermococcus_A	61.37	0.98	1160150	1422
GCA_001421175.1	92	Thermoplasmatota	Thermoplasmata	Methanomassiliicoccales	Methanomethylophilaceae	RumEn-M2	85.91	0.06	1280797	1497
GCF_009898475.1	92	Thermoproteota	Nitrososphaeria	Nitrososphaerales	Nitrososphaeraceae	Nitrosopolaris	89.56	0.29	2344257	2837
GCA_021818545.1	92	Micrarchaeota	Micrarchaeia	Micrarchaeales	Micrarchaeaceae	JAKATK01	60.29	0.26	711263	729
GCF_025913575.1	92	Halobacteriota	Halobacteria	Halobacteriales	Haloarculaceae	Halocatena	98.16	1.61	3957008	3941
GCA_028679315.1	92	Halobacteriota	Methanomicrobia	Methanomicrobiales	Methanospirillaceae	UBA9949	88.23	3.58	2081309	2383
GCA_018662715.1	92	Thermoplasmatota	Poseidoniia	Poseidoniales	Poseidoniaceae	Poseidonia	84.17	2.52	1972380	1956
GCA_030038655.1	92	Thermoplasmatota	Thermoplasmata	UBA184	UBA184	UBA184	81.33	1.24	1515281	1573
GCA_020793565.1	92	Halobacteriota	Methanosarcinia	Methanosarcinales	Methanosarcinaceae	DQIP01	94.44	3.45	2450789	2452
GCA_035508815.1	92	Micrarchaeota	Micrarchaeia	Micrarchaeales	CABMGC01	JAJZIZ01	50.19	0.03	475373	551
GCF_041477585.1	92	Halobacteriota	Halobacteria	Halobacteriales	Haloferacaceae	Halobellus	99.46	0.76	3286070	3261
GCA_943841885.1	92	Thermoplasmatota	Poseidoniia	Poseidoniales	Thalassarchaeaceae	MGIIb-O3	80.4	0.86	1488021	1326
GCA_017609175.1	92	Nanobdellota	Nanobdellia	Pacearchaeales	GW2011-AR1	JAFCEJ01	87.68	0.09	497053	621
GCA_011620845.1	92	Methanobacteriota	Methanobacteria	Methanobacteriales	Methanobacteriaceae	Methanobacterium_A	96.28	0.22	1865488	2074
GCA_033471095.1	92	Thermoproteota	Nitrososphaeria	Nitrososphaerales	Nitrosopumilaceae	Nitrosoabyssus	97.5	0.17	1455463	1686
GCF_013342145.1	93	Halobacteriota	Halobacteria	Halobacteriales	Natrialbaceae	Haloterrigena	99.12	2.02	4552005	4541
GCA_038883855.1	93	Thermoproteota	Bathyarchaeia	Bathyarchaeales	Bathycorpusculaceae	JAVZLH01	85.14	0.8	1109576	1277
GCA_026987155.1	93	Methanobacteriota_B	Thermococci	Thermococcales	Thermococcaceae	Thermococcus	53.74	0.09	1008210	1228
GCA_016281925.1	93	Thermoplasmatota	Thermoplasmata	Methanomassiliicoccales	Methanomethylophilaceae	Methanoprimaticola	85.89	2.37	1961336	1909
GCA_036566445.1	93	Thermoproteota	Nitrososphaeria	Nitrososphaerales	Nitrososphaeraceae	TA-21	88.96	0.18	1418224	1718
GCA_021812205.1	93	Micrarchaeota	Micrarchaeia	Micrarchaeales	Micrarchaeaceae	JAMCYM01	59.27	0.28	405794	494
GCF_005049285.1	93	Halobacteriota	Halobacteria	Halobacteriales	Haloarculaceae	Halorientalis	98.1	1.2	3661127	3712
GCA_029907345.1	93	Halobacteriota	Methanomicrobia	Methanomicrobiales	Methanospirillaceae	Methanolinea_A	87.99	0.24	1855805	1924
GCA_011524855.1	93	Thermoplasmatota	Poseidoniia	Poseidoniales	Poseidoniaceae	Poseidonia	84.13	0.32	1943893	1647
GCA_021792485.1	93	Thermoplasmatota	Thermoplasmata	UBA184	UBA184	UBA184	80.48	2.07	1263832	1387
GCA_035560835.1	93	Halobacteriota	Methanosarcinia	Methanosarcinales	Methanosarcinaceae	Methanosarcina	94.42	0.12	3271034	2912
GCF_020097815.1	93	Halobacteriota	Halobacteria	Halobacteriales	Haloferacaceae	Haloprofundus	99.44	0.16	3421753	3460
GCA_002497905.1	93	Thermoplasmatota	Poseidoniia	Poseidoniales	Thalassarchaeaceae	MGIIb-N2	80.36	0.06	1756838	1478
GCA_028713045.1	93	Nanobdellota	Nanobdellia	Pacearchaeales	GW2011-AR1	JAGVWU01	87.63	1.5	961992	1124
GCF_905235195.1	93	Methanobacteriota	Methanobacteria	Methanobacteriales	Methanobacteriaceae	Methanarmilla	96.26	1.17	1891568	1719
GCA_028867675.1	93	Thermoproteota	Nitrososphaeria	Nitrososphaerales	Nitrosopumilaceae	Nitrosotalea	97.46	0.51	1737063	2186
GCF_029688865.1	94	Halobacteriota	Halobacteria	Halobacteriales	Natrialbaceae	Natronococcus	99.12	3.52	4877762	4935
GCA_035292005.1	94	Thermoproteota	Bathyarchaeia	Bathyarchaeales	Bathycorpusculaceae	DATDQZ01	84.7	3.39	1518394	1801
GCA_003557905.1	94	Thermoplasmatota	Thermoplasmata	Methanomassiliicoccales	Methanomethylophilaceae	PWHV01	85.8	1.32	1562613	1597
GCA_036373855.1	94	Thermoproteota	Nitrososphaeria	Nitrososphaerales	Nitrososphaeraceae	Nitrososphaera	88.36	2.46	2475268	3068
GCA_027365815.1	94	Micrarchaeota	Micrarchaeia	Micrarchaeales	Micrarchaeaceae	JAJZAB01	57.22	0.65	477258	561
GCF_029338515.1	94	Halobacteriota	Halobacteria	Halobacteriales	Haloarculaceae	Haloglomus	97.17	4.2	4695480	4644
GCA_025360805.1	94	Halobacteriota	Methanomicrobia	Methanomicrobiales	Methanospirillaceae	Methanoregula	87.77	3.07	2509411	2656
GCA_949538025.1	94	Thermoplasmatota	Poseidoniia	Poseidoniales	Poseidoniaceae	MGIIa-L2	84.11	1.58	1878432	1718
GCA_035946105.1	94	Thermoplasmatota	Thermoplasmata	UBA184	UBA184	UBA184	80.38	1.83	1621314	1712
GCA_016932675.1	94	Halobacteriota	Methanosarcinia	Methanosarcinales	Methanosarcinaceae	Methanolobus	94.06	0.02	1988439	2071
GCF_000337915.1	94	Halobacteriota	Halobacteria	Halobacteriales	Haloferacaceae	Halorubrum	99.4	0.56	3423703	3353
GCA_002495525.1	94	Thermoplasmatota	Poseidoniia	Poseidoniales	Thalassarchaeaceae	MGIIb-O2	80.29	0.2	1385735	1232
GCA_030704765.1	94	Nanobdellota	Nanobdellia	Pacearchaeales	GW2011-AR1	CABMGE01	87.61	1.46	1712278	1878
GCF_902774605.1	94	Methanobacteriota	Methanobacteria	Methanobacteriales	Methanobacteriaceae	Methanocatella	96.12	0.69	2138290	2128
GCA_026712925.1	94	Thermoproteota	Nitrososphaeria	Nitrososphaerales	Nitrosopumilaceae	JAPOPJ01	97.43	0.36	2186878	2605
GCF_008122205.1	95	Halobacteriota	Halobacteria	Halobacteriales	Natrialbaceae	Natronococcus	99.09	4.41	5316806	5205
GCA_014859805.1	95	Thermoproteota	Bathyarchaeia	Bathyarchaeales	Bathycorpusculaceae	SOJA01	84.21	0.73	1046189	1302
GCA_015063195.1	95	Thermoplasmatota	Thermoplasmata	Methanomassiliicoccales	Methanomethylophilaceae	SIG5	85.27	0.3	1193027	1244
GCA_014523525.1	95	Thermoproteota	Nitrososphaeria	Nitrososphaerales	Nitrososphaeraceae	TA-21	88.28	1.82	1950884	2426
GCA_023485645.1	95	Micrarchaeota	Micrarchaeia	Micrarchaeales	Micrarchaeaceae	JAJZDT01	55.87	0.31	515218	593
GCF_009741925.1	95	Halobacteriota	Halobacteria	Halobacteriales	Haloarculaceae	Natronomonas	97.04	1.14	3452035	3760
GCA_039679395.1	95	Halobacteriota	Methanomicrobia	Methanomicrobiales	Methanospirillaceae	UBA288	87.45	1.56	2683988	2784
GCA_002694245.1	95	Thermoplasmatota	Poseidoniia	Poseidoniales	Poseidoniaceae	MGIIa-K1	83.87	2.18	1984466	1710
GCA_030046135.1	95	Thermoplasmatota	Thermoplasmata	UBA184	UBA184	UBA184	79.95	2.39	1218699	1308
GCA_003565715.1	95	Halobacteriota	Methanosarcinia	Methanosarcinales	Methanosarcinaceae	Methanolobus	93.95	0.3	2056401	2114
GCF_018228765.1	95	Halobacteriota	Halobacteria	Halobacteriales	Haloferacaceae	Halorubrum	99.38	0.91	3021820	2960
GCA_002722735.1	95	Thermoplasmatota	Poseidoniia	Poseidoniales	Thalassarchaeaceae	UBA36	80.03	0.53	1400198	1235
GCA_024654565.1	95	Nanobdellota	Nanobdellia	Pacearchaeales	GW2011-AR1	GW2011-AR1	87.6	0.47	771678	954
GCF_017468685.1	95	Methanobacteriota	Methanobacteria	Methanobacteriales	Methanobacteriaceae	Methanocatella	96.1	2.02	2276257	2372
GCA_003569705.1	95	Thermoproteota	Nitrososphaeria	Nitrososphaerales	Nitrosopumilaceae	Nitrosarchaeum	97.37	0.17	1462514	1869
GCF_025517525.1	96	Halobacteriota	Halobacteria	Halobacteriales	Natrialbaceae	Natronosalvus	99.06	1.55	4541316	4361
GCA_038882655.1	96	Thermoproteota	Bathyarchaeia	Bathyarchaeales	Bathycorpusculaceae	JAGTQI01	84.15	0.93	1024976	1165
GCA_963637225.1	96	Thermoplasmatota	Thermoplasmata	Methanomassiliicoccales	Methanomethylophilaceae	Methanoprimaticola	85.26	0.14	1652182	1705
GCA_039961795.1	96	Thermoproteota	Nitrososphaeria	Nitrososphaerales	Nitrososphaeraceae	Nitrososphaera	87.65	2.33	2716201	3483
GCA_027339055.1	96	Micrarchaeota	Micrarchaeia	Micrarchaeales	Micrarchaeaceae	Micrarchaeum_A	54.46	0.86	549526	612
GCF_029338355.1	96	Halobacteriota	Halobacteria	Halobacteriales	Haloarculaceae	Halosegnis	96.83	3.69	2811024	3021
GCA_002495065.1	96	Halobacteriota	Methanomicrobia	Methanomicrobiales	Methanospirillaceae	Methanoregula	87.15	1.4	2424220	2529
GCA_009887135.1	96	Thermoplasmatota	Poseidoniia	Poseidoniales	Poseidoniaceae	MGIIa-L2	83.85	0.61	1868900	1673
GCA_021812305.1	96	Thermoplasmatota	Thermoplasmata	UBA184	UBA184	UBA184	79.69	0.46	1871311	1869
GCA_002501695.1	96	Halobacteriota	Methanosarcinia	Methanosarcinales	Methanosarcinaceae	Methanolobus	93.45	0.73	2306526	2446
GCF_000337375.1	96	Halobacteriota	Halobacteria	Halobacteriales	Haloferacaceae	Halorubrum	99.37	1.16	3425042	3308
GCA_036124005.1	96	Thermoplasmatota	Poseidoniia	Poseidoniales	Thalassarchaeaceae	MGIIb-N2	79.93	2.39	1729985	1483
GCA_038886595.1	96	Nanobdellota	Nanobdellia	Pacearchaeales	GW2011-AR1	CAKZRD01	87.6	0.86	494529	601
GCA_016222945.1	96	Methanobacteriota	Methanobacteria	Methanobacteriales	Methanobacteriaceae	Methanobacterium_D	96.09	0.16	2261001	2317
GCA_035527875.1	96	Thermoproteota	Nitrososphaeria	Nitrososphaerales	Nitrosopumilaceae	Nitrosomaritimum	97.3	2.47	1804292	2234
GCF_024362485.1	97	Halobacteriota	Halobacteria	Halobacteriales	Natrialbaceae	Natronobeatus	99.02	1.23	4208668	4154
GCA_003589585.1	97	Thermoproteota	Bathyarchaeia	Bathyarchaeales	Bathycorpusculaceae	Bathycorpusculum	82.91	0.9	2076091	2394
GCA_031287135.1	97	Thermoplasmatota	Thermoplasmata	Methanomassiliicoccales	Methanomethylophilaceae	Methanoplasma	84.93	0.53	1219661	1291
GCA_014523485.1	97	Thermoproteota	Nitrososphaeria	Nitrososphaerales	Nitrososphaeraceae	TH1177	87.5	1.65	2356306	2639
GCA_027365735.1	97	Micrarchaeota	Micrarchaeia	Micrarchaeales	Micrarchaeaceae	JAJZYD01	52.88	0.35	562127	703
GCA_003021175.1	97	Halobacteriota	Halobacteria	Halobacteriales	Haloarculaceae	Halosegnis	96.7	0.27	2605664	2732
GCF_035406105.1	97	Halobacteriota	Methanomicrobia	Methanomicrobiales	Methanospirillaceae	Methanospirillum	86.35	0.92	2554344	2790
GCA_002729095.1	97	Thermoplasmatota	Poseidoniia	Poseidoniales	Poseidoniaceae	MGIIa-L1	83.75	1.4	2034634	1713
GCA_030040865.1	97	Thermoplasmatota	Thermoplasmata	UBA184	UBA184	UBA184	79.65	0.47	1752482	1826
GCA_009784005.1	97	Halobacteriota	Methanosarcinia	Methanosarcinales	Methanosarcinaceae	Methanimicrococcus	93.33	0.0	1688578	1484
GCF_026586675.1	97	Halobacteriota	Halobacteria	Halobacteriales	Haloferacaceae	Halorubrum	99.36	0.39	3174263	3141
GCA_002502175.1	97	Thermoplasmatota	Poseidoniia	Poseidoniales	Thalassarchaeaceae	MGIIb-O1	79.66	0.0	1387278	1258
GCA_012798335.1	97	Nanobdellota	Nanobdellia	Pacearchaeales	GW2011-AR1	RBG-13-33-26	87.55	1.38	609790	716
GCA_902463315.1	97	Methanobacteriota	Methanobacteria	Methanobacteriales	Methanobacteriaceae	Methanocatella	96.02	0.05	1691878	1764
GCA_016838845.1	97	Thermoproteota	Nitrososphaeria	Nitrososphaerales	Nitrosopumilaceae	DRGT01	97.2	2.62	1521424	1965
GCF_000337615.1	98	Halobacteriota	Halobacteria	Halobacteriales	Natrialbaceae	Natrinema	99.0	0.16	3915814	3969
GCA_009784175.1	98	Thermoproteota	Bathyarchaeia	Bathyarchaeales	Bathycorpusculaceae	Bathycorpusculum	82.66	0.83	1167853	1242
GCA_009784745.1	98	Thermoplasmatota	Thermoplasmata	Methanomassiliicoccales	Methanomethylophilaceae	Methanomicula	84.87	2.06	1245959	1437
GCA_013114715.1	98	Thermoproteota	Nitrososphaeria	Nitrososphaerales	Nitrososphaeraceae	Nitrososphaera	87.46	0.94	1815369	2294
GCF_003862495.1	98	Halobacteriota	Halobacteria	Halobacteriales	Haloarculaceae	Halocatena	96.59	1.97	3654689	3795
GCA_041645355.1	98	Halobacteriota	Methanomicrobia	Methanomicrobiales	Methanospirillaceae	Methanoregula	85.64	0.65	2820190	2708
GCA_949372645.1	98	Thermoplasmatota	Poseidoniia	Poseidoniales	Poseidoniaceae	MGIIa-L1	83.66	0.0	1808715	1478
GCA_021848165.1	98	Thermoplasmatota	Thermoplasmata	UBA184	UBA184	UBA184	78.95	0.71	1198670	1324
GCA_020793555.1	98	Halobacteriota	Methanosarcinia	Methanosarcinales	Methanosarcinaceae	DQIP01	92.74	2.12	2557143	2698
GCF_003439925.1	98	Halobacteriota	Halobacteria	Halobacteriales	Haloferacaceae	Haloprofundus	99.35	0.1	3473342	3485
GCA_002506875.1	98	Thermoplasmatota	Poseidoniia	Poseidoniales	Thalassarchaeaceae	MGIIb-N2	79.54	1.62	1799184	1563
GCA_035291345.1	98	Nanobdellota	Nanobdellia	Pacearchaeales	GW2011-AR1	JACPLR01	87.53	0.82	738812	950
GCA_003558085.1	98	Methanobacteriota	Methanobacteria	Methanobacteriales	Methanobacteriaceae	Methanobacterium_F	95.87	0.73	1855722	1965
GCA_018263505.1	98	Thermoproteota	Nitrososphaeria	Nitrososphaerales	Nitrosopumilaceae	Nitrosopumilus	97.1	0.03	1374775	1797
GCF_023028105.1	99	Halobacteriota	Halobacteria	Halobacteriales	Natrialbaceae	Halosolutus	98.82	3.2	4757880	4543
GCA_035542975.1	99	Thermoproteota	Bathyarchaeia	Bathyarchaeales	Bathycorpusculaceae	DATKKK01	82.66	3.55	1331687	1539
GCA_017455785.1	99	Thermoplasmatota	Thermoplasmata	Methanomassiliicoccales	Methanomethylophilaceae	Methanarcanum	84.87	1.72	1760130	2059
GCA_025449675.1	99	Thermoproteota	Nitrososphaeria	Nitrososphaerales	Nitrososphaeraceae	Nitrososphaera	87.33	0.27	1740480	2135
GCA_025041195.1	99	Halobacteriota	Halobacteria	Halobacteriales	Haloarculaceae	Halocatena	96.48	3.32	3728860	3858
GCA_031285085.1	99	Halobacteriota	Methanomicrobia	Methanomicrobiales	Methanospirillaceae	Methanofilum	85.22	0.0	1742038	1753
GCA_002499015.1	99	Thermoplasmatota	Poseidoniia	Poseidoniales	Poseidoniaceae	MGIIa-L1	83.47	0.18	1810538	1597
GCA_030037695.1	99	Thermoplasmatota	Thermoplasmata	UBA184	UBA184	UBA184	78.4	2.83	1578270	1600
GCA_036504475.1	99	Halobacteriota	Methanosarcinia	Methanosarcinales	Methanosarcinaceae	Methanosarcina	92.72	2.02	3608276	3377
GCF_026586625.1	99	Halobacteriota	Halobacteria	Halobacteriales	Haloferacaceae	Halobium	99.35	1.63	4461805	4373
GCA_002730095.1	99	Thermoplasmatota	Poseidoniia	Poseidoniales	Thalassarchaeaceae	MGIIb-O5	79.5	0.03	1280864	1164
GCA_022703705.1	99	Nanobdellota	Nanobdellia	Pacearchaeales	GW2011-AR1	MWBV01	87.52	2.11	622739	793
GCF_017410345.1	99	Methanobacteriota	Methanobacteria	Methanobacteriales	Methanobacteriaceae	Methanobrevibacter	95.75	0.04	1840861	1696
GCA_963665475.1	99	Thermoproteota	Nitrososphaeria	Nitrososphaerales	Nitrosopumilaceae	VYCS01	97.08	0.75	2546221	2448
GCF_000337575.1	100	Halobacteriota	Halobacteria	Halobacteriales	Natrialbaceae	Natrialba	98.8	0.85	4159606	3984
GCA_030627225.1	100	Thermoproteota	Bathyarchaeia	Bathyarchaeales	Bathycorpusculaceae	DAOUSM01	82.58	1.31	1063640	1351
GCA_009780795.1	100	Thermoplasmatota	Thermoplasmata	Methanomassiliicoccales	Methanomethylophilaceae	Methanomicula	84.43	0.0	1195651	1327
GCA_036376955.1	100	Thermoproteota	Nitrososphaeria	Nitrososphaerales	Nitrososphaeraceae	TH1177	87.33	3.0	2739919	3112
GCF_037031205.1	100	Halobacteriota	Halobacteria	Halobacteriales	Haloarculaceae	Natronomonas	95.05	2.32	3175712	3326
GCA_012798365.1	100	Halobacteriota	Methanomicrobia	Methanomicrobiales	Methanospirillaceae	Methanoregula	85.15	0.05	2640114	2839
GCA_002706065.1	100	Thermoplasmatota	Poseidoniia	Poseidoniales	Poseidoniaceae	MGIIa-L2	83.47	4.61	1891523	1629
GCA_030038605.1	100	Thermoplasmatota	Thermoplasmata	UBA184	UBA184	UBA184	77.07	3.24	1635852	1739
GCA_023544565.1	100	Halobacteriota	Methanosarcinia	Methanosarcinales	Methanosarcinaceae	DQIP01	92.53	0.11	1777020	1860
GCF_004114375.1	100	Halobacteriota	Halobacteria	Halobacteriales	Haloferacaceae	Halorubrum	99.34	1.2	3668425	3601
GCA_002457555.1	100	Thermoplasmatota	Poseidoniia	Poseidoniales	Thalassarchaeaceae	MGIIb-O1	79.36	0.1	1284027	1107
GCA_023136775.1	100	Nanobdellota	Nanobdellia	Pacearchaeales	GW2011-AR1	JAGVXH01	87.5	0.69	1200746	1256
GCA_030017655.1	100	Methanobacteriota	Methanobacteria	Methanobacteriales	Methanobacteriaceae	Methanobacterium_D	95.67	0.81	2172833	2355
GCA_023264875.1	100	Thermoproteota	Nitrososphaeria	Nitrososphaerales	Nitrosopumilaceae	Nitrosarchaeum	96.99	1.11	1329279	1620
GCF_030734285.1	101	Halobacteriota	Halobacteria	Halobacteriales	Natrialbaceae	Natronococcus	98.78	1.96	5168305	5141
GCA_041479225.1	101	Thermoproteota	Bathyarchaeia	Bathyarchaeales	Bathycorpusculaceae	JADGNF01	82.01	1.23	2112731	2477
GCA_034006405.1	101	Thermoplasmatota	Thermoplasmata	Methanomassiliicoccales	Methanomethylophilaceae	JALNYB01	84.2	2.36	1405763	1493
GCA_036769505.1	101	Thermoproteota	Nitrososphaeria	Nitrososphaerales	Nitrososphaeraceae	TH1177	87.25	0.48	2273842	2693
GCA_036625905.1	101	Halobacteriota	Halobacteria	Halobacteriales	Haloarculaceae	Salinirubellus	95.01	3.46	3826464	3907
GCA_963676405.1	101	Halobacteriota	Methanomicrobia	Methanomicrobiales	Methanospirillaceae	Methanoregula	85.02	1.5	2204830	2345
GCA_964015895.1	101	Thermoplasmatota	Poseidoniia	Poseidoniales	Poseidoniaceae	MGIIa-L1	83.3	0.43	1824166	1736
GCA_022750355.1	101	Thermoplasmatota	Thermoplasmata	UBA184	UBA184	UBA184	75.26	1.04	1914034	1988
GCA_003164755.1	101	Halobacteriota	Methanosarcinia	Methanosarcinales	Methanosarcinaceae	Methanosarcina	92.49	1.0	3468491	3049
GCF_900107195.1	101	Halobacteriota	Halobacteria	Halobacteriales	Haloferacaceae	Halobellus	99.34	1.83	3754978	3717
GCA_002503055.1	101	Thermoplasmatota	Poseidoniia	Poseidoniales	Thalassarchaeaceae	Thalassarchaeum	79.34	0.08	1278241	1108
GCA_021799535.1	101	Nanobdellota	Nanobdellia	Pacearchaeales	GW2011-AR1	GW2011-AR1	87.48	0.01	746762	932
GCA_015063035.1	101	Methanobacteriota	Methanobacteria	Methanobacteriales	Methanobacteriaceae	Methanobrevibacter	95.56	1.74	2281503	2058
GCF_900167955.1	101	Thermoproteota	Nitrososphaeria	Nitrososphaerales	Nitrosopumilaceae	Nitrosotalea	96.97	0.19	1553159	1833
GCA_025517425.1	102	Halobacteriota	Halobacteria	Halobacteriales	Natrialbaceae	Halostagnicola	98.78	0.0	2805468	2842
GCA_038868255.1	102	Thermoproteota	Bathyarchaeia	Bathyarchaeales	Bathycorpusculaceae	DRVV01	81.14	2.54	1295747	1460
GCA_002497195.1	102	Thermoplasmatota	Thermoplasmata	Methanomassiliicoccales	Methanomethylophilaceae	VadinCA11	83.92	3.64	1208368	1325
GCA_013114705.1	102	Thermoproteota	Nitrososphaeria	Nitrososphaerales	Nitrososphaeraceae	Nitrosocosmicus	86.43	0.48	2445310	2872
GCA_036625595.1	102	Halobacteriota	Halobacteria	Halobacteriales	Haloarculaceae	Salinibaculum	94.93	3.88	2981654	3210
GCA_012520015.1	102	Halobacteriota	Methanomicrobia	Methanomicrobiales	Methanospirillaceae	Methanospirillum	84.34	1.89	2407371	2640
GCA_029250305.1	102	Thermoplasmatota	Poseidoniia	Poseidoniales	Poseidoniaceae	MGIIa-L1	83.25	0.53	1801086	1787
GCA_030037035.1	102	Thermoplasmatota	Thermoplasmata	UBA184	UBA184	UBA184	75.05	0.02	1611129	1653
GCA_002509325.1	102	Halobacteriota	Methanosarcinia	Methanosarcinales	Methanosarcinaceae	Methanosarcina	90.3	0.3	2920669	2446
GCF_007655485.1	102	Halobacteriota	Halobacteria	Halobacteriales	Haloferacaceae	Halobellus	99.32	1.96	3351536	3286
GCA_014239955.1	102	Thermoplasmatota	Poseidoniia	Poseidoniales	Thalassarchaeaceae	UBA36	79.33	0.04	1281450	1150
GCA_038044745.1	102	Nanobdellota	Nanobdellia	Pacearchaeales	GW2011-AR1	JBBSZK01	87.38	0.93	748836	904
GCA_030681145.1	102	Methanobacteriota	Methanobacteria	Methanobacteriales	Methanobacteriaceae	JAUXXK01	95.54	0.27	2230340	2512
GCA_958295735.1	102	Thermoproteota	Nitrososphaeria	Nitrososphaerales	Nitrosopumilaceae	Cenarchaeum	96.75	0.44	3166131	2686
GCF_003841485.1	103	Halobacteriota	Halobacteria	Halobacteriales	Natrialbaceae	Natrarchaeobius	98.67	0.55	3511219	3459
GCA_031283385.1	103	Thermoproteota	Bathyarchaeia	Bathyarchaeales	Bathycorpusculaceae	Bathycorpusculum	80.77	0.5	1186211	1297
GCA_012719315.1	103	Thermoplasmatota	Thermoplasmata	Methanomassiliicoccales	Methanomethylophilaceae	Methanogranum	83.71	0.25	977586	1079
GCA_035760305.1	103	Thermoproteota	Nitrososphaeria	Nitrososphaerales	Nitrososphaeraceae	Nitrososphaera	86.11	0.04	1426738	1922
GCA_036626435.1	103	Halobacteriota	Halobacteria	Halobacteriales	Haloarculaceae	SW-9-67-25	94.87	0.86	2851538	3025
GCA_026394635.1	103	Halobacteriota	Methanomicrobia	Methanomicrobiales	Methanospirillaceae	MVRE01	84.24	2.27	2200827	2768
GCA_014240385.1	103	Thermoplasmatota	Poseidoniia	Poseidoniales	Poseidoniaceae	UBA226	83.0	3.13	1513802	1437
GCA_035624925.1	103	Thermoplasmatota	Thermoplasmata	UBA184	UBA184	UBA184	74.71	3.36	1386738	1354
GCF_004137855.1	103	Halobacteriota	Methanosarcinia	Methanosarcinales	Methanosarcinaceae	Methanohalophilus	89.98	0.27	1830088	2130
GCF_900115675.1	103	Halobacteriota	Halobacteria	Halobacteriales	Haloferacaceae	Halolamina	99.31	0.47	3160633	3218
GCA_002717835.1	103	Thermoplasmatota	Poseidoniia	Poseidoniales	Thalassarchaeaceae	MGIIb-N1	78.99	2.77	1214212	1064
GCA_041660485.1	103	Nanobdellota	Nanobdellia	Pacearchaeales	GW2011-AR1	JACPLR01	87.38	0.64	922302	1164
GCA_003151535.1	103	Methanobacteriota	Methanobacteria	Methanobacteriales	Methanobacteriaceae	Methanobacterium_B	95.53	1.45	3163878	3735
GCA_035620615.1	103	Thermoproteota	Nitrososphaeria	Nitrososphaerales	Nitrosopumilaceae	CSP1-1	96.65	0.01	1443927	1723
GCF_024362525.1	104	Halobacteriota	Halobacteria	Halobacteriales	Natrialbaceae	Natrononativus	98.62	0.17	3986100	3953
GCA_026014845.1	104	Thermoproteota	Bathyarchaeia	Bathyarchaeales	Bathycorpusculaceae	SOJA01	80.73	0.65	1310486	1690
GCA_028694055.1	104	Thermoplasmatota	Thermoplasmata	Methanomassiliicoccales	Methanomethylophilaceae	JAQUUA01	83.58	4.67	1333660	1443
GCA_030861405.1	104	Thermoproteota	Nitrososphaeria	Nitrososphaerales	Nitrososphaeraceae	Nitrososphaera	86.1	1.66	1927497	2212
GCF_027563145.1	104	Halobacteriota	Halobacteria	Halobacteriales	Haloarculaceae	Halocatena	94.62	0.13	3748090	3937
GCA_019695435.1	104	Halobacteriota	Methanomicrobia	Methanomicrobiales	Methanospirillaceae	Methanoregula	84.17	3.79	2985861	3758
GCA_009937025.1	104	Thermoplasmatota	Poseidoniia	Poseidoniales	Poseidoniaceae	MGIIa-L1	82.92	1.48	1884820	1717
GCA_030039135.1	104	Thermoplasmatota	Thermoplasmata	UBA184	UBA184	UBA184	73.94	0.01	1566558	1682
GCA_002508465.1	104	Halobacteriota	Methanosarcinia	Methanosarcinales	Methanosarcinaceae	Methanosarcina	89.62	2.47	4260973	3605
GCF_030127165.1	104	Halobacteriota	Halobacteria	Halobacteriales	Haloferacaceae	Halobaculum	99.3	2.21	3430593	3488
GCA_949538655.1	104	Thermoplasmatota	Poseidoniia	Poseidoniales	Thalassarchaeaceae	MGIIb-P	78.85	0.1	1843377	1663
GCA_018693315.1	104	Nanobdellota	Nanobdellia	Pacearchaeales	GW2011-AR1	JAGVXH01	87.29	0.16	674103	771
GCF_016282985.1	104	Methanobacteriota	Methanobacteria	Methanobacteriales	Methanobacteriaceae	Methanosphaera	95.5	0.32	1856051	1825
GCA_036396715.1	104	Thermoproteota	Nitrososphaeria	Nitrososphaerales	Nitrosopumilaceae	Nitrosotenuis	96.64	1.48	1589954	2007
GCF_000337595.1	105	Halobacteriota	Halobacteria	Halobacteriales	Natrialbaceae	Natrialba	97.85	1.15	4635192	4604
GCA_003601605.1	105	Thermoproteota	Bathyarchaeia	Bathyarchaeales	Bathycorpusculaceae	JdFR-07	80.49	2.06	1094533	1290
GCA_031283015.1	105	Thermoplasmatota	Thermoplasmata	Methanomassiliicoccales	Methanomethylophilaceae	Methanoplasma	83.38	0.21	1133152	1192
GCA_021325075.1	105	Thermoproteota	Nitrososphaeria	Nitrososphaerales	Nitrososphaeraceae	Nitrososphaera	85.97	0.63	1580560	2099
GCF_029338235.1	105	Halobacteriota	Halobacteria	Halobacteriales	Haloarculaceae	Haloarcula	94.47	2.79	3282213	3520
GCA_949320185.1	105	Halobacteriota	Methanomicrobia	Methanomicrobiales	Methanospirillaceae	UBA288	84.17	0.26	2119816	2159
GCA_937892665.1	105	Thermoplasmatota	Poseidoniia	Poseidoniales	Poseidoniaceae	MGIIa-L2	82.78	2.07	1731378	1737
GCA_030040625.1	105	Thermoplasmatota	Thermoplasmata	UBA184	UBA184	UBA184	73.74	0.55	1516537	1598
GCF_002067275.1	105	Halobacteriota	Methanosarcinia	Methanosarcinales	Methanosarcinaceae	Methanomethylovorans	86.44	0.24	2098238	2112
GCF_014646875.1	105	Halobacteriota	Halobacteria	Halobacteriales	Haloferacaceae	Halobellus	99.26	0.3	3067519	3015
GCA_002499585.1	105	Thermoplasmatota	Poseidoniia	Poseidoniales	Thalassarchaeaceae	MGIIb-N1	78.82	0.13	1362883	1190
GCA_022563455.1	105	Nanobdellota	Nanobdellia	Pacearchaeales	GW2011-AR1	JAGVXH01	87.24	2.18	973699	1187
GCF_937898925.1	105	Methanobacteriota	Methanobacteria	Methanobacteriales	Methanobacteriaceae	Methanobrevibacter	95.44	0.3	2094422	2037
GCA_001510275.1	105	Thermoproteota	Nitrososphaeria	Nitrososphaerales	Nitrosopumilaceae	Nitrosopumilus	96.62	0.0	1221161	1532
GCF_000337735.1	106	Halobacteriota	Halobacteria	Halobacteriales	Natrialbaceae	Natronorubrum	97.85	0.59	3460288	3516
GCA_038817565.1	106	Thermoproteota	Bathyarchaeia	Bathyarchaeales	Bathycorpusculaceae	JAGTQI01	79.67	0.05	1134512	1325
GCA_031260545.1	106	Thermoplasmatota	Thermoplasmata	Methanomassiliicoccales	Methanomethylophilaceae	Methanomicula	83.1	1.3	1220066	1314
GCA_035253605.1	106	Thermoproteota	Nitrososphaeria	Nitrososphaerales	Nitrososphaeraceae	Nitrososphaera	85.43	1.86	1757307	2093
GCF_028274965.1	106	Halobacteriota	Halobacteria	Halobacteriales	Haloarculaceae	Natronomonas	94.06	1.03	2276379	2385
GCA_026394595.1	106	Halobacteriota	Methanomicrobia	Methanomicrobiales	Methanospirillaceae	MVRE01	83.53	1.94	1580891	1802
GCA_038125145.1	106	Thermoplasmatota	Poseidoniia	Poseidoniales	Poseidoniaceae	MGIIa-L3	82.43	0.0	1745286	1518
GCA_030040035.1	106	Thermoplasmatota	Thermoplasmata	UBA184	UBA184	UBA184	73.67	0.26	1632875	1758
GCA_041596555.1	106	Halobacteriota	Methanosarcinia	Methanosarcinales	Methanosarcinaceae	Methanosarcina	83.96	0.44	2943360	2744
GCA_005239175.1	106	Halobacteriota	Halobacteria	Halobacteriales	Haloferacaceae	Halalkalirubrum	99.26	0.38	3359672	3427
GCA_902625325.1	106	Thermoplasmatota	Poseidoniia	Poseidoniales	Thalassarchaeaceae	UBA36	78.73	0.05	1418968	1307
GCA_017608945.1	106	Nanobdellota	Nanobdellia	Pacearchaeales	GW2011-AR1	JAFCEY01	87.2	0.07	447817	579
GCF_030539665.1	106	Methanobacteriota	Methanobacteria	Methanobacteriales	Methanobacteriaceae	Methanocatella	95.33	0.47	1619014	1663
GCA_003331425.1	106	Thermoproteota	Nitrososphaeria	Nitrososphaerales	Nitrosopumilaceae	Nitrosopumilus	96.59	0.29	1235315	1561
GCF_023973145.1	107	Halobacteriota	Halobacteria	Halobacteriales	Natrialbaceae	Natronosalvus	97.82	0.0	3836670	3651
GCA_030628925.1	107	Thermoproteota	Bathyarchaeia	Bathyarchaeales	Bathycorpusculaceae	SOJA01	79.28	0.61	1214219	1449
GCA_902787415.1	107	Thermoplasmatota	Thermoplasmata	Methanomassiliicoccales	Methanomethylophilaceae	Methanomethylophilus	82.6	1.82	1231748	1411
GCA_029240435.1	107	Thermoproteota	Nitrososphaeria	Nitrososphaerales	Nitrososphaeraceae	JAJNBK01	85.3	3.58	3072272	3675
GCA_040409725.1	107	Halobacteriota	Halobacteria	Halobacteriales	Haloarculaceae	Natronomonas	93.31	1.09	2299668	2522
GCA_035256445.1	107	Halobacteriota	Methanomicrobia	Methanomicrobiales	Methanospirillaceae	Methanoregula	83.24	0.65	1801462	2002
GCA_002720275.1	107	Thermoplasmatota	Poseidoniia	Poseidoniales	Poseidoniaceae	MGIIa-I	82.38	3.82	1815283	1516
GCA_030044475.1	107	Thermoplasmatota	Thermoplasmata	UBA184	UBA184	UBA184	73.65	0.04	1666184	1741
GCA_019429165.1	107	Halobacteriota	Methanosarcinia	Methanosarcinales	Methanosarcinaceae	DQIP01	83.9	0.15	1767046	1983
GCF_023702125.1	107	Halobacteriota	Halobacteria	Halobacteriales	Haloferacaceae	Halorubrum	99.23	0.0	3063422	3018
GCA_030747885.1	107	Thermoplasmatota	Poseidoniia	Poseidoniales	Thalassarchaeaceae	MGIIb-N2	78.42	1.1	1642111	1454
GCA_020724955.1	107	Nanobdellota	Nanobdellia	Pacearchaeales	GW2011-AR1	1-14-0-10-34-76	86.94	0.71	735071	939
GCF_902785855.1	107	Methanobacteriota	Methanobacteria	Methanobacteriales	Methanobacteriaceae	Methanocatella	95.31	0.06	2155436	2013
GCA_028867595.1	107	Thermoproteota	Nitrososphaeria	Nitrososphaerales	Nitrosopumilaceae	Nitrosotalea	96.53	0.92	1685005	2123
GCF_000337135.1	108	Halobacteriota	Halobacteria	Halobacteriales	Natrialbaceae	Natrialba	96.76	1.19	4309274	4262
GCA_041480925.1	108	Thermoproteota	Bathyarchaeia	Bathyarchaeales	Bathycorpusculaceae	JBGPAV01	78.99	2.74	1032981	1228
GCA_030539515.1	108	Thermoplasmatota	Thermoplasmata	Methanomassiliicoccales	Methanomethylophilaceae	Methanoprimaticola	82.29	1.81	1677681	1797
GCA_035274085.1	108	Thermoproteota	Nitrososphaeria	Nitrososphaerales	Nitrososphaeraceae	Nitrosocosmicus	85.18	1.22	2486894	2892
GCF_028275115.1	108	Halobacteriota	Halobacteria	Halobacteriales	Haloarculaceae	Halorientalis	91.92	1.5	3531334	3664
GCA_028679325.1	108	Halobacteriota	Methanomicrobia	Methanomicrobiales	Methanospirillaceae	UBA9949	82.88	0.46	1547079	1790
GCA_964230945.1	108	Thermoplasmatota	Poseidoniia	Poseidoniales	Poseidoniaceae	UBA226	82.37	1.6	1914801	1625
GCA_022750335.1	108	Thermoplasmatota	Thermoplasmata	UBA184	UBA184	UBA184	72.48	0.99	1595687	1559
GCA_028684695.1	108	Halobacteriota	Methanosarcinia	Methanosarcinales	Methanosarcinaceae	JAQVBP01	83.5	0.23	1974864	1942
GCF_023638035.1	108	Halobacteriota	Halobacteria	Halobacteriales	Haloferacaceae	Natronocalculus	99.21	0.31	3260636	3325
GCA_030747675.1	108	Thermoplasmatota	Poseidoniia	Poseidoniales	Thalassarchaeaceae	MGIIb-P	78.4	2.45	1681076	1455
GCA_018303945.1	108	Nanobdellota	Nanobdellia	Pacearchaeales	GW2011-AR1	JAGVXD01	86.91	0.17	803700	922
GCA_017883605.1	108	Methanobacteriota	Methanobacteria	Methanobacteriales	Methanobacteriaceae	Methanobacterium_A	95.16	0.0	1877492	2013
GCA_035528495.1	108	Thermoproteota	Nitrososphaeria	Nitrososphaerales	Nitrosopumilaceae	Nitrosomaritimum	96.47	2.62	1855536	2254
GCF_000455365.1	109	Halobacteriota	Halobacteria	Halobacteriales	Natrialbaceae	Halopiger_B	96.66	0.36	3776554	3719
GCA_016649625.1	109	Thermoproteota	Bathyarchaeia	Bathyarchaeales	Bathycorpusculaceae	AD8-1	78.32	1.91	1259452	1648
GCA_016282555.1	109	Thermoplasmatota	Thermoplasmata	Methanomassiliicoccales	Methanomethylophilaceae	Methanoprimaticola	82.06	0.62	1647534	1640
GCA_035281285.1	109	Thermoproteota	Nitrososphaeria	Nitrososphaerales	Nitrososphaeraceae	Nitrososphaera	85.05	0.41	1584217	2073
GCA_003021785.1	109	Halobacteriota	Halobacteria	Halobacteriales	Haloarculaceae	Halosegnis	90.58	0.82	2249255	2444
GCA_003136075.1	109	Halobacteriota	Methanomicrobia	Methanomicrobiales	Methanospirillaceae	Methanoregula	82.86	2.55	2157464	2595
GCA_002731395.1	109	Thermoplasmatota	Poseidoniia	Poseidoniales	Poseidoniaceae	MGIIa-L3	82.24	0.34	1460036	1253
GCA_030044695.1	109	Thermoplasmatota	Thermoplasmata	UBA184	UBA184	UBA184	71.88	1.52	1322363	1416
GCA_030655675.1	109	Halobacteriota	Methanosarcinia	Methanosarcinales	Methanosarcinaceae	DQIP01	83.14	1.04	2099580	2247
GCF_001542905.1	109	Halobacteriota	Halobacteria	Halobacteriales	Haloferacaceae	Halorubrum	99.16	0.01	3325770	3255
GCA_002502095.1	109	Thermoplasmatota	Poseidoniia	Poseidoniales	Thalassarchaeaceae	MGIIb-O5	78.21	0.01	1318011	1181
GCA_018303785.1	109	Nanobdellota	Nanobdellia	Pacearchaeales	GW2011-AR1	JAGVXM01	86.83	0.7	873982	1132
GCF_900314615.1	109	Methanobacteriota	Methanobacteria	Methanobacteriales	Methanobacteriaceae	Methanocatella	95.0	0.97	2431573	2326
GCA_020431985.1	109	Thermoproteota	Nitrososphaeria	Nitrososphaerales	Nitrosopumilaceae	Nitrosarchaeum_A	96.45	2.48	1818473	2410
GCF_025629245.1	110	Halobacteriota	Halobacteria	Halobacteriales	Natrialbaceae	Natronobiforma	96.47	0.02	3759489	3616
GCA_035623315.1	110	Thermoproteota	Bathyarchaeia	Bathyarchaeales	Bathycorpusculaceae	DASPTR01	78.05	2.1	1673192	1874
GCA_024399175.1	110	Thermoplasmatota	Thermoplasmata	Methanomassiliicoccales	Methanomethylophilaceae	Methanomethylophilus	81.84	2.49	1566528	1632
GCA_035547955.1	110	Thermoproteota	Nitrososphaeria	Nitrososphaerales	Nitrososphaeraceae	Nitrososphaera	84.84	0.16	1681857	2100
GCF_029338315.1	110	Halobacteriota	Halobacteria	Halobacteriales	Haloarculaceae	Haloarcula	90.46	0.59	3615317	3919
GCA_035353675.1	110	Halobacteriota	Methanomicrobia	Methanomicrobiales	Methanospirillaceae	Methanoregula	82.46	3.66	1993980	2021
GCA_905182125.1	110	Thermoplasmatota	Poseidoniia	Poseidoniales	Poseidoniaceae	MGIIa-L1	82.24	3.39	1845911	1597
GCA_036007995.1	110	Thermoplasmatota	Thermoplasmata	UBA184	UBA184	UBA184	71.82	2.84	1795877	1985
GCF_032594115.1	110	Halobacteriota	Methanosarcinia	Methanosarcinales	Methanosarcinaceae	Methanolapillus	82.68	0.0	1969708	1766
GCF_002788215.1	110	Halobacteriota	Halobacteria	Halobacteriales	Haloferacaceae	Halohasta	99.16	0.33	3332022	3446
GCA_002701965.1	110	Thermoplasmatota	Poseidoniia	Poseidoniales	Thalassarchaeaceae	MGIIb-P	78.04	0.44	1393630	1183
GCA_017609405.1	110	Nanobdellota	Nanobdellia	Pacearchaeales	GW2011-AR1	JAFCDZ01	86.77	0.65	739754	961
GCF_001639295.1	110	Methanobacteriota	Methanobacteria	Methanobacteriales	Methanobacteriaceae	Methanoflexus	94.89	0.0	2414608	2027
GCA_005798405.1	110	Thermoproteota	Nitrososphaeria	Nitrososphaerales	Nitrosopumilaceae	Nitrosarchaeum	96.42	0.01	1247066	1560
GCF_024300625.1	111	Halobacteriota	Halobacteria	Halobacteriales	Natrialbaceae	Halovivax	95.51	2.19	3700630	3527
GCA_030589055.1	111	Thermoproteota	Bathyarchaeia	Bathyarchaeales	Bathycorpusculaceae	SOJA01	76.78	1.19	832301	1004
GCA_003560875.1	111	Thermoplasmatota	Thermoplasmata	Methanomassiliicoccales	Methanomethylophilaceae	PWHV01	81.09	0.3	1049007	1134
GCA_021324715.1	111	Thermoproteota	Nitrososphaeria	Nitrososphaerales	Nitrososphaeraceae	TA-21	84.73	0.28	1926615	2370
GCA_003021685.1	111	Halobacteriota	Halobacteria	Halobacteriales	Haloarculaceae	Halomicrobium	89.68	0.37	2640161	2702
GCA_002502245.1	111	Halobacteriota	Methanomicrobia	Methanomicrobiales	Methanospirillaceae	Methanoregula	82.42	0.2	2247443	2244
GCA_002720095.2	111	Thermoplasmatota	Poseidoniia	Poseidoniales	Poseidoniaceae	MGIIa-I	82.23	0.83	1799936	1500
GCA_030039715.1	111	Thermoplasmatota	Thermoplasmata	UBA184	UBA184	UBA184	71.45	2.7	1550650	1692
GCF_032594095.1	111	Halobacteriota	Methanosarcinia	Methanosarcinales	Methanosarcinaceae	Methanimicrococcus	82.1	0.0	2193213	1779
GCF_001469875.2	111	Halobacteriota	Halobacteria	Halobacteriales	Haloferacaceae	Haloferax	98.99	0.19	3904985	3889
GCA_002496905.1	111	Thermoplasmatota	Poseidoniia	Poseidoniales	Thalassarchaeaceae	MGIIb-O1	77.96	3.7	1354098	1253
GCA_041659945.1	111	Nanobdellota	Nanobdellia	Pacearchaeales	GW2011-AR1	JACPLR01	86.74	0.29	1043446	1262
GCF_001639285.1	111	Methanobacteriota	Methanobacteria	Methanobacteriales	Methanobacteriaceae	Methanobaculum	94.69	0.33	2608702	2156
GCA_016215465.1	111	Thermoproteota	Nitrososphaeria	Nitrososphaerales	Nitrosopumilaceae	Nitrosotenuis	96.29	0.45	1699628	2011
GCF_024138145.1	112	Halobacteriota	Halobacteria	Halobacteriales	Natrialbaceae	Natronosalvus	95.19	0.75	3854603	3725
GCA_020350385.1	112	Thermoproteota	Bathyarchaeia	Bathyarchaeales	Bathycorpusculaceae	GCA-020350385	75.87	0.78	869056	922
GCA_031256615.1	112	Thermoplasmatota	Thermoplasmata	Methanomassiliicoccales	Methanomethylophilaceae	Methanoplasma	81.03	1.35	1180190	1309
GCA_036519475.1	112	Thermoproteota	Nitrososphaeria	Nitrososphaerales	Nitrososphaeraceae	DATDLD01	84.5	0.81	1677760	2012
GCA_003021015.1	112	Halobacteriota	Halobacteria	Halobacteriales	Haloarculaceae	Halovenus	88.98	1.26	2891236	2839
GCA_026394655.1	112	Halobacteriota	Methanomicrobia	Methanomicrobiales	Methanospirillaceae	Methanoregula	82.38	1.29	2260587	2601
GCA_023254355.1	112	Thermoplasmatota	Poseidoniia	Poseidoniales	Poseidoniaceae	Poseidonia	82.23	0.5	1629799	1528
GCA_030040755.1	112	Thermoplasmatota	Thermoplasmata	UBA184	UBA184	UBA184	70.84	2.84	1530160	1673
GCA_034006575.1	112	Halobacteriota	Methanosarcinia	Methanosarcinales	Methanosarcinaceae	Methanimicrococcus	81.88	0.2	1682565	1489
GCF_017873555.1	112	Halobacteriota	Halobacteria	Halobacteriales	Haloferacaceae	Halorubrum	98.97	0.93	3080988	2993
GCA_012959435.1	112	Thermoplasmatota	Poseidoniia	Poseidoniales	Thalassarchaeaceae	MGIIb-Q1	77.2	3.86	2220493	1892
GCA_028718805.1	112	Nanobdellota	Nanobdellia	Pacearchaeales	GW2011-AR1	JAQUKY01	86.7	0.56	1175106	1481
GCF_030539555.1	112	Methanobacteriota	Methanobacteria	Methanobacteriales	Methanobacteriaceae	Methanocatella	94.66	0.43	2080510	2096
GCA_028867275.1	112	Thermoproteota	Nitrososphaeria	Nitrososphaerales	Nitrosopumilaceae	Nitrosotalea	96.29	0.41	1698668	2032
GCA_001564275.1	113	Halobacteriota	Halobacteria	Halobacteriales	Natrialbaceae	Natronosalvus	91.15	0.25	3164822	3145
GCA_018396935.1	113	Thermoproteota	Bathyarchaeia	Bathyarchaeales	Bathycorpusculaceae	DSZD01	74.76	0.03	1076267	1330
GCA_002504495.1	113	Thermoplasmatota	Thermoplasmata	Methanomassiliicoccales	Methanomethylophilaceae	Methanoprimaticola	80.9	0.5	1610037	1648
GCA_036259955.1	113	Thermoproteota	Nitrososphaeria	Nitrososphaerales	Nitrososphaeraceae	Nitrososphaera	84.42	1.01	2033817	2409
GCA_003020965.1	113	Halobacteriota	Halobacteria	Halobacteriales	Haloarculaceae	Natronomonas	88.96	0.1	2951928	2986
GCA_035562475.1	113	Halobacteriota	Methanomicrobia	Methanomicrobiales	Methanospirillaceae	Methanoregula	81.39	1.77	1673827	1902
GCA_009887255.1	113	Thermoplasmatota	Poseidoniia	Poseidoniales	Poseidoniaceae	Poseidonia	82.21	0.1	1747242	1549
GCA_035945735.1	113	Thermoplasmatota	Thermoplasmata	UBA184	UBA184	JAKIVR01	70.71	0.33	1408971	1562
GCA_017883485.1	113	Halobacteriota	Methanosarcinia	Methanosarcinales	Methanosarcinaceae	Methanosarcina	81.67	0.81	2826837	2819
GCF_014212355.1	113	Halobacteriota	Halobacteria	Halobacteriales	Haloferacaceae	Halobellus	98.93	0.11	3490400	3427
GCA_002172375.1	113	Thermoplasmatota	Poseidoniia	Poseidoniales	Thalassarchaeaceae	MGIIb-O3	77.19	0.3	1402371	1368
GCA_018651925.1	113	Nanobdellota	Nanobdellia	Pacearchaeales	GW2011-AR1	JABIDC01	86.65	0.45	640746	725
GCF_017406825.1	113	Methanobacteriota	Methanobacteria	Methanobacteriales	Methanobacteriaceae	Methanocatella	94.48	4.58	1717510	1857
GCA_001437625.1	113	Thermoproteota	Nitrososphaeria	Nitrososphaerales	Nitrosopumilaceae	Nitrosopumilus	96.23	0.32	1270387	1698
GCF_000337895.1	114	Halobacteriota	Halobacteria	Halobacteriales	Natrialbaceae	Halobiforma	85.43	0.18	3688747	3676
GCA_038870595.1	114	Thermoproteota	Bathyarchaeia	Bathyarchaeales	Bathycorpusculaceae	JAGTQI01	74.07	2.21	1016344	1178
GCA_002506175.1	114	Thermoplasmatota	Thermoplasmata	Methanomassiliicoccales	Methanomethylophilaceae	Methanoprimaticola	80.22	1.33	1231160	1235
GCA_025922735.1	114	Thermoproteota	Nitrososphaeria	Nitrososphaerales	Nitrososphaeraceae	Nitrososphaera	84.3	0.26	1646009	2038
GCA_003551265.1	114	Halobacteriota	Halobacteria	Halobacteriales	Haloarculaceae	Halovenus	88.43	0.83	2911837	3169
GCA_003157895.1	114	Halobacteriota	Methanomicrobia	Methanomicrobiales	Methanospirillaceae	Methanoregula	81.36	0.48	2033837	2334
GCA_002722615.1	114	Thermoplasmatota	Poseidoniia	Poseidoniales	Poseidoniaceae	MGIIa-L2	82.13	0.77	1842525	1542
GCA_030039865.1	114	Thermoplasmatota	Thermoplasmata	UBA184	UBA184	UBA184	69.19	0.78	1537667	1666
GCF_004363215.1	114	Halobacteriota	Methanosarcinia	Methanosarcinales	Methanosarcinaceae	Methanimicrococcus	81.62	0.0	1783317	1568
GCF_029338555.1	114	Halobacteriota	Halobacteria	Halobacteriales	Haloferacaceae	Halobaculum	98.92	1.27	3506531	3551
GCA_002505495.1	114	Thermoplasmatota	Poseidoniia	Poseidoniales	Thalassarchaeaceae	MGIIb-Q1	76.96	0.11	1840727	1865
GCA_018304145.1	114	Nanobdellota	Nanobdellia	Pacearchaeales	GW2011-AR1	JAGVWU01	86.6	0.84	1146784	1326
GCA_002067325.1	114	Methanobacteriota	Methanobacteria	Methanobacteriales	Methanobacteriaceae	Methanobacterium_A	94.47	0.9	2172543	2414
GCA_029948415.1	114	Thermoproteota	Nitrososphaeria	Nitrososphaerales	Nitrosopumilaceae	JAJIZT01	96.19	1.25	1634289	1879
GCF_000691505.1	115	Halobacteriota	Halobacteria	Halobacteriales	Natrialbaceae	Halostagnicola	83.69	1.05	3178490	3401
GCA_030630585.1	115	Thermoproteota	Bathyarchaeia	Bathyarchaeales	Bathycorpusculaceae	SOJA01	73.74	4.29	1263322	1531
GCA_031254685.1	115	Thermoplasmatota	Thermoplasmata	Methanomassiliicoccales	Methanomethylophilaceae	Methanomicula	79.9	1.52	1111747	1238
GCA_036741615.1	115	Thermoproteota	Nitrososphaeria	Nitrososphaerales	Nitrososphaeraceae	Nitrososphaera	84.24	0.97	1928195	2412
GCA_007122455.1	115	Halobacteriota	Halobacteria	Halobacteriales	Haloarculaceae	Natronomonas	87.43	2.17	2933305	3157
GCA_017883495.1	115	Halobacteriota	Methanomicrobia	Methanomicrobiales	Methanospirillaceae	UBA288	80.22	0.32	1674702	1907
GCA_002706615.1	115	Thermoplasmatota	Poseidoniia	Poseidoniales	Poseidoniaceae	MGIIa-K1	81.97	4.32	1888070	1565
GCA_022750375.1	115	Thermoplasmatota	Thermoplasmata	UBA184	UBA184	UBA184	69.05	0.03	930984	958
GCF_032714475.1	115	Halobacteriota	Methanosarcinia	Methanosarcinales	Methanosarcinaceae	Methanolapillus	81.05	0.0	2103793	1806
GCF_000336815.1	115	Halobacteriota	Halobacteria	Halobacteriales	Haloferacaceae	Haloferax	98.81	1.02	3998799	3991
GCA_002713585.1	115	Thermoplasmatota	Poseidoniia	Poseidoniales	Thalassarchaeaceae	MGIIb-N2	76.82	0.18	1720552	1428
GCA_016188895.1	115	Nanobdellota	Nanobdellia	Pacearchaeales	GW2011-AR1	JACPGZ01	86.58	0.72	969809	1325
GCA_002496805.1	115	Methanobacteriota	Methanobacteria	Methanobacteriales	Methanobacteriaceae	Methanobacterium	94.34	0.06	2000747	1978
GCA_032128215.1	115	Thermoproteota	Nitrososphaeria	Nitrososphaerales	Nitrosopumilaceae	CSP1-1	96.16	0.1	1371173	1726
GCA_001563805.1	116	Halobacteriota	Halobacteria	Halobacteriales	Natrialbaceae	Natrarchaeobaculum	77.75	2.69	2874982	3066
GCA_003601785.1	116	Thermoproteota	Bathyarchaeia	Bathyarchaeales	Bathycorpusculaceae	PIYA01	72.31	0.51	816136	1011
GCA_949298875.1	116	Thermoplasmatota	Thermoplasmata	Methanomassiliicoccales	Methanomethylophilaceae	Methanoprimaticola	79.68	1.68	1341312	1392
GCA_029194465.1	116	Thermoproteota	Nitrososphaeria	Nitrososphaerales	Nitrososphaeraceae	Nitrosocosmicus	84.03	2.45	3301645	4167
GCA_034521675.1	116	Halobacteriota	Halobacteria	Halobacteriales	Haloarculaceae	Halosegnis	87.21	0.7	2355346	2671
GCA_041305785.1	116	Halobacteriota	Methanomicrobia	Methanomicrobiales	Methanospirillaceae	Methanoregula	79.95	0.55	2141982	2353
GCA_022451765.1	116	Thermoplasmatota	Poseidoniia	Poseidoniales	Poseidoniaceae	MGIIa-L2	81.97	0.51	1781062	1772
GCA_021828715.1	116	Thermoplasmatota	Thermoplasmata	UBA184	UBA184	UBA184	68.6	0.39	971549	1072
GCA_012518265.1	116	Halobacteriota	Methanosarcinia	Methanosarcinales	Methanosarcinaceae	Methanofrustulum	80.89	0.25	1513574	1378
GCF_000415985.1	116	Halobacteriota	Halobacteria	Halobacteriales	Haloferacaceae	Haloquadratum	98.76	2.19	3594539	3794
GCA_002506755.1	116	Thermoplasmatota	Poseidoniia	Poseidoniales	Thalassarchaeaceae	UBA36	76.4	0.22	1245566	1114
GCA_009694725.1	116	Nanobdellota	Nanobdellia	Pacearchaeales	GW2011-AR1	SICV01	86.52	0.49	636299	759
GCA_030539815.1	116	Methanobacteriota	Methanobacteria	Methanobacteriales	Methanobacteriaceae	Methanobacterium	94.3	0.1	2229643	2311
GCA_035685565.1	116	Thermoproteota	Nitrososphaeria	Nitrososphaerales	Nitrosopumilaceae	TA-20	96.12	1.1	1520536	2000
GCA_001564115.1	117	Halobacteriota	Halobacteria	Halobacteriales	Natrialbaceae	Tc-Br11-E2g8	70.03	0.67	2287800	2360
GCA_038868055.1	117	Thermoproteota	Bathyarchaeia	Bathyarchaeales	Bathycorpusculaceae	DRVP01	72.19	0.68	681250	810
GCA_900767505.1	117	Thermoplasmatota	Thermoplasmata	Methanomassiliicoccales	Methanomethylophilaceae	Methanoprimaticola	79.4	0.55	1231980	1338
GCA_036379735.1	117	Thermoproteota	Nitrososphaeria	Nitrososphaerales	Nitrososphaeraceae	TA-21	83.98	2.25	1493946	1880
GCA_018609945.1	117	Halobacteriota	Halobacteria	Halobacteriales	Haloarculaceae	SW-9-67-25	87.19	4.41	2929077	3259
GCA_013331415.1	117	Halobacteriota	Methanomicrobia	Methanomicrobiales	Methanospirillaceae	UBA9949	79.63	0.65	1732923	1958
GCA_009937205.1	117	Thermoplasmatota	Poseidoniia	Poseidoniales	Poseidoniaceae	MGIIa-L1	81.95	2.81	1771193	1609
GCA_035623375.1	117	Thermoplasmatota	Thermoplasmata	UBA184	UBA184	UBA184	67.22	2.42	922798	1038
GCF_032594355.1	117	Halobacteriota	Methanosarcinia	Methanosarcinales	Methanosarcinaceae	Methanolapillus	80.26	0.0	1895112	1591
GCF_037031285.1	117	Halobacteriota	Halobacteria	Halobacteriales	Haloferacaceae	Halobellus	98.64	1.18	3229908	3129
GCA_002496725.1	117	Thermoplasmatota	Poseidoniia	Poseidoniales	Thalassarchaeaceae	MGIIb-O5	76.27	0.98	1331106	1193
GCA_002763155.1	117	Nanobdellota	Nanobdellia	Pacearchaeales	GW2011-AR1	PFCU01	86.51	0.5	650646	860
GCA_024689425.1	117	Methanobacteriota	Methanobacteria	Methanobacteriales	Methanobacteriaceae	Methanocatella	94.2	0.74	1746065	1849
GCA_900620265.3	117	Thermoproteota	Nitrososphaeria	Nitrososphaerales	Nitrosopumilaceae	Nitrosopumilus	96.06	2.67	1996680	2181
GCA_001564255.1	118	Halobacteriota	Halobacteria	Halobacteriales	Natrialbaceae	Tc-Br11-E2g1	67.71	0.66	2155803	2318
GCA_030672945.1	118	Thermoproteota	Bathyarchaeia	Bathyarchaeales	Bathycorpusculaceae	SOJA01	71.77	1.93	849792	1024
GCA_012515075.1	118	Thermoplasmatota	Thermoplasmata	Methanomassiliicoccales	Methanomethylophilaceae	JAAYZC01	78.55	0.29	988185	1061
GCA_036373895.1	118	Thermoproteota	Nitrososphaeria	Nitrososphaerales	Nitrososphaeraceae	Nitrososphaera	83.94	0.0	1449584	1713
GCA_036628575.1	118	Halobacteriota	Halobacteria	Halobacteriales	Haloarculaceae	Halapricum	86.5	2.27	2650357	2749
GCA_026394765.1	118	Halobacteriota	Methanomicrobia	Methanomicrobiales	Methanospirillaceae	JAPKXQ01	78.77	0.0	1833841	1866
GCA_002710015.1	118	Thermoplasmatota	Poseidoniia	Poseidoniales	Poseidoniaceae	MGIIa-K1	81.78	0.64	1702324	1443
GCA_030044105.1	118	Thermoplasmatota	Thermoplasmata	UBA184	UBA184	UBA184	66.17	1.81	1326069	1476
GCF_032594435.1	118	Halobacteriota	Methanosarcinia	Methanosarcinales	Methanosarcinaceae	Methanimicrococcus	80.17	0.0	1827352	1603
GCF_000337355.1	118	Halobacteriota	Halobacteria	Halobacteriales	Haloferacaceae	Halorubrum	98.54	2.67	3619738	3571
GCA_002504435.1	118	Thermoplasmatota	Poseidoniia	Poseidoniales	Thalassarchaeaceae	MGIIb-O5	76.2	0.11	1277296	1105
GCA_019662115.1	118	Nanobdellota	Nanobdellia	Pacearchaeales	GW2011-AR1	JAIFVW01	86.47	0.92	672686	857
GCA_023249725.1	118	Methanobacteriota	Methanobacteria	Methanobacteriales	Methanobacteriaceae	UBA349	94.13	1.02	2397817	2418
GCA_021325615.1	118	Thermoproteota	Nitrososphaeria	Nitrososphaerales	Nitrosopumilaceae	Nitrosotalea	95.92	0.68	1830320	2115
GCA_003552325.1	119	Halobacteriota	Halobacteria	Halobacteriales	Natrialbaceae	Natronosalvus	66.58	0.0	2333376	2498
GCA_030673805.1	119	Thermoproteota	Bathyarchaeia	Bathyarchaeales	Bathycorpusculaceae	DAOVIH01	71.72	0.64	1044665	1180
GCA_031288985.1	119	Thermoplasmatota	Thermoplasmata	Methanomassiliicoccales	Methanomethylophilaceae	Methanoplasma	76.31	0.9	1193299	1270
GCA_030774295.1	119	Thermoproteota	Nitrososphaeria	Nitrososphaerales	Nitrososphaeraceae	TA-21	83.85	1.29	1699059	2187
GCA_028274925.1	119	Halobacteriota	Halobacteria	Halobacteriales	Haloarculaceae	Halovenus	86.07	1.86	3268525	3780
GCA_003154335.1	119	Halobacteriota	Methanomicrobia	Methanomicrobiales	Methanospirillaceae	Methanoregula	78.23	0.78	2144576	2403
GCA_949373095.1	119	Thermoplasmatota	Poseidoniia	Poseidoniales	Poseidoniaceae	Poseidonia	81.76	1.43	1867453	1701
GCA_030039995.1	119	Thermoplasmatota	Thermoplasmata	UBA184	UBA184	UBA184	65.17	1.99	1488230	1696
GCA_013331265.1	119	Halobacteriota	Methanosarcinia	Methanosarcinales	Methanosarcinaceae	Methanosarcina	79.58	0.31	3295879	2887
GCF_018623055.1	119	Halobacteriota	Halobacteria	Halobacteriales	Haloferacaceae	Halorubrum	98.53	0.08	3063515	3015
GCA_002722595.1	119	Thermoplasmatota	Poseidoniia	Poseidoniales	Thalassarchaeaceae	MGIIb-P	76.08	0.36	1641616	1348
GCA_021818475.1	119	Nanobdellota	Nanobdellia	Pacearchaeales	GW2011-AR1	RBG-13-33-26	86.46	0.55	697733	814
GCF_902801725.1	119	Methanobacteriota	Methanobacteria	Methanobacteriales	Methanobacteriaceae	Methanocatella	94.04	0.28	2161298	2028
GCA_024644385.1	119	Thermoproteota	Nitrososphaeria	Nitrososphaerales	Nitrosopumilaceae	Nitrosomaritimum	95.91	1.81	1557866	1912
GCA_001563885.1	120	Halobacteriota	Halobacteria	Halobacteriales	Natrialbaceae	Natrarchaeobaculum	55.38	0.33	2006211	2139
GCA_034679745.1	120	Thermoproteota	Bathyarchaeia	Bathyarchaeales	Bathycorpusculaceae	Bathycorpusculum	71.36	2.2	1627818	1913
GCA_017475875.1	120	Thermoplasmatota	Thermoplasmata	Methanomassiliicoccales	Methanomethylophilaceae	Methanoprimaticola	76.15	0.63	1541317	1653
GCA_035762785.1	120	Thermoproteota	Nitrososphaeria	Nitrososphaerales	Nitrososphaeraceae	TH1177	83.8	1.29	1758762	1929
GCA_036625385.1	120	Halobacteriota	Halobacteria	Halobacteriales	Haloarculaceae	Halovenus	84.72	1.97	2980023	3079
GCA_028705545.1	120	Halobacteriota	Methanomicrobia	Methanomicrobiales	Methanospirillaceae	Methanoregula	77.69	1.32	2104398	2432
GCA_030827745.1	120	Thermoplasmatota	Poseidoniia	Poseidoniales	Poseidoniaceae	Poseidonia	81.54	0.05	1737102	1531
GCA_021832495.1	120	Thermoplasmatota	Thermoplasmata	UBA184	UBA184	JAJYEA01	64.83	1.0	2367634	2410
GCA_031286065.1	120	Halobacteriota	Methanosarcinia	Methanosarcinales	Methanosarcinaceae	Methanimicrococcus	79.39	0.06	1747773	1720
GCF_900188065.1	120	Halobacteriota	Halobacteria	Halobacteriales	Haloferacaceae	Halorubrum	98.35	2.47	3477860	3377
GCA_002497895.1	120	Thermoplasmatota	Poseidoniia	Poseidoniales	Thalassarchaeaceae	MGIIb-O1	76.07	0.43	1266736	1154
GCA_018830525.1	120	Nanobdellota	Nanobdellia	Pacearchaeales	GW2011-AR1	JAGVXH01	86.41	1.29	963380	1137
GCF_030296715.1	120	Methanobacteriota	Methanobacteria	Methanobacteriales	Methanobacteriaceae	Methanobacterium	94.02	3.29	2803797	2932
GCA_023252335.1	120	Thermoproteota	Nitrososphaeria	Nitrososphaerales	Nitrosopumilaceae	Nitrosotalea	95.88	0.04	1552918	1854
GCA_003552885.1	121	Halobacteriota	Halobacteria	Halobacteriales	Natrialbaceae	Tc-Br11-E2g8	53.72	0.41	1700439	1895
GCA_035506455.1	121	Thermoproteota	Bathyarchaeia	Bathyarchaeales	Bathycorpusculaceae	JADGNF01	71.04	2.96	2118328	2363
GCA_041654195.1	121	Thermoplasmatota	Thermoplasmata	Methanomassiliicoccales	Methanomethylophilaceae	JBAZDV01	75.38	1.85	1453792	1859
GCA_933226995.1	121	Thermoproteota	Nitrososphaeria	Nitrososphaerales	Nitrososphaeraceae	Nitrosopolaris	83.27	1.52	2260634	2851
GCA_036626395.1	121	Halobacteriota	Halobacteria	Halobacteriales	Haloarculaceae	QS-5-68-33	83.93	2.17	3087887	3178
GCA_949319355.1	121	Halobacteriota	Methanomicrobia	Methanomicrobiales	Methanospirillaceae	KLAP105	77.66	0.84	1917660	2018
GCA_002726495.1	121	Thermoplasmatota	Poseidoniia	Poseidoniales	Poseidoniaceae	Poseidonia	81.49	0.32	1733199	1438
GCA_030039825.1	121	Thermoplasmatota	Thermoplasmata	UBA184	UBA184	UBA184	64.4	0.41	1397423	1390
GCF_032714515.1	121	Halobacteriota	Methanosarcinia	Methanosarcinales	Methanosarcinaceae	Methanimicrococcus	78.71	0.01	2044068	1755
GCF_001462205.1	121	Halobacteriota	Halobacteria	Halobacteriales	Haloferacaceae	Haloparvum	98.2	0.95	3243052	3307
GCA_002499865.1	121	Thermoplasmatota	Poseidoniia	Poseidoniales	Thalassarchaeaceae	MGIIb-O5	76.03	0.2	1296940	1169
GCA_030636025.1	121	Nanobdellota	Nanobdellia	Pacearchaeales	GW2011-AR1	DAOVXQ01	86.2	0.24	733590	951
GCA_030539615.1	121	Methanobacteriota	Methanobacteria	Methanobacteriales	Methanobacteriaceae	Methanosphaera	94.02	0.02	1798265	1631
GCA_035455105.1	121	Thermoproteota	Nitrososphaeria	Nitrososphaerales	Nitrosopumilaceae	Nitrosarchaeum	95.79	4.55	1440458	1855
GCA_034521555.1	122	Halobacteriota	Halobacteria	Halobacteriales	Natrialbaceae	JAXHMI01	53.52	0.42	2239027	3073
GCA_041481045.1	122	Thermoproteota	Bathyarchaeia	Bathyarchaeales	Bathycorpusculaceae	DASPTR01	70.21	2.44	775818	935
GCA_009786295.1	122	Thermoplasmatota	Thermoplasmata	Methanomassiliicoccales	Methanomethylophilaceae	Methanoplasma	75.12	0.52	1161042	1262
GCA_030861105.1	122	Thermoproteota	Nitrososphaeria	Nitrososphaerales	Nitrososphaeraceae	TH5893	83.22	3.19	2997641	3977
GCA_018609665.1	122	Halobacteriota	Halobacteria	Halobacteriales	Haloarculaceae	Natronomonas	82.46	0.72	2482401	2830
GCA_002508495.1	122	Halobacteriota	Methanomicrobia	Methanomicrobiales	Methanospirillaceae	Methanoregula	77.63	0.0	1934647	2069
GCA_002720115.1	122	Thermoplasmatota	Poseidoniia	Poseidoniales	Poseidoniaceae	MGIIa-K1	81.29	2.76	2030967	1760
GCA_030043855.1	122	Thermoplasmatota	Thermoplasmata	UBA184	UBA184	UBA184	63.71	2.09	1365973	1469
GCA_016926455.1	122	Halobacteriota	Methanosarcinia	Methanosarcinales	Methanosarcinaceae	JAFGQV01	76.97	0.47	1602817	1664
GCF_003605575.1	122	Halobacteriota	Halobacteria	Halobacteriales	Haloferacaceae	Halonotius	98.13	0.12	2468392	2577
GCA_003602515.1	122	Thermoplasmatota	Poseidoniia	Poseidoniales	Thalassarchaeaceae	UBA36	76.02	2.1	1363896	1238
GCA_001872315.1	122	Nanobdellota	Nanobdellia	Pacearchaeales	GW2011-AR1	CG1-02-39-14	86.18	0.92	687729	882
GCA_024167805.1	122	Methanobacteriota	Methanobacteria	Methanobacteriales	Methanobacteriaceae	Methanobacterium_B	93.94	2.16	2744370	3037
GCA_028343855.1	122	Thermoproteota	Nitrososphaeria	Nitrososphaerales	Nitrosopumilaceae	Nitrosopumilus	95.74	0.03	1204134	1521
GCA_002010925.1	123	Thermoproteota	Bathyarchaeia	Bathyarchaeales	Bathycorpusculaceae	UBA233	69.83	1.28	1067948	1303
GCA_035271005.1	123	Thermoplasmatota	Thermoplasmata	Methanomassiliicoccales	Methanomethylophilaceae	VadinCA11	73.68	1.68	910502	1048
GCA_036566425.1	123	Thermoproteota	Nitrososphaeria	Nitrososphaerales	Nitrososphaeraceae	Nitrososphaera	82.7	2.58	1953223	2328
GCA_003551945.1	123	Halobacteriota	Halobacteria	Halobacteriales	Haloarculaceae	Halovenus	82.29	2.68	2427444	2671
GCA_013415575.1	123	Halobacteriota	Methanomicrobia	Methanomicrobiales	Methanospirillaceae	UBA9949	77.63	3.71	1412598	1679
GCA_002496845.1	123	Thermoplasmatota	Poseidoniia	Poseidoniales	Poseidoniaceae	MGIIa-L3	81.23	0.69	1871345	1639
GCA_030043835.1	123	Thermoplasmatota	Thermoplasmata	UBA184	UBA184	UBA184	62.44	1.79	1268452	1462
GCA_020854785.1	123	Halobacteriota	Methanosarcinia	Methanosarcinales	Methanosarcinaceae	Methanomethylovorans	76.52	0.57	2058277	2222
GCF_009674605.1	123	Halobacteriota	Halobacteria	Halobacteriales	Haloferacaceae	Haloferax	98.1	0.15	3561692	3633
GCA_902530535.1	123	Thermoplasmatota	Poseidoniia	Poseidoniales	Thalassarchaeaceae	UBA36	75.46	0.19	1112085	1001
GCA_016866915.1	123	Nanobdellota	Nanobdellia	Pacearchaeales	GW2011-AR1	ASMP01	86.09	1.26	460171	586
GCA_031286225.1	123	Methanobacteriota	Methanobacteria	Methanobacteriales	Methanobacteriaceae	Methanorudis	93.91	0.04	1914402	1671
GCA_035685445.1	123	Thermoproteota	Nitrososphaeria	Nitrososphaerales	Nitrosopumilaceae	DRGT01	95.61	0.41	1293738	1638
GCA_013330975.1	124	Thermoproteota	Bathyarchaeia	Bathyarchaeales	Bathycorpusculaceae	UBA11855	66.89	1.07	1207756	1531
GCA_006954465.1	124	Thermoplasmatota	Thermoplasmata	Methanomassiliicoccales	Methanomethylophilaceae	Methanoprimaticola	72.33	1.55	1492097	1680
GCA_036258455.1	124	Thermoproteota	Nitrososphaeria	Nitrososphaerales	Nitrososphaeraceae	TA-21	80.68	1.17	1783123	2218
GCA_003021005.1	124	Halobacteriota	Halobacteria	Halobacteriales	Haloarculaceae	Natronomonas	82.24	0.08	2449050	2530
GCA_022711635.1	124	Halobacteriota	Methanomicrobia	Methanomicrobiales	Methanospirillaceae	MVRE01	76.93	3.2	1861702	2040
GCA_030741225.1	124	Thermoplasmatota	Poseidoniia	Poseidoniales	Poseidoniaceae	MGIIa-L1	81.15	0.64	1872135	1788
GCA_030043545.1	124	Thermoplasmatota	Thermoplasmata	UBA184	UBA184	UBA184	61.34	0.65	1223018	1373
GCA_031260345.1	124	Halobacteriota	Methanosarcinia	Methanosarcinales	Methanosarcinaceae	Methanimicrococcus	76.46	1.45	1590430	1519
GCF_024494685.1	124	Halobacteriota	Halobacteria	Halobacteriales	Haloferacaceae	Halorubrum	98.08	0.76	3227153	3193
GCA_002457195.1	124	Thermoplasmatota	Poseidoniia	Poseidoniales	Thalassarchaeaceae	MGIIb-P	75.29	0.11	1273471	1083
GCA_902386025.1	124	Nanobdellota	Nanobdellia	Pacearchaeales	GW2011-AR1	RBG-13-33-26	86.04	0.28	558684	710
GCA_035319165.1	124	Methanobacteriota	Methanobacteria	Methanobacteriales	Methanobacteriaceae	Methanobacterium	93.82	0.05	1683674	1879
GCA_002317795.1	124	Thermoproteota	Nitrososphaeria	Nitrososphaerales	Nitrosopumilaceae	Nitrosopumilus	95.58	1.72	1906738	2373
GCA_030626685.1	125	Thermoproteota	Bathyarchaeia	Bathyarchaeales	Bathycorpusculaceae	DAOUTL01	66.04	0.31	1373768	1835
GCA_946545675.1	125	Thermoplasmatota	Thermoplasmata	Methanomassiliicoccales	Methanomethylophilaceae	Methanomethylophilus	70.59	0.28	1172093	1297
GCA_038200895.1	125	Thermoproteota	Nitrososphaeria	Nitrososphaerales	Nitrososphaeraceae	Nitrosocosmicus	80.52	0.86	1233608	1434
GCA_003020985.1	125	Halobacteriota	Halobacteria	Halobacteriales	Haloarculaceae	Haloglomus	81.91	0.0	2838640	2858
GCA_029555345.1	125	Halobacteriota	Methanomicrobia	Methanomicrobiales	Methanospirillaceae	Methanolinea_A	76.12	2.86	1385167	1534
GCA_937881505.1	125	Thermoplasmatota	Poseidoniia	Poseidoniales	Poseidoniaceae	Poseidonia	81.09	0.83	1991189	1879
GCA_030042955.1	125	Thermoplasmatota	Thermoplasmata	UBA184	UBA184	UBA184	59.4	1.58	1589727	1788
GCA_024280975.1	125	Halobacteriota	Methanosarcinia	Methanosarcinales	Methanosarcinaceae	Methanosarcina	75.88	0.54	2614668	2529
GCF_002906575.1	125	Halobacteriota	Halobacteria	Halobacteriales	Haloferacaceae	Salinigranum	98.03	2.1	4973118	5123
GCA_002457145.1	125	Thermoplasmatota	Poseidoniia	Poseidoniales	Thalassarchaeaceae	MGIIb-O3	75.27	0.33	1366214	1180
GCA_002688415.1	125	Nanobdellota	Nanobdellia	Pacearchaeales	GW2011-AR1	JAGVXH01	85.99	1.52	803643	1011
GCA_023434825.1	125	Methanobacteriota	Methanobacteria	Methanobacteriales	Methanobacteriaceae	Methanobacterium_D	93.79	1.64	2481306	2790
GCA_029864335.1	125	Thermoproteota	Nitrososphaeria	Nitrososphaerales	Nitrosopumilaceae	Nitrosopumilus	95.56	3.47	1947280	2513
GCA_003601875.1	126	Thermoproteota	Bathyarchaeia	Bathyarchaeales	Bathycorpusculaceae	PIYF01	65.96	0.0	597499	720
GCA_029574055.1	126	Thermoplasmatota	Thermoplasmata	Methanomassiliicoccales	Methanomethylophilaceae	Methanoplasma	69.18	2.8	1105348	1284
GCA_035279085.1	126	Thermoproteota	Nitrososphaeria	Nitrososphaerales	Nitrososphaeraceae	Nitrososphaera	80.31	0.67	2232615	2781
GCA_003021655.1	126	Halobacteriota	Halobacteria	Halobacteriales	Haloarculaceae	QS-4-69-31	81.89	0.14	2736007	2759
GCA_041480465.1	126	Halobacteriota	Methanomicrobia	Methanomicrobiales	Methanospirillaceae	Methanoregula	76.1	1.13	1652763	1954
GCA_002694525.1	126	Thermoplasmatota	Poseidoniia	Poseidoniales	Poseidoniaceae	Poseidonia	80.7	1.12	1602594	1365
GCA_030039525.1	126	Thermoplasmatota	Thermoplasmata	UBA184	UBA184	UBA184	59.05	1.13	1444859	1564
GCA_016935475.1	126	Halobacteriota	Methanosarcinia	Methanosarcinales	Methanosarcinaceae	JAFGQV01	75.57	1.0	1803207	1868
GCF_026616205.1	126	Halobacteriota	Halobacteria	Halobacteriales	Haloferacaceae	Halolamina	97.95	0.86	3024386	3079
GCA_002708385.1	126	Thermoplasmatota	Poseidoniia	Poseidoniales	Thalassarchaeaceae	MGIIb-O1	74.99	0.22	1139175	973
GCA_018304045.1	126	Nanobdellota	Nanobdellia	Pacearchaeales	GW2011-AR1	CABMGE01	85.91	0.55	1160851	1391
GCF_017539065.1	126	Methanobacteriota	Methanobacteria	Methanobacteriales	Methanobacteriaceae	Methanocatella	93.72	0.18	1837912	1787
GCA_000402075.1	126	Thermoproteota	Nitrososphaeria	Nitrososphaerales	Nitrosopumilaceae	Nitrosopelagicus	95.55	0.31	1104438	1354
GCA_035256045.1	127	Thermoproteota	Bathyarchaeia	Bathyarchaeales	Bathycorpusculaceae	DASPPK01	65.16	0.22	900534	1084
GCA_030539565.1	127	Thermoplasmatota	Thermoplasmata	Methanomassiliicoccales	Methanomethylophilaceae	Methanoprimaticola	68.92	0.0	1398236	1549
GCA_035697905.1	127	Thermoproteota	Nitrososphaeria	Nitrososphaerales	Nitrososphaeraceae	TH5896	80.3	3.28	1592502	1897
GCA_028274885.1	127	Halobacteriota	Halobacteria	Halobacteriales	Haloarculaceae	Halovenus	81.25	0.49	2181356	2318
GCA_002068435.1	127	Halobacteriota	Methanomicrobia	Methanomicrobiales	Methanospirillaceae	UBA9949	75.78	1.73	2248835	2469
GCA_002696315.1	127	Thermoplasmatota	Poseidoniia	Poseidoniales	Poseidoniaceae	MGIIa-I	80.64	1.11	1713667	1451
GCA_030043865.1	127	Thermoplasmatota	Thermoplasmata	UBA184	UBA184	UBA184	59.03	0.88	1276295	1435
GCA_030609665.1	127	Halobacteriota	Methanosarcinia	Methanosarcinales	Methanosarcinaceae	DQIP01	73.92	2.13	1766881	2029
GCF_001282785.1	127	Halobacteriota	Halobacteria	Halobacteriales	Haloferacaceae	Halolamina	97.87	0.0	2835858	2886
GCA_013330385.1	127	Thermoplasmatota	Poseidoniia	Poseidoniales	Thalassarchaeaceae	MGIIb-O1	74.71	1.18	1248962	1209
GCA_017608705.1	127	Nanobdellota	Nanobdellia	Pacearchaeales	GW2011-AR1	JAFCFJ01	85.87	2.32	601265	736
GCA_003158115.1	127	Methanobacteriota	Methanobacteria	Methanobacteriales	Methanobacteriaceae	Methanobacterium_B	93.67	0.13	2293092	2469
GCA_026708305.1	127	Thermoproteota	Nitrososphaeria	Nitrososphaerales	Nitrosopumilaceae	WTHC01	95.49	0.02	836782	963
GCA_038869575.1	128	Thermoproteota	Bathyarchaeia	Bathyarchaeales	Bathycorpusculaceae	JAGTQI01	64.67	0.58	757644	933
GCA_031271555.1	128	Thermoplasmatota	Thermoplasmata	Methanomassiliicoccales	Methanomethylophilaceae	Methanoplasma	68.64	0.26	929037	1040
GCA_040255975.1	128	Thermoproteota	Nitrososphaeria	Nitrososphaerales	Nitrososphaeraceae	Nitrososphaera	79.55	0.06	1649408	2237
GCF_036625485.1	128	Halobacteriota	Halobacteria	Halobacteriales	Haloarculaceae	Natronomonas	80.41	0.25	2548520	2918
GCA_037130095.1	128	Halobacteriota	Methanomicrobia	Methanomicrobiales	Methanospirillaceae	CAIKOD01	75.66	1.88	2379963	2479
GCA_036160735.1	128	Thermoplasmatota	Poseidoniia	Poseidoniales	Poseidoniaceae	MGIIa-K1	80.64	0.89	1737341	1569
GCA_030042815.1	128	Thermoplasmatota	Thermoplasmata	UBA184	UBA184	UBA184	57.41	0.05	1231998	1406
GCA_041694315.1	128	Halobacteriota	Methanosarcinia	Methanosarcinales	Methanosarcinaceae	Methanohalophilus	73.33	0.44	1545460	1786
GCF_000337815.1	128	Halobacteriota	Halobacteria	Halobacteriales	Haloferacaceae	Haloferax	97.81	0.09	3368982	3454
GCA_002718695.1	128	Thermoplasmatota	Poseidoniia	Poseidoniales	Thalassarchaeaceae	UBA36	74.43	2.44	1356311	1178
GCA_041679005.1	128	Nanobdellota	Nanobdellia	Pacearchaeales	GW2011-AR1	JBAYNB01	85.83	3.71	956228	1252
GCA_031272765.1	128	Methanobacteriota	Methanobacteria	Methanobacteriales	Methanobacteriaceae	Methanovirga	93.51	1.84	2440534	2282
GCA_036560565.1	128	Thermoproteota	Nitrososphaeria	Nitrososphaerales	Nitrosopumilaceae	Nitrosotenuis	95.43	1.88	1614970	2079
GCA_002010975.1	129	Thermoproteota	Bathyarchaeia	Bathyarchaeales	Bathycorpusculaceae	JdFR-07	64.58	0.69	907597	1024
GCA_024399225.1	129	Thermoplasmatota	Thermoplasmata	Methanomassiliicoccales	Methanomethylophilaceae	Methanomethylophilus	68.61	1.38	1210466	1346
GCA_035641095.1	129	Thermoproteota	Nitrososphaeria	Nitrososphaerales	Nitrososphaeraceae	TH5896	79.26	0.15	1479938	1711
GCA_041642135.1	129	Halobacteriota	Halobacteria	Halobacteriales	Haloarculaceae	Salinirubellus	80.41	3.51	3223868	3596
GCA_041653075.1	129	Halobacteriota	Methanomicrobia	Methanomicrobiales	Methanospirillaceae	Methanoregula	75.55	2.88	2184562	2189
GCA_905182725.1	129	Thermoplasmatota	Poseidoniia	Poseidoniales	Poseidoniaceae	MGIIa-L1	80.58	0.65	1655995	1427
GCA_030043405.1	129	Thermoplasmatota	Thermoplasmata	UBA184	UBA184	UBA184	56.45	0.02	1173551	1305
GCA_003157235.1	129	Halobacteriota	Methanosarcinia	Methanosarcinales	Methanosarcinaceae	Methanosarcina	73.13	1.35	2915408	2871
GCF_017873815.1	129	Halobacteriota	Halobacteria	Halobacteriales	Haloferacaceae	Halorubrum	97.74	1.31	3098171	3095
GCA_002712285.1	129	Thermoplasmatota	Poseidoniia	Poseidoniales	Thalassarchaeaceae	MGIIb-N2	74.26	0.11	1700864	1415
GCA_038045765.1	129	Nanobdellota	Nanobdellia	Pacearchaeales	GW2011-AR1	SICV01	85.82	0.61	880030	1042
GCF_937906425.1	129	Methanobacteriota	Methanobacteria	Methanobacteriales	Methanobacteriaceae	Methanobrevibacter	93.45	0.16	2433197	1814
GCA_038152885.1	129	Thermoproteota	Nitrososphaeria	Nitrososphaerales	Nitrosopumilaceae	Nitrosopumilus	95.42	0.26	1297295	1665
GCA_035625495.1	130	Thermoproteota	Bathyarchaeia	Bathyarchaeales	Bathycorpusculaceae	DASPPK01	63.48	2.03	1012053	1155
GCA_007116915.1	130	Thermoplasmatota	Thermoplasmata	Methanomassiliicoccales	Methanomethylophilaceae	PWHV01	68.03	0.58	958064	1023
GCA_014523685.1	130	Thermoproteota	Nitrososphaeria	Nitrososphaerales	Nitrososphaeraceae	TH5893	79.24	1.03	1883194	2310
GCA_003020925.1	130	Halobacteriota	Halobacteria	Halobacteriales	Haloarculaceae	Haloarcula	80.19	0.03	2198794	2288
GCA_002495225.1	130	Halobacteriota	Methanomicrobia	Methanomicrobiales	Methanospirillaceae	UBA288	74.76	1.23	1930414	2208
GCA_028822955.1	130	Thermoplasmatota	Poseidoniia	Poseidoniales	Poseidoniaceae	MGIIa-L1	80.57	0.15	1793168	1637
GCA_030043255.1	130	Thermoplasmatota	Thermoplasmata	UBA184	UBA184	UBA184	56.38	0.27	1224955	1304
GCA_007127385.1	130	Halobacteriota	Methanosarcinia	Methanosarcinales	Methanosarcinaceae	Methanosalsum	72.92	0.78	1333932	1457
GCF_002727125.1	130	Halobacteriota	Halobacteria	Halobacteriales	Haloferacaceae	Halorubrum	97.65	1.24	3578349	3582
GCA_002496485.1	130	Thermoplasmatota	Poseidoniia	Poseidoniales	Thalassarchaeaceae	UBA36	74.13	1.06	1344790	1279
GCA_022561055.1	130	Nanobdellota	Nanobdellia	Pacearchaeales	GW2011-AR1	JADFRY01	85.79	1.58	929335	1189
GCF_902770715.1	130	Methanobacteriota	Methanobacteria	Methanobacteriales	Methanobacteriaceae	Methanocatella	93.31	0.82	2118247	2163
GCA_014384555.1	130	Thermoproteota	Nitrososphaeria	Nitrososphaerales	Nitrosopumilaceae	Nitrosopumilus	95.28	2.18	1390264	1780
GCA_038882535.1	131	Thermoproteota	Bathyarchaeia	Bathyarchaeales	Bathycorpusculaceae	JAGTQI01	62.84	0.75	1049516	1280
GCA_009778265.1	131	Thermoplasmatota	Thermoplasmata	Methanomassiliicoccales	Methanomethylophilaceae	Methanomicula	67.95	1.48	960439	1088
GCA_029237515.1	131	Thermoproteota	Nitrososphaeria	Nitrososphaerales	Nitrososphaeraceae	TH5896	78.83	1.87	2338188	2904
GCA_003022725.1	131	Halobacteriota	Halobacteria	Halobacteriales	Haloarculaceae	Halovenus	79.29	2.14	2631222	2678
GCA_026394695.1	131	Halobacteriota	Methanomicrobia	Methanomicrobiales	Methanospirillaceae	Methanoregula	74.65	2.44	1770585	2055
GCA_002728035.1	131	Thermoplasmatota	Poseidoniia	Poseidoniales	Poseidoniaceae	Poseidonia	80.51	3.8	1838131	1545
GCA_002508635.1	131	Halobacteriota	Methanosarcinia	Methanosarcinales	Methanosarcinaceae	Methanolobus	70.55	0.83	1971157	2085
GCF_041361345.1	131	Halobacteriota	Halobacteria	Halobacteriales	Haloferacaceae	JAHENP01	97.43	0.64	4292040	4054
GCA_964007685.1	131	Thermoplasmatota	Poseidoniia	Poseidoniales	Thalassarchaeaceae	MGIIb-O1	74.11	0.0	1167929	1179
GCA_018303825.1	131	Nanobdellota	Nanobdellia	Pacearchaeales	GW2011-AR1	JAGVXK01	85.74	0.03	805733	998
GCA_017473945.1	131	Methanobacteriota	Methanobacteria	Methanobacteriales	Methanobacteriaceae	Methanocatella	93.13	0.76	2356159	2349
GCA_022564515.1	131	Thermoproteota	Nitrososphaeria	Nitrososphaerales	Nitrosopumilaceae	DRGT01	95.19	0.04	1506872	1875
GCA_038882475.1	132	Thermoproteota	Bathyarchaeia	Bathyarchaeales	Bathycorpusculaceae	JABFQN01	62.08	1.78	632823	718
GCA_028702835.1	132	Thermoplasmatota	Thermoplasmata	Methanomassiliicoccales	Methanomethylophilaceae	RumEn-M2	67.9	1.19	939271	1001
GCA_025922715.1	132	Thermoproteota	Nitrososphaeria	Nitrososphaerales	Nitrososphaeraceae	TH1177	77.92	1.3	1814902	2068
GCF_009741825.1	132	Halobacteriota	Halobacteria	Halobacteriales	Haloarculaceae	Halapricum	78.65	0.46	2965017	3388
GCA_022710385.1	132	Halobacteriota	Methanomicrobia	Methanomicrobiales	Methanospirillaceae	UBA9949	74.16	0.22	1735248	1958
GCA_964014165.1	132	Thermoplasmatota	Poseidoniia	Poseidoniales	Poseidoniaceae	Poseidonia	80.49	0.45	1741605	1604
GCA_041395005.1	132	Halobacteriota	Methanosarcinia	Methanosarcinales	Methanosarcinaceae	Methanolobus	67.38	0.32	2547433	3328
GCF_041361465.1	132	Halobacteriota	Halobacteria	Halobacteriales	Haloferacaceae	JAHENP01	97.2	0.29	3580614	3572
GCA_029250425.1	132	Thermoplasmatota	Poseidoniia	Poseidoniales	Thalassarchaeaceae	MGIIb-P	74.1	0.53	1658602	1642
GCA_030699205.1	132	Nanobdellota	Nanobdellia	Pacearchaeales	GW2011-AR1	SICU01	85.7	1.35	927034	1129
GCF_036307625.1	132	Methanobacteriota	Methanobacteria	Methanobacteriales	Methanobacteriaceae	Methanocatella	93.08	0.66	2242411	2119
GCA_035703205.1	132	Thermoproteota	Nitrososphaeria	Nitrososphaerales	Nitrosopumilaceae	Nitrosarchaeum	95.18	0.63	1342463	1718
GCA_031260365.1	133	Thermoproteota	Bathyarchaeia	Bathyarchaeales	Bathycorpusculaceae	Bathycorpusculum	60.36	1.67	993516	1109
GCA_007117455.1	133	Thermoplasmatota	Thermoplasmata	Methanomassiliicoccales	Methanomethylophilaceae	PWHV01	67.89	1.03	1143341	1150
GCA_035280585.1	133	Thermoproteota	Nitrososphaeria	Nitrososphaerales	Nitrososphaeraceae	TA-21	76.59	0.13	1425636	1697
GCA_028275025.1	133	Halobacteriota	Halobacteria	Halobacteriales	Haloarculaceae	Halovenus	78.6	0.35	2030990	2085
GCA_041652215.1	133	Halobacteriota	Methanomicrobia	Methanomicrobiales	Methanospirillaceae	Methanoregula	73.73	0.59	1698109	1909
GCA_002692465.1	133	Thermoplasmatota	Poseidoniia	Poseidoniales	Poseidoniaceae	MGIIa-I	80.43	0.38	1504529	1289
GCA_009783635.1	133	Halobacteriota	Methanosarcinia	Methanosarcinales	Methanosarcinaceae	Methanimicrococcus	66.83	0.0	1333240	1266
GCF_024494595.1	133	Halobacteriota	Halobacteria	Halobacteriales	Haloferacaceae	Halobellus	97.13	2.23	3655138	3566
GCA_902560445.1	133	Thermoplasmatota	Poseidoniia	Poseidoniales	Thalassarchaeaceae	MGIIb-O1	73.69	0.22	1104385	991
GCA_038045365.1	133	Nanobdellota	Nanobdellia	Pacearchaeales	GW2011-AR1	JBBSYH01	85.7	0.52	583421	721
GCF_946184425.1	133	Methanobacteriota	Methanobacteria	Methanobacteriales	Methanobacteriaceae	Methanocatella	93.0	1.3	2232857	2066
GCA_029861345.1	133	Thermoproteota	Nitrososphaeria	Nitrososphaerales	Nitrosopumilaceae	Nitrosopumilus	95.11	1.9	1744893	2253
GCA_030668645.1	134	Thermoproteota	Bathyarchaeia	Bathyarchaeales	Bathycorpusculaceae	DAOVFC01	58.03	0.23	526042	671
GCA_945492685.1	134	Thermoplasmatota	Thermoplasmata	Methanomassiliicoccales	Methanomethylophilaceae	Methanoprimaticola	66.91	1.66	1052481	1186
GCA_005877345.1	134	Thermoproteota	Nitrososphaeria	Nitrososphaerales	Nitrososphaeraceae	TA-21	76.51	2.42	2202089	2857
GCA_028275005.1	134	Halobacteriota	Halobacteria	Halobacteriales	Haloarculaceae	Salinirussus	78.38	0.76	2430655	2707
GCA_041663625.1	134	Halobacteriota	Methanomicrobia	Methanomicrobiales	Methanospirillaceae	Methanoregula	73.52	3.49	2423446	2746
GCA_018650165.1	134	Thermoplasmatota	Poseidoniia	Poseidoniales	Poseidoniaceae	MGIIa-K1	80.42	0.05	1747706	1488
GCA_017613335.1	134	Halobacteriota	Methanosarcinia	Methanosarcinales	Methanosarcinaceae	Methanofrustulum	65.31	0.08	1496225	1325
GCF_019880225.1	134	Halobacteriota	Halobacteria	Halobacteriales	Haloferacaceae	Halobaculum	97.04	0.36	3058052	3043
GCA_002503045.1	134	Thermoplasmatota	Poseidoniia	Poseidoniales	Thalassarchaeaceae	MGIIb-N2	73.28	0.69	1579222	1356
GCA_017608985.1	134	Nanobdellota	Nanobdellia	Pacearchaeales	GW2011-AR1	JAFCEV01	85.65	0.66	476178	611
GCF_947169325.1	134	Methanobacteriota	Methanobacteria	Methanobacteriales	Methanobacteriaceae	Methanocatella	92.96	1.32	2611014	2384
GCA_007280335.1	134	Thermoproteota	Nitrososphaeria	Nitrososphaerales	Nitrosopumilaceae	TA-20	95.09	0.13	1296374	1581
GCA_038850545.1	135	Thermoproteota	Bathyarchaeia	Bathyarchaeales	Bathycorpusculaceae	JAWCLS01	56.48	0.57	588562	695
GCA_009778275.1	135	Thermoplasmatota	Thermoplasmata	Methanomassiliicoccales	Methanomethylophilaceae	Methanoplasma	65.64	0.26	845406	935
GCA_035264705.1	135	Thermoproteota	Nitrososphaeria	Nitrososphaerales	Nitrososphaeraceae	JAJNBK01	76.41	3.03	2120975	2471
GCA_036625635.1	135	Halobacteriota	Halobacteria	Halobacteriales	Haloarculaceae	JAZKTI01	77.43	0.48	2504126	2526
GCA_028679405.1	135	Halobacteriota	Methanomicrobia	Methanomicrobiales	Methanospirillaceae	JAJRBP01	73.43	3.98	1861387	2037
GCA_004195635.1	135	Thermoplasmatota	Poseidoniia	Poseidoniales	Poseidoniaceae	PSPT01	80.34	0.25	1751024	1380
GCA_013330315.1	135	Halobacteriota	Methanosarcinia	Methanosarcinales	Methanosarcinaceae	Methanosarcina	60.84	0.65	2340030	2395
GCA_030734185.1	135	Halobacteriota	Halobacteria	Halobacteriales	Haloferacaceae	XH8	96.79	4.04	3234179	3427
GCA_019654055.1	135	Thermoplasmatota	Poseidoniia	Poseidoniales	Thalassarchaeaceae	Thalassarchaeum	73.14	3.35	1298951	1392
GCA_019659125.1	135	Nanobdellota	Nanobdellia	Pacearchaeales	GW2011-AR1	JAIFVW01	85.6	0.14	808890	989
GCF_001639265.1	135	Methanobacteriota	Methanobacteria	Methanobacteriales	Methanobacteriaceae	Methanacia	92.85	0.0	2606143	2097
GCA_022562615.1	135	Thermoproteota	Nitrososphaeria	Nitrososphaerales	Nitrosopumilaceae	Nitrosomaritimum	95.06	0.74	1544692	1965
GCA_035518335.1	136	Thermoproteota	Bathyarchaeia	Bathyarchaeales	Bathycorpusculaceae	Bathycorpusculum	56.43	0.71	1575375	1908
GCA_017616575.1	136	Thermoplasmatota	Thermoplasmata	Methanomassiliicoccales	Methanomethylophilaceae	Methanoprimaticola	61.39	0.26	1251191	1354
GCA_035575335.1	136	Thermoproteota	Nitrososphaeria	Nitrososphaerales	Nitrososphaeraceae	Nitrososphaera	75.51	1.08	2080262	2867
GCA_003021305.1	136	Halobacteriota	Halobacteria	Halobacteriales	Haloarculaceae	QS-4-69-31	77.24	0.0	2518045	2625
GCA_033811795.1	136	Halobacteriota	Methanomicrobia	Methanomicrobiales	Methanospirillaceae	Methanolinea_A	72.51	0.67	1250771	1412
GCA_002502215.1	136	Thermoplasmatota	Poseidoniia	Poseidoniales	Poseidoniaceae	MGIIa-L2	80.33	0.38	1876148	1624
GCA_030596385.1	136	Halobacteriota	Methanosarcinia	Methanosarcinales	Methanosarcinaceae	DQIP01	60.61	0.89	1202916	1304
GCF_027257195.1	136	Halobacteriota	Halobacteria	Halobacteriales	Haloferacaceae	Halorubrum	96.11	0.52	3281933	3310
GCA_002498455.1	136	Thermoplasmatota	Poseidoniia	Poseidoniales	Thalassarchaeaceae	MGIIb-P	73.13	0.01	1828059	1539
GCA_023133415.1	136	Nanobdellota	Nanobdellia	Pacearchaeales	GW2011-AR1	JAGVXH01	85.6	1.43	835933	997
GCA_017407115.1	136	Methanobacteriota	Methanobacteria	Methanobacteriales	Methanobacteriaceae	Methanocatella	92.85	1.34	2958583	3181
GCA_022450565.1	136	Thermoproteota	Nitrososphaeria	Nitrososphaerales	Nitrosopumilaceae	Nitrosopelagicus	95.03	3.13	1098752	1366
GCA_036514855.1	137	Thermoproteota	Bathyarchaeia	Bathyarchaeales	Bathycorpusculaceae	DATBWI01	53.37	0.45	1061853	1143
GCA_031274665.1	137	Thermoplasmatota	Thermoplasmata	Methanomassiliicoccales	Methanomethylophilaceae	Methanoplasma	60.41	0.14	787553	929
GCA_025449515.1	137	Thermoproteota	Nitrososphaeria	Nitrososphaerales	Nitrososphaeraceae	JARBAU01	75.42	0.62	2066632	2452
GCA_028275145.1	137	Halobacteriota	Halobacteria	Halobacteriales	Haloarculaceae	Halovenus	77.2	2.65	2382350	2619
GCA_035541835.1	137	Halobacteriota	Methanomicrobia	Methanomicrobiales	Methanospirillaceae	Methanoregula	71.86	3.08	1647542	1743
GCA_002495645.1	137	Thermoplasmatota	Poseidoniia	Poseidoniales	Poseidoniaceae	Poseidonia	80.23	0.27	1848559	1595
GCA_030266245.1	137	Halobacteriota	Methanosarcinia	Methanosarcinales	Methanosarcinaceae	Methanimicrococcus	57.67	0.04	1375153	1233
GCF_023276355.1	137	Halobacteriota	Halobacteria	Halobacteriales	Haloferacaceae	Haloplanus	95.84	1.79	2941515	3055
GCA_002495675.1	137	Thermoplasmatota	Poseidoniia	Poseidoniales	Thalassarchaeaceae	MGIIb-N1	72.94	0.23	1367263	1187
GCA_016866995.1	137	Nanobdellota	Nanobdellia	Pacearchaeales	GW2011-AR1	VGKQ01	85.56	0.43	1064373	1323
GCA_031289325.1	137	Methanobacteriota	Methanobacteria	Methanobacteriales	Methanobacteriaceae	Methanovirga	92.51	0.14	2361339	1903
GCA_905479565.1	137	Thermoproteota	Nitrososphaeria	Nitrososphaerales	Nitrosopumilaceae	Nitrosopumilus	95.03	2.36	1420622	1780
GCA_001273335.1	138	Thermoproteota	Bathyarchaeia	Bathyarchaeales	Bathycorpusculaceae	SG8-32-3	51.58	0.18	668322	733
GCA_031254265.1	138	Thermoplasmatota	Thermoplasmata	Methanomassiliicoccales	Methanomethylophilaceae	Methanoplasma	59.73	0.0	722734	850
GCA_025936955.1	138	Thermoproteota	Nitrososphaeria	Nitrososphaerales	Nitrososphaeraceae	JAICSL01	75.31	0.82	2113812	2465
GCA_003022945.1	138	Halobacteriota	Halobacteria	Halobacteriales	Haloarculaceae	Natronomonas	76.3	0.35	2633186	2771
GCA_028711405.1	138	Halobacteriota	Methanomicrobia	Methanomicrobiales	Methanospirillaceae	Methanoregula	71.56	0.55	2219407	2436
GCA_009887195.1	138	Thermoplasmatota	Poseidoniia	Poseidoniales	Poseidoniaceae	MGIIa-L1	80.09	0.05	1699240	1540
GCF_000336875.1	138	Halobacteriota	Halobacteria	Halobacteriales	Haloferacaceae	Halorubrum	95.63	0.62	3682872	3652
GCA_002499345.1	138	Thermoplasmatota	Poseidoniia	Poseidoniales	Thalassarchaeaceae	MGIIb-O5	72.57	0.2	1121012	996
GCA_018653485.1	138	Nanobdellota	Nanobdellia	Pacearchaeales	GW2011-AR1	JABIDS01	85.55	0.64	930405	1036
GCF_015062915.1	138	Methanobacteriota	Methanobacteria	Methanobacteriales	Methanobacteriaceae	Methanocatella	92.28	0.18	2000367	1914
GCA_022117465.1	138	Thermoproteota	Nitrososphaeria	Nitrososphaerales	Nitrosopumilaceae	Nitrosopumilus	95.02	0.08	1189543	1523
GCA_025935445.1	139	Thermoproteota	Nitrososphaeria	Nitrososphaerales	Nitrososphaeraceae	Nitrososphaera	75.2	0.75	1653579	2057
GCA_007135435.1	139	Halobacteriota	Halobacteria	Halobacteriales	Haloarculaceae	Natronomonas	75.9	0.9	3110843	3385
GCA_025358115.1	139	Halobacteriota	Methanomicrobia	Methanomicrobiales	Methanospirillaceae	Methanoregula	70.13	0.82	2263363	2213
GCA_003602485.1	139	Thermoplasmatota	Poseidoniia	Poseidoniales	Poseidoniaceae	Poseidonia	79.79	0.23	1781359	1535
GCF_029889805.1	139	Halobacteriota	Halobacteria	Halobacteriales	Haloferacaceae	Halorubrum	95.22	0.27	2763128	2870
GCA_002713185.1	139	Thermoplasmatota	Poseidoniia	Poseidoniales	Thalassarchaeaceae	UBA36	72.36	2.56	1346916	1189
GCA_026395855.1	139	Nanobdellota	Nanobdellia	Pacearchaeales	GW2011-AR1	ASMP01	85.54	0.68	562077	746
GCA_018263005.1	139	Methanobacteriota	Methanobacteria	Methanobacteriales	Methanobacteriaceae	Methanobacterium_A	92.26	0.0	2098097	2069
GCA_937896495.1	139	Thermoproteota	Nitrososphaeria	Nitrososphaerales	Nitrosopumilaceae	Nitrosopumilus	94.87	2.22	1254528	1677
GCA_036277875.1	140	Thermoproteota	Nitrososphaeria	Nitrososphaerales	Nitrososphaeraceae	TA-21	75.14	0.33	1149138	1450
GCA_003021975.1	140	Halobacteriota	Halobacteria	Halobacteriales	Haloarculaceae	Halomarina	73.07	0.0	2606427	2782
GCA_013331225.1	140	Halobacteriota	Methanomicrobia	Methanomicrobiales	Methanospirillaceae	Methanolinea_A	67.77	1.34	1759608	2126
GCA_022451835.1	140	Thermoplasmatota	Poseidoniia	Poseidoniales	Poseidoniaceae	MGIIa-L1	79.55	0.98	1711171	1650
GCF_030127145.1	140	Halobacteriota	Halobacteria	Halobacteriales	Haloferacaceae	Halobaculum	95.17	1.72	3459201	3548
GCA_902511005.1	140	Thermoplasmatota	Poseidoniia	Poseidoniales	Thalassarchaeaceae	MGIIb-O2	72.35	0.09	1302349	1158
GCA_038044405.1	140	Nanobdellota	Nanobdellia	Pacearchaeales	GW2011-AR1	JAUSIK01	85.54	0.79	657728	842
GCF_900317865.1	140	Methanobacteriota	Methanobacteria	Methanobacteriales	Methanobacteriaceae	Methanocatella	92.22	1.92	2281773	2139
GCA_013390375.1	140	Thermoproteota	Nitrososphaeria	Nitrososphaerales	Nitrosopumilaceae	Nitrosopelagicus	94.73	0.64	1050488	1309
GCA_038200885.1	141	Thermoproteota	Nitrososphaeria	Nitrososphaerales	Nitrososphaeraceae	Nitrosocosmicus	74.38	1.16	2235618	2773
GCA_001564135.1	141	Halobacteriota	Halobacteria	Halobacteriales	Haloarculaceae	Halovenus	73.04	0.6	2095876	2296
GCA_003251955.1	141	Halobacteriota	Methanomicrobia	Methanomicrobiales	Methanospirillaceae	Methanospirillum	67.06	2.42	1642397	1783
GCA_002507425.1	141	Thermoplasmatota	Poseidoniia	Poseidoniales	Poseidoniaceae	MGIIa-K1	79.46	0.15	1731072	1515
GCF_009674585.1	141	Halobacteriota	Halobacteria	Halobacteriales	Haloferacaceae	Haloferax	95.11	1.29	3487106	3520
GCA_030747485.1	141	Thermoplasmatota	Poseidoniia	Poseidoniales	Thalassarchaeaceae	MGIIb-P	72.17	0.09	1410510	1163
GCA_026395815.1	141	Nanobdellota	Nanobdellia	Pacearchaeales	GW2011-AR1	RBG-13-33-26	85.53	1.5	704108	836
GCA_009712615.1	141	Methanobacteriota	Methanobacteria	Methanobacteriales	Methanobacteriaceae	Methanobacterium_B	92.05	0.24	2181304	2258
GCA_028866655.1	141	Thermoproteota	Nitrososphaeria	Nitrososphaerales	Nitrosopumilaceae	Nitrosotalea	94.56	0.53	1423762	1737
GCA_035640315.1	142	Thermoproteota	Nitrososphaeria	Nitrososphaerales	Nitrososphaeraceae	TA-21	74.37	1.37	1430202	1817
GCA_003021745.1	142	Halobacteriota	Halobacteria	Halobacteriales	Haloarculaceae	Natronomonas	72.86	0.25	2203208	2373
GCA_013331215.1	142	Halobacteriota	Methanomicrobia	Methanomicrobiales	Methanospirillaceae	UBA288	66.53	2.11	2154672	2595
GCA_038141355.1	142	Thermoplasmatota	Poseidoniia	Poseidoniales	Poseidoniaceae	MGIIa-K1	79.39	3.7	2462058	2775
GCF_001469865.1	142	Halobacteriota	Halobacteria	Halobacteriales	Haloferacaceae	Haloferax	95.07	0.84	3830759	4341
GCA_963580235.1	142	Thermoplasmatota	Poseidoniia	Poseidoniales	Thalassarchaeaceae	MGIIb-Q1	71.77	0.97	1465046	1386
GCA_030698805.1	142	Nanobdellota	Nanobdellia	Pacearchaeales	GW2011-AR1	CAIQQL01	85.5	2.05	1019583	1200
GCF_015062985.1	142	Methanobacteriota	Methanobacteria	Methanobacteriales	Methanobacteriaceae	Methanocatella	92.03	1.16	1866734	1936
GCA_018334095.1	142	Thermoproteota	Nitrososphaeria	Nitrososphaerales	Nitrosopumilaceae	Nitrosarchaeum	94.22	3.99	1683201	2088
GCA_036732945.1	143	Thermoproteota	Nitrososphaeria	Nitrososphaerales	Nitrososphaeraceae	Nitrososphaera	74.2	0.15	1344330	1615
GCA_000416085.1	143	Halobacteriota	Halobacteria	Halobacteriales	Haloarculaceae	Halovenus	72.43	1.4	2982938	3041
GCA_013331015.1	143	Halobacteriota	Methanomicrobia	Methanomicrobiales	Methanospirillaceae	Methanoregula	66.19	2.92	2181752	2429
GCA_963968885.1	143	Thermoplasmatota	Poseidoniia	Poseidoniales	Poseidoniaceae	MGIIa-L4	79.28	1.69	1569938	1413
GCF_006861665.1	143	Halobacteriota	Halobacteria	Halobacteriales	Haloferacaceae	Halonotius	95.05	3.42	2841436	3070
GCA_030747475.1	143	Thermoplasmatota	Poseidoniia	Poseidoniales	Thalassarchaeaceae	MGIIb-P	71.45	2.1	1517907	1343
GCA_038045305.1	143	Nanobdellota	Nanobdellia	Pacearchaeales	GW2011-AR1	JAUSKC01	85.44	1.42	726871	960
GCA_030016715.1	143	Methanobacteriota	Methanobacteria	Methanobacteriales	Methanobacteriaceae	UBA117	91.72	0.37	1942863	1993
GCA_035458995.1	143	Thermoproteota	Nitrososphaeria	Nitrososphaerales	Nitrosopumilaceae	Nitrosopumilus	94.04	0.62	1338395	1816
GCA_036374075.1	144	Thermoproteota	Nitrososphaeria	Nitrososphaerales	Nitrososphaeraceae	TH1177	73.77	3.74	1347991	1513
GCA_028275075.1	144	Halobacteriota	Halobacteria	Halobacteriales	Haloarculaceae	Haloarcula	71.59	0.89	2059687	2371
GCA_025453715.1	144	Halobacteriota	Methanomicrobia	Methanomicrobiales	Methanospirillaceae	CAIKOD01	65.61	1.73	1753201	1911
GCA_036162675.1	144	Thermoplasmatota	Poseidoniia	Poseidoniales	Poseidoniaceae	Poseidonia	79.21	2.11	1232534	1142
GCF_000739575.1	144	Halobacteriota	Halobacteria	Halobacteriales	Haloferacaceae	Halobellus	94.95	4.43	3852219	3971
GCA_963999425.1	144	Thermoplasmatota	Poseidoniia	Poseidoniales	Thalassarchaeaceae	Thalassarchaeum	71.22	1.06	1217980	1276
GCA_018697295.1	144	Nanobdellota	Nanobdellia	Pacearchaeales	GW2011-AR1	JAGVXH01	85.39	0.29	731777	824
GCF_947166415.1	144	Methanobacteriota	Methanobacteria	Methanobacteriales	Methanobacteriaceae	Methanocatella	91.68	0.25	1719883	1771
GCA_021296165.1	144	Thermoproteota	Nitrososphaeria	Nitrososphaerales	Nitrosopumilaceae	VYCS01	93.92	0.05	1694402	1859
GCA_035253945.1	145	Thermoproteota	Nitrososphaeria	Nitrososphaerales	Nitrososphaeraceae	TH5893	73.39	0.49	828085	986
GCA_003023785.1	145	Halobacteriota	Halobacteria	Halobacteriales	Haloarculaceae	QS-5-68-33	71.46	0.1	2419052	2438
GCA_028679485.1	145	Halobacteriota	Methanomicrobia	Methanomicrobiales	Methanospirillaceae	Methanospirillum	64.64	0.26	1627517	1858
GCA_029979085.1	145	Thermoplasmatota	Poseidoniia	Poseidoniales	Poseidoniaceae	MGIIa-L2	78.87	1.93	1852611	1731
GCF_002252985.1	145	Halobacteriota	Halobacteria	Halobacteriales	Haloferacaceae	Halorubrum	94.94	0.35	3320122	3361
GCA_030751995.1	145	Thermoplasmatota	Poseidoniia	Poseidoniales	Thalassarchaeaceae	MGIIb-P	71.16	0.73	1647337	1473
GCA_038045425.1	145	Nanobdellota	Nanobdellia	Pacearchaeales	GW2011-AR1	SICV01	85.39	2.33	1197661	1555
GCA_021372715.1	145	Methanobacteriota	Methanobacteria	Methanobacteriales	Methanobacteriaceae	Methanobacterium_A	91.5	0.41	2131726	2340
GCA_035575435.1	145	Thermoproteota	Nitrososphaeria	Nitrososphaerales	Nitrosopumilaceae	Nitrosotenuis	93.82	0.16	1526413	1780
GCA_025935105.1	146	Thermoproteota	Nitrososphaeria	Nitrososphaerales	Nitrososphaeraceae	Nitrosopolaris	73.01	4.36	3769507	5288
GCA_003023165.1	146	Halobacteriota	Halobacteria	Halobacteriales	Haloarculaceae	Halosimplex	71.4	0.18	2348556	2563
GCA_002509485.1	146	Halobacteriota	Methanomicrobia	Methanomicrobiales	Methanospirillaceae	SD8	64.48	0.89	1660542	1918
GCA_036160375.1	146	Thermoplasmatota	Poseidoniia	Poseidoniales	Poseidoniaceae	Poseidonia	78.84	3.82	1888721	1646
GCF_000336995.1	146	Halobacteriota	Halobacteria	Halobacteriales	Haloferacaceae	Halorubrum	94.82	0.37	3108525	3062
GCA_963579105.1	146	Thermoplasmatota	Poseidoniia	Poseidoniales	Thalassarchaeaceae	MGIIb-Q1	71.16	0.33	1392408	1309
GCA_009694755.1	146	Nanobdellota	Nanobdellia	Pacearchaeales	GW2011-AR1	SICU01	85.3	0.44	520043	619
GCA_023409695.1	146	Methanobacteriota	Methanobacteria	Methanobacteriales	Methanobacteriaceae	Methanobacterium_D	91.28	0.67	2627668	2808
GCA_011523285.1	146	Thermoproteota	Nitrososphaeria	Nitrososphaerales	Nitrosopumilaceae	WTHC01	93.7	0.03	826649	980
GCA_022545875.1	147	Thermoproteota	Nitrososphaeria	Nitrososphaerales	Nitrososphaeraceae	Nitrososphaera	72.11	1.03	1705448	2235
GCA_003023185.1	147	Halobacteriota	Halobacteria	Halobacteriales	Haloarculaceae	Halosegnis	67.5	0.45	2017518	2247
GCA_022710665.1	147	Halobacteriota	Methanomicrobia	Methanomicrobiales	Methanospirillaceae	Methanoregula	64.25	0.91	1387098	1605
GCA_009936765.1	147	Thermoplasmatota	Poseidoniia	Poseidoniales	Poseidoniaceae	MGIIa-K1	78.62	1.73	1740989	1641
GCA_028275105.1	147	Halobacteriota	Halobacteria	Halobacteriales	Haloferacaceae	Halorubrum	94.62	0.29	2495604	2565
GCA_001629255.1	147	Thermoplasmatota	Poseidoniia	Poseidoniales	Thalassarchaeaceae	UBA36	70.83	1.5	1191311	1128
GCA_018830245.1	147	Nanobdellota	Nanobdellia	Pacearchaeales	GW2011-AR1	JAHJSW01	85.24	0.67	641859	812
GCA_023440975.1	147	Methanobacteriota	Methanobacteria	Methanobacteriales	Methanobacteriaceae	UBA412	91.26	0.0	1790400	1805
GCA_003702545.1	147	Thermoproteota	Nitrososphaeria	Nitrososphaerales	Nitrosopumilaceae	Nitrosopumilus	93.59	0.11	1224048	1580
GCA_035640055.1	148	Thermoproteota	Nitrososphaeria	Nitrososphaerales	Nitrososphaeraceae	DASQWW01	72.05	0.29	1181462	1319
GCA_007121575.1	148	Halobacteriota	Halobacteria	Halobacteriales	Haloarculaceae	Natronomonas	67.4	0.81	1877326	2235
GCA_035622795.1	148	Halobacteriota	Methanomicrobia	Methanomicrobiales	Methanospirillaceae	Methanoregula	64.14	1.51	1621128	1751
GCA_013330925.1	148	Thermoplasmatota	Poseidoniia	Poseidoniales	Poseidoniaceae	MGIIa-L3	78.55	0.1	1724669	1662
GCF_001261915.1	148	Halobacteriota	Halobacteria	Halobacteriales	Haloferacaceae	Halorubrum	94.53	1.46	3248714	3284
GCA_002498925.1	148	Thermoplasmatota	Poseidoniia	Poseidoniales	Thalassarchaeaceae	MGIIb-O5	70.73	0.05	1287024	1169
GCA_019428815.1	148	Nanobdellota	Nanobdellia	Pacearchaeales	GW2011-AR1	ASMP01	85.18	0.43	644994	667
GCF_900316895.1	148	Methanobacteriota	Methanobacteria	Methanobacteriales	Methanobacteriaceae	Methanocatella	91.24	1.43	1908294	1982
GCA_016872015.1	148	Thermoproteota	Nitrososphaeria	Nitrososphaerales	Nitrosopumilaceae	Nitrosotenuis	93.36	0.02	1306115	1637
GCA_035253885.1	149	Thermoproteota	Nitrososphaeria	Nitrososphaerales	Nitrososphaeraceae	TH1177	69.75	0.38	2086514	2501
GCA_036625795.1	149	Halobacteriota	Halobacteria	Halobacteriales	Haloarculaceae	Salinirussus	65.38	0.56	2039150	2305
GCA_028679275.1	149	Halobacteriota	Methanomicrobia	Methanomicrobiales	Methanospirillaceae	UBA9949	64.12	0.91	1013509	1214
GCA_002496955.1	149	Thermoplasmatota	Poseidoniia	Poseidoniales	Poseidoniaceae	MGIIa-L1	78.5	2.39	1622264	1468
GCF_006861655.1	149	Halobacteriota	Halobacteria	Halobacteriales	Haloferacaceae	Halonotius	94.47	0.49	2564341	2696
GCA_905182515.1	149	Thermoplasmatota	Poseidoniia	Poseidoniales	Thalassarchaeaceae	MGIIb-O3	70.67	0.25	1256718	1088
GCA_038740375.1	149	Nanobdellota	Nanobdellia	Pacearchaeales	GW2011-AR1	JAVYLW01	85.17	1.12	967897	914
GCA_017553445.1	149	Methanobacteriota	Methanobacteria	Methanobacteriales	Methanobacteriaceae	Methanocatella	91.21	2.72	1963524	1822
GCA_010028495.1	149	Thermoproteota	Nitrososphaeria	Nitrososphaerales	Nitrosopumilaceae	Nitrosotenuis	93.3	1.03	1633179	2077
GCA_025924135.1	150	Thermoproteota	Nitrososphaeria	Nitrososphaerales	Nitrososphaeraceae	TH1177	69.61	1.79	2324713	2670
GCA_003022845.1	150	Halobacteriota	Halobacteria	Halobacteriales	Haloarculaceae	Halovenus	64.04	1.91	2284663	2377
GCA_009779205.1	150	Halobacteriota	Methanomicrobia	Methanomicrobiales	Methanospirillaceae	Methanofilum	62.47	0.99	1245354	1384
GCA_012959845.1	150	Thermoplasmatota	Poseidoniia	Poseidoniales	Poseidoniaceae	MGIIa-L1	78.44	0.43	1873397	1739
GCF_009674625.1	150	Halobacteriota	Halobacteria	Halobacteriales	Haloferacaceae	Haloferax	94.43	0.57	3480702	3512
GCA_036228805.1	150	Thermoplasmatota	Poseidoniia	Poseidoniales	Thalassarchaeaceae	MGIIb-N1	70.6	1.69	1053170	1061
GCA_030647965.1	150	Nanobdellota	Nanobdellia	Pacearchaeales	GW2011-AR1	JAUSIT01	85.12	1.05	981990	1204
GCA_024409145.1	150	Methanobacteriota	Methanobacteria	Methanobacteriales	Methanobacteriaceae	Methanobrevibacter	90.67	4.79	2008681	1816
GCA_016838825.1	150	Thermoproteota	Nitrososphaeria	Nitrososphaerales	Nitrosopumilaceae	JAEHKU01	93.18	0.6	1121898	1390
GCA_030776915.1	151	Thermoproteota	Nitrososphaeria	Nitrososphaerales	Nitrososphaeraceae	Nitrososphaera	69.49	1.52	1287644	1556
GCA_003021285.1	151	Halobacteriota	Halobacteria	Halobacteriales	Haloarculaceae	Halovenus	63.64	0.05	1964974	2081
GCA_035515395.1	151	Halobacteriota	Methanomicrobia	Methanomicrobiales	Methanospirillaceae	Methanoregula	55.15	0.34	1416396	1448
GCA_002710205.1	151	Thermoplasmatota	Poseidoniia	Poseidoniales	Poseidoniaceae	MGIIa-K1	78.39	2.66	1669352	1446
GCF_040025155.1	151	Halobacteriota	Halobacteria	Halobacteriales	Haloferacaceae	Halobaculum	94.31	0.5	2959037	2948
GCA_002727675.1	151	Thermoplasmatota	Poseidoniia	Poseidoniales	Thalassarchaeaceae	MGIIb-Q1	70.59	0.48	1573322	1330
GCA_038045285.1	151	Nanobdellota	Nanobdellia	Pacearchaeales	GW2011-AR1	JACPLS01	85.1	0.28	850789	1023
GCF_900319985.1	151	Methanobacteriota	Methanobacteria	Methanobacteriales	Methanobacteriaceae	Methanocatella	90.31	1.24	2220727	2114
GCA_937897875.1	151	Thermoproteota	Nitrososphaeria	Nitrososphaerales	Nitrosopumilaceae	Nitrosopumilus	93.15	0.56	1220680	1588
GCA_035710925.1	152	Thermoproteota	Nitrososphaeria	Nitrososphaerales	Nitrososphaeraceae	TH5893	69.34	0.15	1470339	1823
GCA_003021105.1	152	Halobacteriota	Halobacteria	Halobacteriales	Haloarculaceae	QS-1-68-17	60.8	0.25	2068820	2195
GCA_002505935.1	152	Thermoplasmatota	Poseidoniia	Poseidoniales	Poseidoniaceae	UBA226	78.32	1.21	1620084	1459
GCA_003020945.1	152	Halobacteriota	Halobacteria	Halobacteriales	Haloferacaceae	Halobaculum	93.93	0.0	2647290	2701
GCA_002718215.1	152	Thermoplasmatota	Poseidoniia	Poseidoniales	Thalassarchaeaceae	MGIIb-N2	70.57	0.27	1578517	1321
GCA_021107855.1	152	Nanobdellota	Nanobdellia	Pacearchaeales	GW2011-AR1	JAGVXH01	84.96	0.61	936282	1012
GCA_020854915.1	152	Methanobacteriota	Methanobacteria	Methanobacteriales	Methanobacteriaceae	JAHKLT01	90.16	0.07	1663006	1647
GCA_002730325.1	152	Thermoproteota	Nitrososphaeria	Nitrososphaerales	Nitrosopumilaceae	Nitrosopumilus	93.03	1.61	1131154	1452
GCA_002501845.1	153	Thermoproteota	Nitrososphaeria	Nitrososphaerales	Nitrososphaeraceae	Nitrososphaera	69.23	0.48	1135163	1540
GCA_003021755.1	153	Halobacteriota	Halobacteria	Halobacteriales	Haloarculaceae	Haloarcula	58.5	0.02	1729303	1845
GCA_018691345.1	153	Thermoplasmatota	Poseidoniia	Poseidoniales	Poseidoniaceae	MGIIa-L1	78.17	3.72	1797796	1544
GCF_009806985.1	153	Halobacteriota	Halobacteria	Halobacteriales	Haloferacaceae	Halorubrum	93.66	1.05	3108822	2963
GCA_022447885.1	153	Thermoplasmatota	Poseidoniia	Poseidoniales	Thalassarchaeaceae	JAKUTA01	70.57	0.01	1633948	1605
GCA_001786415.1	153	Nanobdellota	Nanobdellia	Pacearchaeales	GW2011-AR1	RBG-13-33-26	84.88	1.32	599775	753
GCA_002504725.1	153	Methanobacteriota	Methanobacteria	Methanobacteriales	Methanobacteriaceae	UBA587	89.54	0.26	2007729	1958
GCA_003702495.1	153	Thermoproteota	Nitrososphaeria	Nitrososphaerales	Nitrosopumilaceae	Nitrosopumilus	92.84	0.01	1266765	1648
GCA_002494895.1	154	Thermoproteota	Nitrososphaeria	Nitrososphaerales	Nitrososphaeraceae	Nitrososphaera	68.99	0.28	1592896	1982
GCA_041639775.1	154	Halobacteriota	Halobacteria	Halobacteriales	Haloarculaceae	Halapricum	57.8	0.79	1690291	1978
GCA_963577015.1	154	Thermoplasmatota	Poseidoniia	Poseidoniales	Poseidoniaceae	MGIIa-K2	78.09	0.11	1445964	1410
GCF_000739555.1	154	Halobacteriota	Halobacteria	Halobacteriales	Haloferacaceae	Halolamina	92.94	0.58	2955001	3123
GCA_002708695.1	154	Thermoplasmatota	Poseidoniia	Poseidoniales	Thalassarchaeaceae	MGIIb-N2	69.89	0.86	1769206	1529
GCA_013329055.1	154	Nanobdellota	Nanobdellia	Pacearchaeales	GW2011-AR1	GW2011-AR13	84.88	1.35	1187295	1332
GCA_015063005.1	154	Methanobacteriota	Methanobacteria	Methanobacteriales	Methanobacteriaceae	Methanocatella	89.54	1.54	2156696	1947
GCA_013867335.1	154	Thermoproteota	Nitrososphaeria	Nitrososphaerales	Nitrosopumilaceae	Nitrosomaritimum	92.72	0.85	1460734	1890
GCA_030861545.1	155	Thermoproteota	Nitrososphaeria	Nitrososphaerales	Nitrososphaeraceae	Nitrososphaera	67.86	2.58	1443653	1811
GCA_003022745.1	155	Halobacteriota	Halobacteria	Halobacteriales	Haloarculaceae	SW-9-67-25	57.52	0.01	1786328	2078
GCA_011522915.1	155	Thermoplasmatota	Poseidoniia	Poseidoniales	Poseidoniaceae	MGIIa-K1	77.76	0.5	1804744	1555
GCF_937146585.1	155	Halobacteriota	Halobacteria	Halobacteriales	Haloferacaceae	Halorubrum	92.28	0.74	2695616	2835
GCA_002725475.1	155	Thermoplasmatota	Poseidoniia	Poseidoniales	Thalassarchaeaceae	MGIIb-Q1	69.72	0.71	1519513	1240
GCA_038869535.1	155	Nanobdellota	Nanobdellia	Pacearchaeales	GW2011-AR1	ASMP01	84.83	0.41	511133	585
GCA_028700095.1	155	Methanobacteriota	Methanobacteria	Methanobacteriales	Methanobacteriaceae	Methanobacterium_B	89.41	0.52	1704857	1978
GCA_028345295.1	155	Thermoproteota	Nitrososphaeria	Nitrososphaerales	Nitrosopumilaceae	Nitrosopelagicus	92.47	0.06	1072999	1291
GCA_036795955.1	156	Thermoproteota	Nitrososphaeria	Nitrososphaerales	Nitrososphaeraceae	TA-21	67.12	0.26	1254017	1561
GCA_041639955.1	156	Halobacteriota	Halobacteria	Halobacteriales	Haloarculaceae	Haloarcula	53.01	0.28	1423030	1703
GCA_038118245.1	156	Thermoplasmatota	Poseidoniia	Poseidoniales	Poseidoniaceae	Poseidonia	77.71	0.04	1589107	1322
GCF_041641895.1	156	Halobacteriota	Halobacteria	Halobacteriales	Haloferacaceae	Salinigranum	92.25	2.98	3648045	3794
GCA_002497985.1	156	Thermoplasmatota	Poseidoniia	Poseidoniales	Thalassarchaeaceae	MGIIb-O5	69.17	0.06	925674	839
GCA_018898425.1	156	Nanobdellota	Nanobdellia	Pacearchaeales	GW2011-AR1	JAHIHG01	84.82	2.5	969031	1270
GCF_947170395.1	156	Methanobacteriota	Methanobacteria	Methanobacteriales	Methanobacteriaceae	Methanocatella	88.8	1.95	2249770	2086
GCA_035457865.1	156	Thermoproteota	Nitrososphaeria	Nitrososphaerales	Nitrosopumilaceae	UBA8516	91.99	2.32	1178231	1476
GCA_023252395.1	157	Thermoproteota	Nitrososphaeria	Nitrososphaerales	Nitrososphaeraceae	Nitrososphaera	66.7	0.0	1109192	1459
GCA_003021335.1	157	Halobacteriota	Halobacteria	Halobacteriales	Haloarculaceae	Halovenus	52.1	0.37	1487707	1731
GCA_002726395.1	157	Thermoplasmatota	Poseidoniia	Poseidoniales	Poseidoniaceae	MGIIa-L1	77.6	3.21	1812495	1565
GCA_937142015.1	157	Halobacteriota	Halobacteria	Halobacteriales	Haloferacaceae	JAHENP01	91.86	1.15	4337341	4069
GCA_002702985.1	157	Thermoplasmatota	Poseidoniia	Poseidoniales	Thalassarchaeaceae	MGIIb-N2	68.98	1.48	1594410	1334
GCA_018303885.1	157	Nanobdellota	Nanobdellia	Pacearchaeales	GW2011-AR1	ASMP01	84.75	0.31	720315	916
GCF_902769175.1	157	Methanobacteriota	Methanobacteria	Methanobacteriales	Methanobacteriaceae	Methanobrevibacter	88.46	0.89	3124922	2649
GCA_937896695.1	157	Thermoproteota	Nitrososphaeria	Nitrososphaerales	Nitrosopumilaceae	Nitrosopelagicus	91.92	0.19	1223808	1594
GCA_025924355.1	158	Thermoproteota	Nitrososphaeria	Nitrososphaerales	Nitrososphaeraceae	Nitrososphaera	66.05	0.06	991503	1146
GCA_012959275.1	158	Thermoplasmatota	Poseidoniia	Poseidoniales	Poseidoniaceae	UBA226	77.19	1.86	1923048	1576
GCF_017874235.1	158	Halobacteriota	Halobacteria	Halobacteriales	Haloferacaceae	Halolamina	91.79	0.01	2752321	2818
GCA_034400015.1	158	Thermoplasmatota	Poseidoniia	Poseidoniales	Thalassarchaeaceae	MGIIb-N2	68.71	0.73	1501004	1372
GCA_016181885.1	158	Nanobdellota	Nanobdellia	Pacearchaeales	GW2011-AR1	JACOYJ01	84.73	1.82	1105148	1438
GCA_003266105.1	158	Methanobacteriota	Methanobacteria	Methanobacteriales	Methanobacteriaceae	Methanosphaera	88.36	0.35	1935828	1875
GCA_004322465.1	158	Thermoproteota	Nitrososphaeria	Nitrososphaerales	Nitrosopumilaceae	Nitrosotenuis	91.74	1.27	1681024	2001
GCA_025929855.1	159	Thermoproteota	Nitrososphaeria	Nitrososphaerales	Nitrososphaeraceae	Nitrososphaera	65.37	0.15	1003479	1208
GCA_002689345.1	159	Thermoplasmatota	Poseidoniia	Poseidoniales	Poseidoniaceae	MGIIa-K1	77.02	0.54	1679080	1435
GCA_000415965.1	159	Halobacteriota	Halobacteria	Halobacteriales	Haloferacaceae	Haloquadratum	89.62	0.28	3475501	3489
GCA_002502365.1	159	Thermoplasmatota	Poseidoniia	Poseidoniales	Thalassarchaeaceae	MGIIb-O1	68.62	0.25	1083913	975
GCA_018901625.1	159	Nanobdellota	Nanobdellia	Pacearchaeales	GW2011-AR1	JAHIEM01	84.71	1.08	1211373	1529
GCF_015062905.1	159	Methanobacteriota	Methanobacteria	Methanobacteriales	Methanobacteriaceae	Methanocatella	88.35	1.72	1923654	1926
GCA_028820595.1	159	Thermoproteota	Nitrososphaeria	Nitrososphaerales	Nitrosopumilaceae	Nitrosopumilus	91.65	0.02	1990914	2134
GCA_025450475.1	160	Thermoproteota	Nitrososphaeria	Nitrososphaerales	Nitrososphaeraceae	Nitrososphaera	65.23	0.75	1019284	1309
GCA_002709705.1	160	Thermoplasmatota	Poseidoniia	Poseidoniales	Poseidoniaceae	MGIIa-K1	77.01	0.57	1534251	1305
GCF_030127125.1	160	Halobacteriota	Halobacteria	Halobacteriales	Haloferacaceae	Halobaculum	85.87	0.75	3042468	3203
GCA_002698225.1	160	Thermoplasmatota	Poseidoniia	Poseidoniales	Thalassarchaeaceae	Thalassarchaeum	67.87	0.32	1192711	1059
GCA_902385655.1	160	Nanobdellota	Nanobdellia	Pacearchaeales	GW2011-AR1	CABMGO01	84.69	0.13	836207	1027
GCA_900318035.1	160	Methanobacteriota	Methanobacteria	Methanobacteriales	Methanobacteriaceae	Methanocatella	87.97	3.22	2288391	2056
GCA_021414105.1	160	Thermoproteota	Nitrososphaeria	Nitrososphaerales	Nitrosopumilaceae	Nitrosarchaeum	91.62	0.46	1288093	1611
GCA_014381105.1	161	Thermoproteota	Nitrososphaeria	Nitrososphaerales	Nitrososphaeraceae	TA-21	63.88	0.64	1032709	1246
GCA_002719395.1	161	Thermoplasmatota	Poseidoniia	Poseidoniales	Poseidoniaceae	MGIIa-K2	76.76	3.83	1744370	1425
GCF_036626355.1	161	Halobacteriota	Halobacteria	Halobacteriales	Haloferacaceae	Halolamina	85.44	1.9	2851586	2910
GCA_002457155.1	161	Thermoplasmatota	Poseidoniia	Poseidoniales	Thalassarchaeaceae	UBA36	67.57	0.07	1202126	1047
GCA_030648285.1	161	Nanobdellota	Nanobdellia	Pacearchaeales	GW2011-AR1	JAUSIC01	84.68	0.49	621814	800
GCF_946408925.1	161	Methanobacteriota	Methanobacteria	Methanobacteriales	Methanobacteriaceae	Methanocatella	87.78	1.43	2299425	2251
GCA_021296175.1	161	Thermoproteota	Nitrososphaeria	Nitrososphaerales	Nitrosopumilaceae	Nitrosopumilus	91.5	0.27	1784875	2072
GCA_036554685.1	162	Thermoproteota	Nitrososphaeria	Nitrososphaerales	Nitrososphaeraceae	TA-21	61.75	0.79	1082771	1257
GCA_013329925.1	162	Thermoplasmatota	Poseidoniia	Poseidoniales	Poseidoniaceae	MGIIa-L1	76.4	1.51	1758403	1645
GCA_036626375.1	162	Halobacteriota	Halobacteria	Halobacteriales	Haloferacaceae	A07HB70	85.19	1.05	2555638	2766
GCA_002685415.1	162	Thermoplasmatota	Poseidoniia	Poseidoniales	Thalassarchaeaceae	MGIIb-O1	67.55	2.75	1617461	1473
GCA_002497285.1	162	Nanobdellota	Nanobdellia	Pacearchaeales	GW2011-AR1	UBA92	84.58	0.71	866590	1077
GCA_015062815.1	162	Methanobacteriota	Methanobacteria	Methanobacteriales	Methanobacteriaceae	Methanosphaera	87.77	0.05	1996276	1897
GCA_041603475.1	162	Thermoproteota	Nitrososphaeria	Nitrososphaerales	Nitrosopumilaceae	Nitrosopumilus	91.43	2.16	1394930	1865
GCA_035251875.1	163	Thermoproteota	Nitrososphaeria	Nitrososphaerales	Nitrososphaeraceae	Nitrososphaera	61.27	0.27	1005415	1451
GCA_002715725.1	163	Thermoplasmatota	Poseidoniia	Poseidoniales	Poseidoniaceae	MGIIa-K1	76.38	0.41	1937791	1847
GCF_009742825.1	163	Halobacteriota	Halobacteria	Halobacteriales	Haloferacaceae	Halorubrum	84.29	1.1	3230170	3590
GCA_034399535.1	163	Thermoplasmatota	Poseidoniia	Poseidoniales	Thalassarchaeaceae	UBA36	67.55	0.17	1040593	947
GCA_002763085.1	163	Nanobdellota	Nanobdellia	Pacearchaeales	GW2011-AR1	PFCY01	84.29	0.25	1154177	1460
GCA_039679285.1	163	Methanobacteriota	Methanobacteria	Methanobacteriales	Methanobacteriaceae	Methanobacterium	87.55	0.0	1535689	1720
GCA_013203245.1	163	Thermoproteota	Nitrososphaeria	Nitrososphaerales	Nitrosopumilaceae	Nitrosopumilus	91.24	3.12	1452004	1893
GCA_014523595.1	164	Thermoproteota	Nitrososphaeria	Nitrososphaerales	Nitrososphaeraceae	TA-21	59.88	0.55	1198708	1547
GCA_022425185.1	164	Thermoplasmatota	Poseidoniia	Poseidoniales	Poseidoniaceae	MGIIa-L2	76.34	2.71	1669433	1605
GCA_041641615.1	164	Halobacteriota	Halobacteria	Halobacteriales	Haloferacaceae	Salinigranum	82.58	3.02	3903572	4075
GCA_964015215.1	164	Thermoplasmatota	Poseidoniia	Poseidoniales	Thalassarchaeaceae	MGIIb-O5	67.52	1.49	1198853	1227
GCA_030641715.1	164	Nanobdellota	Nanobdellia	Pacearchaeales	GW2011-AR1	JAGVXH01	84.22	3.02	731034	896
GCA_947259185.1	164	Methanobacteriota	Methanobacteria	Methanobacteriales	Methanobacteriaceae	Methanobacterium_F	87.54	0.2	1847600	1881
GCA_020027325.1	164	Thermoproteota	Nitrososphaeria	Nitrososphaerales	Nitrosopumilaceae	JAHRAL01	91.13	0.0	1245583	1440
GCA_029240395.1	165	Thermoproteota	Nitrososphaeria	Nitrososphaerales	Nitrososphaeraceae	TH5893	59.66	0.5	795766	907
GCA_018645535.1	165	Thermoplasmatota	Poseidoniia	Poseidoniales	Poseidoniaceae	MGIIa-L2	75.74	3.24	1736086	1690
GCA_000496235.1	165	Halobacteriota	Halobacteria	Halobacteriales	Haloferacaceae	J07HR59	82.3	1.31	2876249	3000
GCA_002505695.1	165	Thermoplasmatota	Poseidoniia	Poseidoniales	Thalassarchaeaceae	MGIIb-N1	67.48	0.26	1271260	1139
GCA_035269225.1	165	Nanobdellota	Nanobdellia	Pacearchaeales	GW2011-AR1	DATFJM01	84.17	1.15	680364	926
GCA_009777005.1	165	Methanobacteriota	Methanobacteria	Methanobacteriales	Methanobacteriaceae	Methanorudis	87.49	0.97	2884613	2256
GCA_022564385.1	165	Thermoproteota	Nitrososphaeria	Nitrososphaerales	Nitrosopumilaceae	Nitrosopumilus	91.0	0.13	1479717	1964
GCA_030861915.1	166	Thermoproteota	Nitrososphaeria	Nitrososphaerales	Nitrososphaeraceae	TH5893	59.04	0.63	904801	1039
GCA_002726845.1	166	Thermoplasmatota	Poseidoniia	Poseidoniales	Poseidoniaceae	MGIIa-L2	75.66	0.65	1477336	1307
GCA_000496175.1	166	Halobacteriota	Halobacteria	Halobacteriales	Haloferacaceae	Halorubrum	82.06	1.43	2890468	2887
GCA_002714745.1	166	Thermoplasmatota	Poseidoniia	Poseidoniales	Thalassarchaeaceae	Thalassarchaeum	67.23	1.89	1212274	1085
GCA_018657525.1	166	Nanobdellota	Nanobdellia	Pacearchaeales	GW2011-AR1	JABHWZ01	84.14	2.28	828154	1057
GCA_003162115.1	166	Methanobacteriota	Methanobacteria	Methanobacteriales	Methanobacteriaceae	Methanobacterium_B	87.27	0.05	2014081	2328
GCA_032127635.1	166	Thermoproteota	Nitrososphaeria	Nitrososphaerales	Nitrosopumilaceae	Nitrosopumilus	90.97	0.24	1363724	1771
GCA_030861865.1	167	Thermoproteota	Nitrososphaeria	Nitrososphaerales	Nitrososphaeraceae	Nitrososphaera	57.2	0.57	1051431	1341
GCA_002704515.1	167	Thermoplasmatota	Poseidoniia	Poseidoniales	Poseidoniaceae	Poseidonia	75.54	2.1	1638911	1380
GCA_036625675.1	167	Halobacteriota	Halobacteria	Halobacteriales	Haloferacaceae	Halalkaliarchaeum	81.88	0.38	2318642	2463
GCA_002697105.1	167	Thermoplasmatota	Poseidoniia	Poseidoniales	Thalassarchaeaceae	MGIIb-N2	67.07	1.26	1362374	1161
GCA_018697035.1	167	Nanobdellota	Nanobdellia	Pacearchaeales	GW2011-AR1	JAGVXH01	83.88	0.8	808832	979
GCF_946404245.1	167	Methanobacteriota	Methanobacteria	Methanobacteriales	Methanobacteriaceae	Methanocatella	87.14	0.42	1833208	1884
GCA_030697975.1	167	Thermoproteota	Nitrososphaeria	Nitrososphaerales	Nitrosopumilaceae	VHBM01	90.7	0.46	1294366	1819
GCA_002498185.1	168	Thermoplasmatota	Poseidoniia	Poseidoniales	Poseidoniaceae	MGIIa-K1	75.46	0.13	1714656	1521
GCA_040405695.1	168	Halobacteriota	Halobacteria	Halobacteriales	Haloferacaceae	Halorubrum	81.14	0.33	2505643	2631
GCA_002505325.1	168	Thermoplasmatota	Poseidoniia	Poseidoniales	Thalassarchaeaceae	Thalassarchaeum	66.96	0.27	1217920	1140
GCA_017608305.1	168	Nanobdellota	Nanobdellia	Pacearchaeales	GW2011-AR1	JAFCGC01	83.86	0.45	720397	864
GCA_902774685.1	168	Methanobacteriota	Methanobacteria	Methanobacteriales	Methanobacteriaceae	Methanobrevibacter	87.13	1.04	2066989	1879
GCA_007571135.1	168	Thermoproteota	Nitrososphaeria	Nitrososphaerales	Nitrosopumilaceae	Nitrosopumilus	90.64	0.17	1468040	1726
GCA_002505355.1	169	Thermoplasmatota	Poseidoniia	Poseidoniales	Poseidoniaceae	MGIIa-L1	75.2	2.2	1721538	1502
GCA_937138675.1	169	Halobacteriota	Halobacteria	Halobacteriales	Haloferacaceae	A07HB70	80.6	0.05	1859771	2017
GCA_002457605.1	169	Thermoplasmatota	Poseidoniia	Poseidoniales	Thalassarchaeaceae	Thalassarchaeum	66.38	0.0	1029166	920
GCA_018651605.1	169	Nanobdellota	Nanobdellia	Pacearchaeales	GW2011-AR1	JABIDS01	83.78	1.37	1002107	1106
GCF_017432245.1	169	Methanobacteriota	Methanobacteria	Methanobacteriales	Methanobacteriaceae	Methanobrevibacter	86.91	0.89	1694684	1631
GCA_028279625.1	169	Thermoproteota	Nitrososphaeria	Nitrososphaerales	Nitrosopumilaceae	Nitrosopumilus	90.52	4.79	1467361	1855
GCA_029250345.1	170	Thermoplasmatota	Poseidoniia	Poseidoniales	Poseidoniaceae	MGIIa-L1	75.03	2.52	1768004	1587
GCA_028274865.1	170	Halobacteriota	Halobacteria	Halobacteriales	Haloferacaceae	A07HB70	80.52	3.46	2373089	2641
GCA_002728565.1	170	Thermoplasmatota	Poseidoniia	Poseidoniales	Thalassarchaeaceae	UBA36	65.58	2.81	1384723	1227
GCA_036169915.1	170	Nanobdellota	Nanobdellia	Pacearchaeales	GW2011-AR1	CABMGE01	83.77	2.13	1560762	2060
GCA_902797085.1	170	Methanobacteriota	Methanobacteria	Methanobacteriales	Methanobacteriaceae	Methanosphaera	86.84	1.03	1774247	1745
GCA_024644105.1	170	Thermoproteota	Nitrososphaeria	Nitrososphaerales	Nitrosopumilaceae	Nitrosopumilus	90.15	0.06	1289050	1658
GCA_949372655.1	171	Thermoplasmatota	Poseidoniia	Poseidoniales	Poseidoniaceae	MGIIa-L1	74.92	0.06	1584750	1314
GCA_003023405.1	171	Halobacteriota	Halobacteria	Halobacteriales	Haloferacaceae	Halorubrum	79.97	0.0	2438325	2493
GCA_030754395.1	171	Thermoplasmatota	Poseidoniia	Poseidoniales	Thalassarchaeaceae	MGIIb-O1	65.57	2.84	1207112	1309
GCA_009992175.1	171	Nanobdellota	Nanobdellia	Pacearchaeales	GW2011-AR1	GW2011-AR1	83.72	2.48	609405	832
GCA_003315655.1	171	Methanobacteriota	Methanobacteria	Methanobacteriales	Methanobacteriaceae	Methanobinarius	86.62	0.14	1913772	2209
GCA_003702465.1	171	Thermoproteota	Nitrososphaeria	Nitrososphaerales	Nitrosopumilaceae	Nitrosopumilus	89.82	0.73	1127829	1519
GCA_029250385.1	172	Thermoplasmatota	Poseidoniia	Poseidoniales	Poseidoniaceae	MGIIa-L1	74.69	0.78	1752240	1745
GCF_001307315.1	172	Halobacteriota	Halobacteria	Halobacteriales	Haloferacaceae	Halolamina	79.93	1.22	2972542	3506
GCA_902593945.1	172	Thermoplasmatota	Poseidoniia	Poseidoniales	Thalassarchaeaceae	MGIIb-O2	65.34	0.36	1208757	1077
GCA_027348755.1	172	Nanobdellota	Nanobdellia	Pacearchaeales	GW2011-AR1	DAIEOU01	83.62	0.94	516019	752
GCA_017460025.1	172	Methanobacteriota	Methanobacteria	Methanobacteriales	Methanobacteriaceae	Methanocatella	86.32	2.67	2363368	2547
GCA_030038445.1	172	Thermoproteota	Nitrososphaeria	Nitrososphaerales	Nitrosopumilaceae	Nitrosotalea	89.7	0.16	1489902	1858
GCA_002697705.1	173	Thermoplasmatota	Poseidoniia	Poseidoniales	Poseidoniaceae	MGIIa-L1	74.59	0.91	1598084	1343
GCA_003554605.1	173	Halobacteriota	Halobacteria	Halobacteriales	Haloferacaceae	Halorubrum	79.55	0.31	2502739	2595
GCA_963581345.1	173	Thermoplasmatota	Poseidoniia	Poseidoniales	Thalassarchaeaceae	MGIIb-Q1	64.83	0.65	1337289	1240
GCA_024278335.1	173	Nanobdellota	Nanobdellia	Pacearchaeales	GW2011-AR1	JAJRTJ01	83.47	0.25	574732	714
GCA_003266145.1	173	Methanobacteriota	Methanobacteria	Methanobacteriales	Methanobacteriaceae	Methanosphaera	86.27	0.5	1859798	1723
GCA_022823825.1	173	Thermoproteota	Nitrososphaeria	Nitrososphaerales	Nitrosopumilaceae	Nitrosopumilus	89.64	0.01	1696603	1737
GCA_002172355.2	174	Thermoplasmatota	Poseidoniia	Poseidoniales	Poseidoniaceae	MGIIa-L1	74.55	2.06	1501688	1285
GCF_028275055.1	174	Halobacteriota	Halobacteria	Halobacteriales	Haloferacaceae	Haloplanus	79.22	0.48	2309319	2449
GCA_002505685.1	174	Thermoplasmatota	Poseidoniia	Poseidoniales	Thalassarchaeaceae	MGIIb-P	63.9	1.13	1514553	1328
GCA_023475035.1	174	Nanobdellota	Nanobdellia	Pacearchaeales	GW2011-AR1	RBG-13-33-26	83.45	0.19	573292	733
GCA_020855015.1	174	Methanobacteriota	Methanobacteria	Methanobacteriales	Methanobacteriaceae	Methanobacterium	86.21	0.19	1679755	1829
GCA_011773785.1	174	Thermoproteota	Nitrososphaeria	Nitrososphaerales	Nitrosopumilaceae	Nitrosomaritimum	89.35	0.57	1370394	1752
GCA_937897005.1	175	Thermoplasmatota	Poseidoniia	Poseidoniales	Poseidoniaceae	UBA226	74.32	1.06	1910264	1805
GCA_018609965.1	175	Halobacteriota	Halobacteria	Halobacteriales	Haloferacaceae	JAHENP01	74.07	1.44	2612205	2902
GCA_902601345.1	175	Thermoplasmatota	Poseidoniia	Poseidoniales	Thalassarchaeaceae	UBA36	63.66	0.26	1176342	1062
GCA_023397215.1	175	Nanobdellota	Nanobdellia	Pacearchaeales	GW2011-AR1	JAGVXH01	83.44	0.57	596458	700
GCA_902796575.1	175	Methanobacteriota	Methanobacteria	Methanobacteriales	Methanobacteriaceae	Methanocatella	86.09	1.21	1968768	1883
GCA_022574415.1	175	Thermoproteota	Nitrososphaeria	Nitrososphaerales	Nitrosopumilaceae	DRGT01	88.85	0.94	1340488	1742
GCA_018623995.1	176	Thermoplasmatota	Poseidoniia	Poseidoniales	Poseidoniaceae	MGIIa-L2	73.74	1.97	1610969	1542
GCA_031580685.1	176	Halobacteriota	Halobacteria	Halobacteriales	Haloferacaceae	Haloquadratum	73.47	0.0	1352752	1662
GCA_902573115.1	176	Thermoplasmatota	Poseidoniia	Poseidoniales	Thalassarchaeaceae	UBA36	63.32	0.35	979519	846
GCA_038891175.1	176	Nanobdellota	Nanobdellia	Pacearchaeales	GW2011-AR1	CAKZRD01	83.43	0.83	708390	793
GCA_031282205.1	176	Methanobacteriota	Methanobacteria	Methanobacteriales	Methanobacteriaceae	Methanovirga	85.51	0.2	1988740	1862
GCA_022567895.1	176	Thermoproteota	Nitrososphaeria	Nitrososphaerales	Nitrosopumilaceae	DRGT01	88.84	0.44	1205650	1540
GCA_030829545.1	177	Thermoplasmatota	Poseidoniia	Poseidoniales	Poseidoniaceae	Poseidonia	73.68	3.43	1627636	1381
GCA_000496215.1	177	Halobacteriota	Halobacteria	Halobacteriales	Haloferacaceae	Halonotius	73.0	1.02	2392686	2557
GCA_902573015.1	177	Thermoplasmatota	Poseidoniia	Poseidoniales	Thalassarchaeaceae	UBA36	63.21	0.06	1080397	1025
GCA_017609755.1	177	Nanobdellota	Nanobdellia	Pacearchaeales	GW2011-AR1	JAFCEV01	83.23	1.29	545648	721
GCA_030693105.1	177	Methanobacteriota	Methanobacteria	Methanobacteriales	Methanobacteriaceae	Methanobacterium	85.34	1.28	1653868	1976
GCA_937875805.1	177	Thermoproteota	Nitrososphaeria	Nitrososphaerales	Nitrosopumilaceae	Nitrosopumilus	88.63	2.14	1320120	1893
GCA_002689105.1	178	Thermoplasmatota	Poseidoniia	Poseidoniales	Poseidoniaceae	Poseidonia	73.47	3.73	1794751	1532
GCA_028275165.1	178	Halobacteriota	Halobacteria	Halobacteriales	Haloferacaceae	Haloquadratum	72.86	1.48	3102181	2991
GCA_902573085.1	178	Thermoplasmatota	Poseidoniia	Poseidoniales	Thalassarchaeaceae	UBA36	62.64	0.41	1159954	1124
GCA_038044245.1	178	Nanobdellota	Nanobdellia	Pacearchaeales	GW2011-AR1	ASMP01	83.14	0.49	536211	660
GCA_021199865.1	178	Methanobacteriota	Methanobacteria	Methanobacteriales	Methanobacteriaceae	Methanosphaera	85.19	0.12	1253745	1226
GCA_003702525.1	178	Thermoproteota	Nitrososphaeria	Nitrososphaerales	Nitrosopumilaceae	Nitrosopumilus	88.56	0.31	1279624	1637
GCA_905182715.1	179	Thermoplasmatota	Poseidoniia	Poseidoniales	Poseidoniaceae	MGIIa-L1	73.06	4.61	1775344	1655
GCA_000496195.1	179	Halobacteriota	Halobacteria	Halobacteriales	Haloferacaceae	A07HB70	70.08	0.26	2389822	2467
GCA_002731195.1	179	Thermoplasmatota	Poseidoniia	Poseidoniales	Thalassarchaeaceae	MGIIb-O3	62.05	0.48	1119630	1032
GCA_016866955.1	179	Nanobdellota	Nanobdellia	Pacearchaeales	GW2011-AR1	SICV01	83.07	0.4	593061	685
GCA_031284445.1	179	Methanobacteriota	Methanobacteria	Methanobacteriales	Methanobacteriaceae	Methanovirga	84.93	0.53	2064200	2071
GCA_025922755.1	179	Thermoproteota	Nitrososphaeria	Nitrososphaerales	Nitrosopumilaceae	Nitrosomaritimum	87.91	4.82	1597921	2240
GCA_002714305.1	180	Thermoplasmatota	Poseidoniia	Poseidoniales	Poseidoniaceae	Poseidonia	73.03	2.18	1632297	1371
GCA_000416005.1	180	Halobacteriota	Halobacteria	Halobacteriales	Haloferacaceae	Haloquadratum	68.22	0.22	3019909	4294
GCA_002685895.1	180	Thermoplasmatota	Poseidoniia	Poseidoniales	Thalassarchaeaceae	MGIIb-Q1	60.76	0.7	1630353	1360
GCA_038045725.1	180	Nanobdellota	Nanobdellia	Pacearchaeales	GW2011-AR1	JBBSXQ01	82.94	0.44	665735	957
GCA_902794475.1	180	Methanobacteriota	Methanobacteria	Methanobacteriales	Methanobacteriaceae	Methanocatella	84.83	1.24	2274647	2240
GCA_031431055.1	180	Thermoproteota	Nitrososphaeria	Nitrososphaerales	Nitrosopumilaceae	Nitrosarchaeum	87.67	2.02	1268698	1712
GCA_002723635.1	181	Thermoplasmatota	Poseidoniia	Poseidoniales	Poseidoniaceae	MGIIa-L3	73.01	0.52	1337939	1140
GCA_028274825.1	181	Halobacteriota	Halobacteria	Halobacteriales	Haloferacaceae	J07HR59	62.02	0.28	3371068	3336
GCA_950068635.1	181	Thermoplasmatota	Poseidoniia	Poseidoniales	Thalassarchaeaceae	JAKUTA01	60.28	0.06	1495937	1413
GCA_903831045.1	181	Nanobdellota	Nanobdellia	Pacearchaeales	GW2011-AR1	GW2011-AR1	82.92	1.01	820995	1073
GCA_031280375.1	181	Methanobacteriota	Methanobacteria	Methanobacteriales	Methanobacteriaceae	Methanovirga	84.78	0.47	2250592	2088
GCA_950073955.1	181	Thermoproteota	Nitrososphaeria	Nitrososphaerales	Nitrosopumilaceae	Nitrosopumilus	87.57	0.46	1056753	1356
GCA_038144595.1	182	Thermoplasmatota	Poseidoniia	Poseidoniales	Poseidoniaceae	Poseidonia	72.93	1.47	2008755	1907
GCA_001563965.1	182	Halobacteriota	Halobacteria	Halobacteriales	Haloferacaceae	PL-Br10-E2g29	56.75	0.73	1278240	1432
GCA_036153975.1	182	Thermoplasmatota	Poseidoniia	Poseidoniales	Thalassarchaeaceae	UBA36	60.17	0.33	955910	964
GCA_027318675.1	182	Nanobdellota	Nanobdellia	Pacearchaeales	GW2011-AR1	MWBV01	82.88	1.57	723161	888
GCA_946541845.1	182	Methanobacteriota	Methanobacteria	Methanobacteriales	Methanobacteriaceae	Methanocatella	84.73	1.82	1580835	1697
GCA_036012445.1	182	Thermoproteota	Nitrososphaeria	Nitrososphaerales	Nitrosopumilaceae	Nitrosopelagicus	87.13	0.58	1033965	1342
GCA_036019775.1	183	Thermoplasmatota	Poseidoniia	Poseidoniales	Poseidoniaceae	MGIIa-L2	72.92	2.38	1655907	1475
GCA_963583115.1	183	Thermoplasmatota	Poseidoniia	Poseidoniales	Thalassarchaeaceae	MGIIb-Q1	58.28	0.48	1207447	1137
GCA_038045185.1	183	Nanobdellota	Nanobdellia	Pacearchaeales	GW2011-AR1	JBBSZK01	82.87	1.18	908913	1107
GCA_031289975.1	183	Methanobacteriota	Methanobacteria	Methanobacteriales	Methanobacteriaceae	Methanovirga	84.6	0.05	2378356	2062
GCF_000242875.2	183	Thermoproteota	Nitrososphaeria	Nitrososphaerales	Nitrosopumilaceae	Nitrosopumilus	87.11	2.01	1572957	2092
GCA_002699515.1	184	Thermoplasmatota	Poseidoniia	Poseidoniales	Poseidoniaceae	MGIIa-I	72.32	0.19	1590281	1389
GCA_030748775.1	184	Thermoplasmatota	Poseidoniia	Poseidoniales	Thalassarchaeaceae	UBA36	57.99	0.12	890465	822
GCA_037140195.1	184	Nanobdellota	Nanobdellia	Pacearchaeales	GW2011-AR1	CABMGO01	82.85	2.29	1079762	1417
GCA_900320515.1	184	Methanobacteriota	Methanobacteria	Methanobacteriales	Methanobacteriaceae	Methanocatella	84.55	0.08	2115538	1996
GCA_000746765.1	184	Thermoproteota	Nitrososphaeria	Nitrososphaerales	Nitrosopumilaceae	Nitrosopumilus	87.1	0.34	1360636	1737
GCA_002719815.1	185	Thermoplasmatota	Poseidoniia	Poseidoniales	Poseidoniaceae	MGIIa-L2	72.15	2.5	1570831	1291
GCA_002457595.1	185	Thermoplasmatota	Poseidoniia	Poseidoniales	Thalassarchaeaceae	MGIIb-O1	57.43	0.16	888183	840
GCA_016188825.1	185	Nanobdellota	Nanobdellia	Pacearchaeales	GW2011-AR1	JACPHA01	82.82	0.96	1008625	1228
GCA_039666535.1	185	Methanobacteriota	Methanobacteria	Methanobacteriales	Methanobacteriaceae	Methanobacterium_D	84.44	0.0	1377318	1571
GCA_005877305.1	185	Thermoproteota	Nitrososphaeria	Nitrososphaerales	Nitrosopumilaceae	TA-20	86.94	1.21	1329581	1715
GCA_012270265.1	186	Thermoplasmatota	Poseidoniia	Poseidoniales	Poseidoniaceae	MGIIa-L2	71.98	1.78	1648299	1684
GCA_002730775.1	186	Thermoplasmatota	Poseidoniia	Poseidoniales	Thalassarchaeaceae	MGIIb-O2	57.24	0.72	1213619	1164
GCA_018303995.1	186	Nanobdellota	Nanobdellia	Pacearchaeales	GW2011-AR1	SICU01	82.75	0.68	886667	1142
GCA_902789505.1	186	Methanobacteriota	Methanobacteria	Methanobacteriales	Methanobacteriaceae	Methanocatella	84.35	1.36	1894704	1949
GCA_002506665.1	186	Thermoproteota	Nitrososphaeria	Nitrososphaerales	Nitrosopumilaceae	Nitrosopumilus	86.87	0.0	1389729	1673
GCA_011525095.1	187	Thermoplasmatota	Poseidoniia	Poseidoniales	Poseidoniaceae	MGIIa-K1	71.89	0.36	1721087	1655
GCA_002723045.1	187	Thermoplasmatota	Poseidoniia	Poseidoniales	Thalassarchaeaceae	UBA36	55.46	0.04	874813	797
GCA_038045905.1	187	Nanobdellota	Nanobdellia	Pacearchaeales	GW2011-AR1	RBG-13-33-26	82.72	0.78	751621	1004
GCA_902795935.1	187	Methanobacteriota	Methanobacteria	Methanobacteriales	Methanobacteriaceae	CADBMS01	84.31	0.49	1513444	1547
GCA_018668425.1	187	Thermoproteota	Nitrososphaeria	Nitrososphaerales	Nitrosopumilaceae	Nitrosopumilus	86.67	0.43	1267334	1653
GCA_013329355.1	188	Thermoplasmatota	Poseidoniia	Poseidoniales	Poseidoniaceae	MGIIa-L1	71.81	0.32	1598946	1513
GCA_002683155.1	188	Thermoplasmatota	Poseidoniia	Poseidoniales	Thalassarchaeaceae	UBA36	53.58	0.0	876065	775
GCA_018694115.1	188	Nanobdellota	Nanobdellia	Pacearchaeales	GW2011-AR1	JAGVXH01	82.7	0.38	898664	1061
GCA_902764015.1	188	Methanobacteriota	Methanobacteria	Methanobacteriales	Methanobacteriaceae	Methanocatella	83.97	1.6	1983487	2047
GCA_013390745.1	188	Thermoproteota	Nitrososphaeria	Nitrososphaerales	Nitrosopumilaceae	Nitrosopelagicus	86.44	0.0	1075201	1287
GCA_030741455.1	189	Thermoplasmatota	Poseidoniia	Poseidoniales	Poseidoniaceae	MGIIa-L2	71.72	1.22	1549959	1436
GCA_029250565.1	189	Thermoplasmatota	Poseidoniia	Poseidoniales	Thalassarchaeaceae	MGIIb-Q1	53.14	0.1	1202983	1123
GCA_002688015.1	189	Nanobdellota	Nanobdellia	Pacearchaeales	GW2011-AR1	ARS1309	82.69	3.22	591970	726
GCA_900320955.1	189	Methanobacteriota	Methanobacteria	Methanobacteriales	Methanobacteriaceae	Methanocatella	83.92	3.91	2291898	2333
GCA_041570395.1	189	Thermoproteota	Nitrososphaeria	Nitrososphaerales	Nitrosopumilaceae	CSP1-1	86.44	2.28	1341818	1674
GCA_002701145.1	190	Thermoplasmatota	Poseidoniia	Poseidoniales	Poseidoniaceae	MGIIa-K1	71.67	1.29	1612699	1436
GCA_902514485.1	190	Thermoplasmatota	Poseidoniia	Poseidoniales	Thalassarchaeaceae	MGIIb-O2	52.66	0.1	908992	872
GCA_017609475.1	190	Nanobdellota	Nanobdellia	Pacearchaeales	GW2011-AR1	JAFCDW01	82.58	0.32	484277	590
GCA_947628455.1	190	Methanobacteriota	Methanobacteria	Methanobacteriales	Methanobacteriaceae	Methanocatella	83.79	0.59	1469530	1655
GCA_029255365.1	190	Thermoproteota	Nitrososphaeria	Nitrososphaerales	Nitrosopumilaceae	Nitrosopumilus	86.34	0.15	1200819	1542
GCA_013329865.1	191	Thermoplasmatota	Poseidoniia	Poseidoniales	Poseidoniaceae	MGIIa-L1	71.52	0.19	1572985	1464
GCA_030588935.1	191	Nanobdellota	Nanobdellia	Pacearchaeales	GW2011-AR1	JAFCCB01	82.55	1.32	959401	1364
GCA_902782595.1	191	Methanobacteriota	Methanobacteria	Methanobacteriales	Methanobacteriaceae	Methanocatella	82.86	0.76	1858520	1848
GCA_040877295.1	191	Thermoproteota	Nitrososphaeria	Nitrososphaerales	Nitrosopumilaceae	VHBM01	86.2	0.37	1290814	1612
GCA_030750665.1	192	Thermoplasmatota	Poseidoniia	Poseidoniales	Poseidoniaceae	UBA226	71.38	0.29	1699714	1457
GCA_018818285.1	192	Nanobdellota	Nanobdellia	Pacearchaeales	GW2011-AR1	JAHIRT01	82.44	1.21	716233	901
GCA_902783085.1	192	Methanobacteriota	Methanobacteria	Methanobacteriales	Methanobacteriaceae	Methanocatella	82.7	0.59	1548567	1574
GCA_028345575.1	192	Thermoproteota	Nitrososphaeria	Nitrososphaerales	Nitrosopumilaceae	Nitrosopelagicus	86.14	0.0	1098022	1337
GCA_003602665.1	193	Thermoplasmatota	Poseidoniia	Poseidoniales	Poseidoniaceae	MGIIa-L2	70.89	1.8	1764012	1557
GCA_027341315.1	193	Nanobdellota	Nanobdellia	Pacearchaeales	GW2011-AR1	GW2011-AR1	82.41	1.34	582626	841
GCA_902772665.1	193	Methanobacteriota	Methanobacteria	Methanobacteriales	Methanobacteriaceae	Methanocatella	82.63	3.37	2232988	2387
GCA_041483595.1	193	Thermoproteota	Nitrososphaeria	Nitrososphaerales	Nitrosopumilaceae	Nitrosotalea	85.74	2.54	1982503	2667
GCA_002722695.1	194	Thermoplasmatota	Poseidoniia	Poseidoniales	Poseidoniaceae	Poseidonia	70.7	0.57	1628016	1354
GCA_038044965.1	194	Nanobdellota	Nanobdellia	Pacearchaeales	GW2011-AR1	MNVX01	82.36	0.81	706650	945
GCA_023430285.1	194	Methanobacteriota	Methanobacteria	Methanobacteriales	Methanobacteriaceae	Methanobacterium_B	82.57	0.98	2139012	2208
GCA_018647405.1	194	Thermoproteota	Nitrososphaeria	Nitrososphaerales	Nitrosopumilaceae	Nitrosopelagicus	85.67	3.52	1097078	1389
GCA_964230915.1	195	Thermoplasmatota	Poseidoniia	Poseidoniales	Poseidoniaceae	UBA226	70.21	1.43	1724998	1572
GCA_018817405.1	195	Nanobdellota	Nanobdellia	Pacearchaeales	GW2011-AR1	UBA73	82.35	1.67	1069192	1328
GCA_024409165.1	195	Methanobacteriota	Methanobacteria	Methanobacteriales	Methanobacteriaceae	Methanobrevibacter	82.12	0.14	1658054	1676
GCA_028345195.1	195	Thermoproteota	Nitrososphaeria	Nitrososphaerales	Nitrosopumilaceae	Nitrosopelagicus	85.54	0.09	1116625	1359
GCA_902625885.1	196	Thermoplasmatota	Poseidoniia	Poseidoniales	Poseidoniaceae	Poseidonia	70.08	0.12	1664726	1417
GCA_016186365.1	196	Nanobdellota	Nanobdellia	Pacearchaeales	GW2011-AR1	JACPLT01	82.34	1.5	966629	1176
GCA_904501935.1	196	Methanobacteriota	Methanobacteria	Methanobacteriales	Methanobacteriaceae	Methanocatella	81.84	0.71	1533135	1707
GCA_016871975.1	196	Thermoproteota	Nitrososphaeria	Nitrososphaerales	Nitrosopumilaceae	VHBM01	85.53	2.29	1087139	1379
GCA_002694585.1	197	Thermoplasmatota	Poseidoniia	Poseidoniales	Poseidoniaceae	MGIIa-L3	69.99	0.18	1714270	1492
GCA_023137045.1	197	Nanobdellota	Nanobdellia	Pacearchaeales	GW2011-AR1	JAGLQB01	82.33	2.3	625520	742
GCA_017459665.1	197	Methanobacteriota	Methanobacteria	Methanobacteriales	Methanobacteriaceae	Methanocatella	81.23	1.2	1821508	2012
GCA_029860565.1	197	Thermoproteota	Nitrososphaeria	Nitrososphaerales	Nitrosopumilaceae	Nitrosopumilus	85.51	2.05	1478470	1957
GCA_902520595.1	198	Thermoplasmatota	Poseidoniia	Poseidoniales	Poseidoniaceae	MGIIa-L1	69.64	0.31	1421996	1226
GCA_002763035.1	198	Nanobdellota	Nanobdellia	Pacearchaeales	GW2011-AR1	PFDC01	82.24	1.14	850778	1085
GCA_030539795.1	198	Methanobacteriota	Methanobacteria	Methanobacteriales	Methanobacteriaceae	Methanocatella	80.51	0.82	1661094	1807
GCA_025699075.1	198	Thermoproteota	Nitrososphaeria	Nitrososphaerales	Nitrosopumilaceae	Nitrosopumilus	85.42	0.21	1436504	1780
GCA_003602635.1	199	Thermoplasmatota	Poseidoniia	Poseidoniales	Poseidoniaceae	MGIIa-L3	69.12	0.87	1697761	1563
GCA_018816335.1	199	Nanobdellota	Nanobdellia	Pacearchaeales	GW2011-AR1	JAHIVP01	82.05	0.72	899882	1166
GCA_013330915.1	199	Methanobacteriota	Methanobacteria	Methanobacteriales	Methanobacteriaceae	Methanosphaera	80.21	0.0	1347820	1385
GCA_022758935.1	199	Thermoproteota	Nitrososphaeria	Nitrososphaerales	Nitrosopumilaceae	Nitrosarchaeum	85.36	4.04	1607740	1969
GCA_002503395.1	200	Thermoplasmatota	Poseidoniia	Poseidoniales	Poseidoniaceae	UBA60	68.98	0.56	1983983	1823
GCA_038121585.1	200	Nanobdellota	Nanobdellia	Pacearchaeales	GW2011-AR1	JAYONY01	81.99	1.39	974144	1103
GCA_002509665.1	200	Methanobacteriota	Methanobacteria	Methanobacteriales	Methanobacteriaceae	Methanobacterium_D	80.1	2.58	2938107	3297
GCA_035255545.1	200	Thermoproteota	Nitrososphaeria	Nitrososphaerales	Nitrosopumilaceae	Nitrosotalea	85.24	1.55	1506986	1934
GCA_022452125.1	201	Thermoplasmatota	Poseidoniia	Poseidoniales	Poseidoniaceae	MGIIa-K1	68.4	2.05	1593035	1495
GCA_030679115.1	201	Nanobdellota	Nanobdellia	Pacearchaeales	GW2011-AR1	JAUXTS01	81.96	0.37	698930	933
GCA_900313645.1	201	Methanobacteriota	Methanobacteria	Methanobacteriales	Methanobacteriaceae	Methanocatella	77.91	4.55	1424219	1602
GCA_025449485.1	201	Thermoproteota	Nitrososphaeria	Nitrososphaerales	Nitrosopumilaceae	Nitrosotalea	85.2	0.3	1491779	1837
GCA_016779705.1	202	Thermoplasmatota	Poseidoniia	Poseidoniales	Poseidoniaceae	Poseidonia	67.94	0.02	1513636	1357
GCA_018817905.1	202	Nanobdellota	Nanobdellia	Pacearchaeales	GW2011-AR1	UBA73	81.83	1.92	1192100	1459
GCA_028682985.1	202	Methanobacteriota	Methanobacteria	Methanobacteriales	Methanobacteriaceae	Methanobacterium_A	77.57	2.33	1575020	1869
GCA_001627235.1	202	Thermoproteota	Nitrososphaeria	Nitrososphaerales	Nitrosopumilaceae	Nitrosopelagicus	85.19	0.13	1009131	1346
GCA_002171315.2	203	Thermoplasmatota	Poseidoniia	Poseidoniales	Poseidoniaceae	MGIIa-L2	67.37	2.2	1475937	1288
GCA_038045405.1	203	Nanobdellota	Nanobdellia	Pacearchaeales	GW2011-AR1	ASMP01	81.63	0.31	567365	723
GCA_900321995.1	203	Methanobacteriota	Methanobacteria	Methanobacteriales	Methanobacteriaceae	Methanobrevibacter	77.54	3.23	1898193	1746
GCA_016838795.1	203	Thermoproteota	Nitrososphaeria	Nitrososphaerales	Nitrosopumilaceae	DRGT01	85.07	0.68	1196682	1684
GCA_905182635.1	204	Thermoplasmatota	Poseidoniia	Poseidoniales	Poseidoniaceae	MGIIa-L1	66.54	0.85	1326307	1113
GCA_023142835.1	204	Nanobdellota	Nanobdellia	Pacearchaeales	GW2011-AR1	JAGVXH01	81.61	0.4	802536	926
GCA_021442885.1	204	Methanobacteriota	Methanobacteria	Methanobacteriales	Methanobacteriaceae	Methanocatella	77.48	0.1	1566184	1525
GCA_003724325.1	204	Thermoproteota	Nitrososphaeria	Nitrososphaerales	Nitrosopumilaceae	Nitrosopumilus	85.0	0.02	1171110	1470
GCA_028353405.1	205	Thermoplasmatota	Poseidoniia	Poseidoniales	Poseidoniaceae	MGIIa-L1	65.9	0.3	1379530	1179
GCA_038045165.1	205	Nanobdellota	Nanobdellia	Pacearchaeales	GW2011-AR1	CAIQQL01	81.58	1.14	1039983	1266
GCA_003266065.1	205	Methanobacteriota	Methanobacteria	Methanobacteriales	Methanobacteriaceae	Methanosphaera	77.15	3.27	2057527	2006
GCA_035456305.1	205	Thermoproteota	Nitrososphaeria	Nitrososphaerales	Nitrosopumilaceae	UBA8516	84.97	0.89	1161901	1504
GCA_013911465.1	206	Thermoplasmatota	Poseidoniia	Poseidoniales	Poseidoniaceae	MGIIa-L2	65.47	0.05	1423440	1234
GCA_018303755.1	206	Nanobdellota	Nanobdellia	Pacearchaeales	GW2011-AR1	JAGVXO01	81.56	0.25	769330	947
GCA_003164415.1	206	Methanobacteriota	Methanobacteria	Methanobacteriales	Methanobacteriaceae	Methanobacterium_B	76.66	1.27	2326746	2504
GCA_016276965.1	206	Thermoproteota	Nitrososphaeria	Nitrososphaerales	Nitrosopumilaceae	CSP1-1	84.96	3.93	1173997	1449
GCA_028356125.1	207	Thermoplasmatota	Poseidoniia	Poseidoniales	Poseidoniaceae	MGIIa-K1	65.23	0.18	1551582	1338
GCA_040900515.1	207	Nanobdellota	Nanobdellia	Pacearchaeales	GW2011-AR1	JAGVNG01	81.55	0.43	553399	833
GCA_035319465.1	207	Methanobacteriota	Methanobacteria	Methanobacteriales	Methanobacteriaceae	Methanobacterium_D	75.66	4.2	2029341	2464
GCA_013288545.1	207	Thermoproteota	Nitrososphaeria	Nitrososphaerales	Nitrosopumilaceae	Nitrosotalea	84.92	0.09	1385677	1641
GCA_002506025.1	208	Thermoplasmatota	Poseidoniia	Poseidoniales	Poseidoniaceae	MGIIa-L1	65.17	0.23	1428573	1297
GCA_024654505.1	208	Nanobdellota	Nanobdellia	Pacearchaeales	GW2011-AR1	JAGVXH01	81.54	0.13	620782	722
GCA_024413395.1	208	Methanobacteriota	Methanobacteria	Methanobacteriales	Methanobacteriaceae	Methanocatella	75.25	1.02	1352838	1684
GCA_025451075.1	208	Thermoproteota	Nitrososphaeria	Nitrososphaerales	Nitrosopumilaceae	Nitrosotalea	84.79	1.01	1658330	1967
GCA_019651595.1	209	Thermoplasmatota	Poseidoniia	Poseidoniales	Poseidoniaceae	Poseidonia	64.43	0.88	1787974	1776
GCA_016196285.1	209	Nanobdellota	Nanobdellia	Pacearchaeales	GW2011-AR1	SICV01	81.41	1.44	863944	1075
GCA_030539935.1	209	Methanobacteriota	Methanobacteria	Methanobacteriales	Methanobacteriaceae	Methanobrevibacter	75.07	0.01	1668646	1505
GCA_028867735.1	209	Thermoproteota	Nitrososphaeria	Nitrososphaerales	Nitrosopumilaceae	Nitrosotalea	84.68	0.21	1649391	2169
GCA_902563095.1	210	Thermoplasmatota	Poseidoniia	Poseidoniales	Poseidoniaceae	MGIIa-K1	63.25	0.14	1378122	1229
GCA_034722215.1	210	Nanobdellota	Nanobdellia	Pacearchaeales	GW2011-AR1	GW2011-AR1	81.31	0.92	525295	669
GCA_902777885.1	210	Methanobacteriota	Methanobacteria	Methanobacteriales	Methanobacteriaceae	Methanocatella	75.03	0.07	1766933	2041
GCA_003724275.1	210	Thermoproteota	Nitrososphaeria	Nitrososphaerales	Nitrosopumilaceae	JAHRAL01	84.54	0.0	1370066	1540
GCA_905182185.1	211	Thermoplasmatota	Poseidoniia	Poseidoniales	Poseidoniaceae	MGIIa-L1	63.06	0.51	1545575	1462
GCA_903828655.1	211	Nanobdellota	Nanobdellia	Pacearchaeales	GW2011-AR1	CAIKMX01	81.16	0.87	988310	1167
GCA_030266405.1	211	Methanobacteriota	Methanobacteria	Methanobacteriales	Methanobacteriaceae	JAHKLT01	74.26	0.0	1227336	1247
GCA_013140415.1	211	Thermoproteota	Nitrososphaeria	Nitrososphaerales	Nitrosopumilaceae	Nitrosarchaeum	84.54	0.92	1213441	1549
GCA_036158745.1	212	Thermoplasmatota	Poseidoniia	Poseidoniales	Poseidoniaceae	MGIIa-L2	62.22	0.57	1449453	1466
GCA_017609285.1	212	Nanobdellota	Nanobdellia	Pacearchaeales	GW2011-AR1	JAFCEE01	81.11	1.45	588544	701
GCA_905235495.1	212	Methanobacteriota	Methanobacteria	Methanobacteriales	Methanobacteriaceae	Methanobrevibacter	73.22	2.28	1602166	1716
GCA_003724285.1	212	Thermoproteota	Nitrososphaeria	Nitrososphaerales	Nitrosopumilaceae	Nitrosopumilus	84.13	0.09	1176375	1436
GCA_949373075.1	213	Thermoplasmatota	Poseidoniia	Poseidoniales	Poseidoniaceae	MGIIa-K1	60.43	0.54	1624182	1501
GCA_001786395.1	213	Nanobdellota	Nanobdellia	Pacearchaeales	GW2011-AR1	MFWN01	81.08	2.79	1591688	1936
GCA_016291275.1	213	Methanobacteriota	Methanobacteria	Methanobacteriales	Methanobacteriaceae	Methanobrevibacter	72.99	1.69	1475662	1509
GCA_016844685.1	213	Thermoproteota	Nitrososphaeria	Nitrososphaerales	Nitrosopumilaceae	Nitrosotenuis	83.96	2.73	1333362	1684
GCA_013330765.1	214	Thermoplasmatota	Poseidoniia	Poseidoniales	Poseidoniaceae	MGIIa-L3	60.32	0.42	1545626	1561
GCA_038044345.1	214	Nanobdellota	Nanobdellia	Pacearchaeales	GW2011-AR1	JBBTAG01	80.95	1.2	766109	999
GCA_946537725.1	214	Methanobacteriota	Methanobacteria	Methanobacteriales	Methanobacteriaceae	Methanosphaera	72.74	0.0	1200837	1150
GCA_002788515.1	214	Thermoproteota	Nitrososphaeria	Nitrososphaerales	Nitrosopumilaceae	Nitrosopumilus	82.84	0.4	1374487	1768
GCA_002707335.2	215	Thermoplasmatota	Poseidoniia	Poseidoniales	Poseidoniaceae	MGIIa-K1	60.11	0.67	1298303	1096
GCA_002731115.1	215	Nanobdellota	Nanobdellia	Pacearchaeales	GW2011-AR1	NP1466	80.5	0.82	484604	561
GCA_036803605.1	215	Methanobacteriota	Methanobacteria	Methanobacteriales	Methanobacteriaceae	Methanobacterium_B	71.61	0.36	1230558	1280
GCA_029863665.1	215	Thermoproteota	Nitrososphaeria	Nitrososphaerales	Nitrosopumilaceae	Nitrosopumilus	82.77	2.7	1512799	2061
GCA_902605365.1	216	Thermoplasmatota	Poseidoniia	Poseidoniales	Poseidoniaceae	MGIIa-K1	59.47	0.07	1445045	1258
GCA_018303845.1	216	Nanobdellota	Nanobdellia	Pacearchaeales	GW2011-AR1	JAGVXH01	80.48	0.77	1091559	1239
GCA_003266075.1	216	Methanobacteriota	Methanobacteria	Methanobacteriales	Methanobacteriaceae	Methanosphaera	70.81	0.83	2004016	1965
GCA_032125915.1	216	Thermoproteota	Nitrososphaeria	Nitrososphaerales	Nitrosopumilaceae	Nitrosomaritimum	82.36	0.03	1312562	1773
GCA_036021875.1	217	Thermoplasmatota	Poseidoniia	Poseidoniales	Poseidoniaceae	MGIIa-L1	59.17	1.49	1342233	1240
GCA_041305305.1	217	Nanobdellota	Nanobdellia	Pacearchaeales	GW2011-AR1	JAOAJC01	80.42	0.47	586165	779
GCA_009776495.1	217	Methanobacteriota	Methanobacteria	Methanobacteriales	Methanobacteriaceae	Methanorudis	68.67	2.88	1527987	1408
GCA_029880665.1	217	Thermoproteota	Nitrososphaeria	Nitrososphaerales	Nitrosopumilaceae	Nitrosopumilus	81.93	0.49	1318480	1744
GCA_002498205.1	218	Thermoplasmatota	Poseidoniia	Poseidoniales	Poseidoniaceae	MGIIa-I	58.62	0.42	1310920	1126
GCA_025453475.1	218	Nanobdellota	Nanobdellia	Pacearchaeales	GW2011-AR1	JAOAJC01	80.29	0.09	550067	715
GCA_017404125.1	218	Methanobacteriota	Methanobacteria	Methanobacteriales	Methanobacteriaceae	Methanobrevibacter	68.43	3.01	1408238	1422
GCA_013043295.1	218	Thermoproteota	Nitrososphaeria	Nitrososphaerales	Nitrosopumilaceae	Nitrosopumilus	81.89	0.42	1167840	1588
GCA_028344335.1	219	Thermoplasmatota	Poseidoniia	Poseidoniales	Poseidoniaceae	UBA226	57.22	0.1	1324600	1107
GCA_022709585.1	219	Nanobdellota	Nanobdellia	Pacearchaeales	GW2011-AR1	JAKLIN01	80.09	0.48	563248	662
GCA_003162655.1	219	Methanobacteriota	Methanobacteria	Methanobacteriales	Methanobacteriaceae	Methanobacterium_B	68.39	0.97	1624289	2123
GCA_013390785.1	219	Thermoproteota	Nitrososphaeria	Nitrososphaerales	Nitrosopumilaceae	Nitrosopelagicus	81.84	0.04	949320	1132
GCA_013330015.1	220	Thermoplasmatota	Poseidoniia	Poseidoniales	Poseidoniaceae	MGIIa-L2	57.1	0.29	1295602	1230
GCA_026395775.1	220	Nanobdellota	Nanobdellia	Pacearchaeales	GW2011-AR1	JAPLYA01	80.01	1.81	936995	1229
GCA_003161815.1	220	Methanobacteriota	Methanobacteria	Methanobacteriales	Methanobacteriaceae	Methanobacterium_A	67.61	0.48	1890673	2317
GCA_023252015.1	220	Thermoproteota	Nitrososphaeria	Nitrososphaerales	Nitrosopumilaceae	Nitrosotenuis	81.06	2.84	1225804	1563
GCA_002506705.1	221	Thermoplasmatota	Poseidoniia	Poseidoniales	Poseidoniaceae	MGIIa-K1	55.27	0.05	1151562	1028
GCA_015520065.1	221	Nanobdellota	Nanobdellia	Pacearchaeales	GW2011-AR1	WAQV01	80.0	0.1	698533	870
GCA_031261945.1	221	Methanobacteriota	Methanobacteria	Methanobacteriales	Methanobacteriaceae	Methanobaculum	67.49	0.0	1145692	1180
GCA_028242535.1	221	Thermoproteota	Nitrososphaeria	Nitrososphaerales	Nitrosopumilaceae	Nitrosopelagicus	81.03	0.04	1007191	1239
GCA_034402455.1	222	Thermoplasmatota	Poseidoniia	Poseidoniales	Poseidoniaceae	Poseidonia	55.0	0.43	1099702	1107
GCA_009992215.1	222	Nanobdellota	Nanobdellia	Pacearchaeales	GW2011-AR1	GW2011-AR1	79.9	0.66	889227	1098
GCA_002496065.1	222	Methanobacteriota	Methanobacteria	Methanobacteriales	Methanobacteriaceae	Methanocatella	66.4	1.79	1300941	1709
GCA_030637455.1	222	Thermoproteota	Nitrososphaeria	Nitrososphaerales	Nitrosopumilaceae	Nitrosopumilus	80.41	0.27	1272010	1776
GCA_963583355.1	223	Thermoplasmatota	Poseidoniia	Poseidoniales	Poseidoniaceae	MGIIa-K1	54.77	0.17	1247174	1253
GCA_018901375.1	223	Nanobdellota	Nanobdellia	Pacearchaeales	GW2011-AR1	JAGVXH01	79.89	0.07	818707	1158
GCA_009784145.1	223	Methanobacteriota	Methanobacteria	Methanobacteriales	Methanobacteriaceae	Methanobinarius	64.96	0.08	1507060	1343
GCA_001917995.1	223	Thermoproteota	Nitrososphaeria	Nitrososphaerales	Nitrosopumilaceae	Nitrosotalea	80.16	0.35	1380582	1645
GCA_018901675.1	224	Nanobdellota	Nanobdellia	Pacearchaeales	GW2011-AR1	JAHIEH01	79.78	0.43	824126	1030
GCA_002067565.1	224	Methanobacteriota	Methanobacteria	Methanobacteriales	Methanobacteriaceae	Methanobacterium_A	64.59	1.32	1801212	2083
GCA_033722055.1	224	Thermoproteota	Nitrososphaeria	Nitrososphaerales	Nitrosopumilaceae	JAWVZS01	80.07	2.02	1268925	1797
GCA_003694055.1	225	Nanobdellota	Nanobdellia	Pacearchaeales	GW2011-AR1	J144	79.65	1.03	994947	1162
GCA_024409185.1	225	Methanobacteriota	Methanobacteria	Methanobacteriales	Methanobacteriaceae	Methanobrevibacter	64.2	0.06	1221534	1256
GCA_028867395.1	225	Thermoproteota	Nitrososphaeria	Nitrososphaerales	Nitrosopumilaceae	Nitrosotalea	79.99	1.71	1667717	2209
GCA_018304165.1	226	Nanobdellota	Nanobdellia	Pacearchaeales	GW2011-AR1	JAGVWS01	79.23	1.45	866627	1046
GCA_031284925.1	226	Methanobacteriota	Methanobacteria	Methanobacteriales	Methanobacteriaceae	Methanovirga	63.6	0.0	1166641	1231
GCA_035252445.1	226	Thermoproteota	Nitrososphaeria	Nitrososphaerales	Nitrosopumilaceae	Nitrosotalea	79.96	4.53	1489024	1882
GCA_038044925.1	227	Nanobdellota	Nanobdellia	Pacearchaeales	GW2011-AR1	JBBSZC01	78.93	0.78	615462	719
GCA_946611495.1	227	Methanobacteriota	Methanobacteria	Methanobacteriales	Methanobacteriaceae	Methanobrevibacter	62.84	1.49	1593227	1323
GCA_028867235.1	227	Thermoproteota	Nitrososphaeria	Nitrososphaerales	Nitrosopumilaceae	Nitrosotalea	79.82	0.49	1331761	1763
GCA_030699005.1	228	Nanobdellota	Nanobdellia	Pacearchaeales	GW2011-AR1	GW2011-AR1	78.92	0.28	569590	759
GCA_020027255.1	228	Thermoproteota	Nitrososphaeria	Nitrososphaerales	Nitrosopumilaceae	WTHC01	79.76	0.24	752422	928
GCA_902385635.1	229	Nanobdellota	Nanobdellia	Pacearchaeales	GW2011-AR1	CABMGN01	78.61	0.14	594267	726
GCA_041477675.1	229	Thermoproteota	Nitrososphaeria	Nitrososphaerales	Nitrosopumilaceae	UBA8516	79.64	0.47	1118198	1436
GCA_038044305.1	230	Nanobdellota	Nanobdellia	Pacearchaeales	GW2011-AR1	SICV01	78.54	0.38	658329	873
GCA_016200035.1	230	Thermoproteota	Nitrososphaeria	Nitrososphaerales	Nitrosopumilaceae	JACQFM01	79.53	0.42	1201250	1568
GCA_023132255.1	231	Nanobdellota	Nanobdellia	Pacearchaeales	GW2011-AR1	JAGLYK01	78.17	2.0	625210	793
GCA_037439825.1	231	Thermoproteota	Nitrososphaeria	Nitrososphaerales	Nitrosopumilaceae	Nitrosotenuis	79.09	0.76	1356207	1800
GCA_018816625.1	232	Nanobdellota	Nanobdellia	Pacearchaeales	GW2011-AR1	JAHIVR01	78.05	1.36	1134961	1732
GCA_023251795.1	232	Thermoproteota	Nitrososphaeria	Nitrososphaerales	Nitrosopumilaceae	UBA8516	79.06	4.69	1708918	2373
GCA_038045105.1	233	Nanobdellota	Nanobdellia	Pacearchaeales	GW2011-AR1	CABMGE01	77.96	0.24	983931	1212
GCA_028439805.1	233	Thermoproteota	Nitrososphaeria	Nitrososphaerales	Nitrosopumilaceae	Nitrosopumilus	78.88	2.98	1115953	1451
GCA_035530435.1	234	Nanobdellota	Nanobdellia	Pacearchaeales	GW2011-AR1	ASMP01	77.91	1.64	607868	871
GCF_011319475.1	234	Thermoproteota	Nitrososphaeria	Nitrososphaerales	Nitrosopumilaceae	Nitrosotalea	78.76	1.0	1824543	2693
GCA_030593225.1	235	Nanobdellota	Nanobdellia	Pacearchaeales	GW2011-AR1	JAUVHP01	77.88	1.49	951056	1409
GCA_005240025.1	235	Thermoproteota	Nitrososphaeria	Nitrososphaerales	Nitrosopumilaceae	Nitrosotenuis	78.73	0.26	1350824	1755
GCA_016176815.1	236	Nanobdellota	Nanobdellia	Pacearchaeales	GW2011-AR1	JWKY01	77.77	0.26	533085	735
GCA_029862085.1	236	Thermoproteota	Nitrososphaeria	Nitrososphaerales	Nitrosopumilaceae	Nitrosomaritimum	78.62	0.03	1297951	1553
GCA_018829425.1	237	Nanobdellota	Nanobdellia	Pacearchaeales	GW2011-AR1	ASMP01	77.72	0.51	545105	781
GCA_029941825.1	237	Thermoproteota	Nitrososphaeria	Nitrososphaerales	Nitrosopumilaceae	Nitrosopumilus	78.29	0.81	974328	1292
GCA_038044205.1	238	Nanobdellota	Nanobdellia	Pacearchaeales	GW2011-AR1	MWBV01	77.71	2.04	1002338	1498
GCA_016234975.1	238	Thermoproteota	Nitrososphaeria	Nitrososphaerales	Nitrosopumilaceae	Nitrosarchaeum	78.28	0.27	1218340	1659
GCA_038045145.1	239	Nanobdellota	Nanobdellia	Pacearchaeales	GW2011-AR1	JBBSYQ01	77.48	0.1	554999	768
GCA_031296345.1	239	Thermoproteota	Nitrososphaeria	Nitrososphaerales	Nitrosopumilaceae	Nitrosotalea	78.27	0.08	1241237	1652
GCA_002688875.1	240	Nanobdellota	Nanobdellia	Pacearchaeales	GW2011-AR1	NZCQ01	76.82	3.05	1208689	1566
GCA_028351415.1	240	Thermoproteota	Nitrososphaeria	Nitrososphaerales	Nitrosopumilaceae	Nitrosopumilus	78.18	0.43	1066109	1333
GCA_018825865.1	241	Nanobdellota	Nanobdellia	Pacearchaeales	GW2011-AR1	JAHKAF01	76.82	0.14	590629	798
GCA_033853455.1	241	Thermoproteota	Nitrososphaeria	Nitrososphaerales	Nitrosopumilaceae	Nitrosotalea	78.1	1.69	1087469	1393
GCA_000405225.1	242	Nanobdellota	Nanobdellia	Pacearchaeales	GW2011-AR1	ASMP01	76.48	0.44	547038	674
GCA_013330055.1	242	Thermoproteota	Nitrososphaeria	Nitrososphaerales	Nitrosopumilaceae	UBA8516	77.6	1.5	1184172	1667
GCA_038045485.1	243	Nanobdellota	Nanobdellia	Pacearchaeales	GW2011-AR1	CAIPOI01	76.32	1.16	723900	872
GCA_022565935.1	243	Thermoproteota	Nitrososphaeria	Nitrososphaerales	Nitrosopumilaceae	Nitrosopumilus	77.52	1.35	1125635	1495
GCA_002254395.1	244	Nanobdellota	Nanobdellia	Pacearchaeales	GW2011-AR1	EX4484-71	76.08	0.11	375963	487
GCA_013287585.1	244	Thermoproteota	Nitrososphaeria	Nitrososphaerales	Nitrosopumilaceae	TA-20	77.29	0.23	1354549	1595
GCA_017608405.1	245	Nanobdellota	Nanobdellia	Pacearchaeales	GW2011-AR1	JAFCFX01	75.85	0.3	535527	692
GCA_016844465.1	245	Thermoproteota	Nitrososphaeria	Nitrososphaerales	Nitrosopumilaceae	Nitrosarchaeum	77.13	2.77	1557084	1978
GCA_023140635.1	246	Nanobdellota	Nanobdellia	Pacearchaeales	GW2011-AR1	JAGVXH01	75.85	0.32	624484	728
GCA_014384145.1	246	Thermoproteota	Nitrososphaeria	Nitrososphaerales	Nitrosopumilaceae	Nitrosopelagicus	76.89	0.24	956613	1239
GCA_014728745.1	247	Nanobdellota	Nanobdellia	Pacearchaeales	GW2011-AR1	WJLC01	75.69	0.22	606510	723
GCA_028867615.1	247	Thermoproteota	Nitrososphaeria	Nitrososphaerales	Nitrosopumilaceae	Nitrosotalea	76.75	0.44	1603791	2041
GCA_038044285.1	248	Nanobdellota	Nanobdellia	Pacearchaeales	GW2011-AR1	SICU01	75.63	0.74	720860	997
GCA_029861785.1	248	Thermoproteota	Nitrososphaeria	Nitrososphaerales	Nitrosopumilaceae	Nitrosomaritimum	76.64	2.41	1389855	1696
GCA_038045865.1	249	Nanobdellota	Nanobdellia	Pacearchaeales	GW2011-AR1	JBBSXH01	75.54	2.15	986349	1365
GCA_036984365.1	249	Thermoproteota	Nitrososphaeria	Nitrososphaerales	Nitrosopumilaceae	Nitrosarchaeum	76.31	1.0	1327755	1627
GCA_018897135.1	250	Nanobdellota	Nanobdellia	Pacearchaeales	GW2011-AR1	JAHILJ01	75.5	1.15	546053	756
GCA_018263495.1	250	Thermoproteota	Nitrososphaeria	Nitrososphaerales	Nitrosopumilaceae	Nitrosopelagicus	75.81	0.23	824127	1078
GCA_002689985.1	251	Nanobdellota	Nanobdellia	Pacearchaeales	GW2011-AR1	NP1466	75.49	0.57	433818	572
GCA_018657375.1	251	Thermoproteota	Nitrososphaeria	Nitrososphaerales	Nitrosopumilaceae	Nitrosopumilus	75.44	2.0	959454	1331
GCA_030640565.1	252	Nanobdellota	Nanobdellia	Pacearchaeales	GW2011-AR1	ASMP01	75.47	1.2	663620	885
GCF_030518575.1	252	Thermoproteota	Nitrososphaeria	Nitrososphaerales	Nitrosopumilaceae	Nitrosotenuis	75.4	0.79	1767303	2765
GCA_018830845.1	253	Nanobdellota	Nanobdellia	Pacearchaeales	GW2011-AR1	GW2011-AR1	75.46	0.19	564663	775
GCA_036556885.1	253	Thermoproteota	Nitrososphaeria	Nitrososphaerales	Nitrosopumilaceae	CSP1-1	75.0	0.76	1100113	1464
GCA_023133375.1	254	Nanobdellota	Nanobdellia	Pacearchaeales	GW2011-AR1	JAGLWP01	75.12	0.25	447606	602
GCA_028343215.1	254	Thermoproteota	Nitrososphaeria	Nitrososphaerales	Nitrosopumilaceae	Nitrosopelagicus	74.72	0.06	1059505	1267
GCA_016234025.1	255	Nanobdellota	Nanobdellia	Pacearchaeales	GW2011-AR1	JACQLL01	75.03	0.13	663516	842
GCA_036278495.1	255	Thermoproteota	Nitrososphaeria	Nitrososphaerales	Nitrosopumilaceae	Nitrosotalea	74.58	3.0	1336707	1630
GCA_030638105.1	256	Nanobdellota	Nanobdellia	Pacearchaeales	GW2011-AR1	DAOWFF01	75.02	0.47	441662	660
GCA_902590655.1	256	Thermoproteota	Nitrososphaeria	Nitrososphaerales	Nitrosopumilaceae	Nitrosopelagicus	73.98	0.16	910982	1085
GCA_018304325.1	257	Nanobdellota	Nanobdellia	Pacearchaeales	GW2011-AR1	MNVX01	74.79	0.26	663424	915
GCA_016176745.1	257	Thermoproteota	Nitrososphaeria	Nitrososphaerales	Nitrosopumilaceae	VHBM01	73.82	1.27	1121686	1563
GCA_000806015.1	258	Nanobdellota	Nanobdellia	Pacearchaeales	GW2011-AR1	JWKY01	74.52	0.56	678285	858
GCA_037386265.1	258	Thermoproteota	Nitrososphaeria	Nitrososphaerales	Nitrosopumilaceae	Nitrosomaritimum	73.74	1.95	1344813	1904
GCA_017609695.1	259	Nanobdellota	Nanobdellia	Pacearchaeales	GW2011-AR1	JAFCDM01	74.42	2.35	827770	1201
GCA_905612485.1	259	Thermoproteota	Nitrososphaeria	Nitrososphaerales	Nitrosopumilaceae	Nitrosopumilus	73.63	0.01	948350	1219
GCA_041305285.1	260	Nanobdellota	Nanobdellia	Pacearchaeales	GW2011-AR1	WJLC01	74.11	0.19	502318	666
GCA_963920015.1	260	Thermoproteota	Nitrososphaeria	Nitrososphaerales	Nitrosopumilaceae	CAWTZF01	73.54	0.0	960883	1161
GCA_004195435.1	261	Nanobdellota	Nanobdellia	Pacearchaeales	GW2011-AR1	PSPM01	74.0	0.25	417602	531
GCA_028439825.1	261	Thermoproteota	Nitrososphaeria	Nitrososphaerales	Nitrosopumilaceae	Nitrosopumilus	73.05	0.03	977759	1235
GCA_002688165.1	262	Nanobdellota	Nanobdellia	Pacearchaeales	GW2011-AR1	ARS1285	73.98	0.67	631855	767
GCA_030611185.1	262	Thermoproteota	Nitrososphaeria	Nitrososphaerales	Nitrosopumilaceae	Nitrosomaritimum	72.89	0.09	1111584	1481
GCA_035290465.1	263	Nanobdellota	Nanobdellia	Pacearchaeales	GW2011-AR1	GW2011-AR13	73.88	3.57	1152854	1417
GCA_007570915.1	263	Thermoproteota	Nitrososphaeria	Nitrososphaerales	Nitrosopumilaceae	JAHRAL01	72.83	0.01	1316178	1552
GCA_020056045.1	264	Nanobdellota	Nanobdellia	Pacearchaeales	GW2011-AR1	CABMGE01	73.48	3.56	1314269	1597
GCA_905612295.1	264	Thermoproteota	Nitrososphaeria	Nitrososphaerales	Nitrosopumilaceae	Nitrosopumilus	72.62	0.54	899665	1143
GCA_040879805.1	265	Nanobdellota	Nanobdellia	Pacearchaeales	GW2011-AR1	ASMP01	73.33	0.23	406325	498
GCA_041634015.1	265	Thermoproteota	Nitrososphaeria	Nitrososphaerales	Nitrosopumilaceae	JBFJMG01	72.31	0.81	1089494	1433
GCA_040879785.1	266	Nanobdellota	Nanobdellia	Pacearchaeales	GW2011-AR1	ASMP01	73.12	0.89	552617	695
GCA_038869175.1	266	Thermoproteota	Nitrososphaeria	Nitrososphaerales	Nitrosopumilaceae	Nitrosotenuis	72.27	0.0	1102318	1416
GCA_035506395.1	267	Nanobdellota	Nanobdellia	Pacearchaeales	GW2011-AR1	JAKLIN01	72.83	1.77	502753	658
GCA_028345965.1	267	Thermoproteota	Nitrososphaeria	Nitrososphaerales	Nitrosopumilaceae	Nitrosopelagicus	72.23	0.11	1004906	1234
GCA_038043645.1	268	Nanobdellota	Nanobdellia	Pacearchaeales	GW2011-AR1	JWKY01	72.46	0.39	625463	824
GCA_041492015.1	268	Thermoproteota	Nitrososphaeria	Nitrososphaerales	Nitrosopumilaceae	TA-20	71.58	3.14	897085	1179
GCA_002686355.1	269	Nanobdellota	Nanobdellia	Pacearchaeales	GW2011-AR1	ARS1301	72.39	0.18	435653	534
GCA_035454985.1	269	Thermoproteota	Nitrososphaeria	Nitrososphaerales	Nitrosopumilaceae	Nitrosotenuis	71.52	0.42	1234852	1637
GCA_038869895.1	270	Nanobdellota	Nanobdellia	Pacearchaeales	GW2011-AR1	PFCU01	72.06	0.85	833019	910
GCA_963919845.1	270	Thermoproteota	Nitrososphaeria	Nitrososphaerales	Nitrosopumilaceae	CSP1-1	71.42	0.09	1004026	1307
GCA_017610405.1	271	Nanobdellota	Nanobdellia	Pacearchaeales	GW2011-AR1	ASMP01	71.98	0.09	388048	483
GCA_022545805.1	271	Thermoproteota	Nitrososphaeria	Nitrososphaerales	Nitrosopumilaceae	Nitrosotalea	71.06	0.95	1135571	1499
GCA_018816205.1	272	Nanobdellota	Nanobdellia	Pacearchaeales	GW2011-AR1	UBA73	71.97	2.26	1081627	1538
GCA_902514095.1	272	Thermoproteota	Nitrososphaeria	Nitrososphaerales	Nitrosopumilaceae	Nitrosopumilus	71.05	0.29	873113	1104
GCA_034716495.1	273	Nanobdellota	Nanobdellia	Pacearchaeales	GW2011-AR1	JAGVXH01	71.93	0.4	540597	680
GCF_011319465.1	273	Thermoproteota	Nitrososphaeria	Nitrososphaerales	Nitrosopumilaceae	Nitrosotalea	70.86	2.79	1540195	2306
GCA_002688335.1	274	Nanobdellota	Nanobdellia	Pacearchaeales	GW2011-AR1	NZCQ01	71.92	3.08	1043716	1396
GCA_002499525.1	274	Thermoproteota	Nitrososphaeria	Nitrososphaerales	Nitrosopumilaceae	Nitrosotenuis	70.78	0.44	1011469	1251
GCA_017609745.1	275	Nanobdellota	Nanobdellia	Pacearchaeales	GW2011-AR1	JAFCDK01	71.3	1.91	731510	996
GCA_023251295.1	275	Thermoproteota	Nitrososphaeria	Nitrososphaerales	Nitrosopumilaceae	UBA8516	69.21	1.13	952912	1241
GCA_038891475.1	276	Nanobdellota	Nanobdellia	Pacearchaeales	GW2011-AR1	ASMP01	71.17	0.2	810444	907
GCA_007571225.1	276	Thermoproteota	Nitrososphaeria	Nitrososphaerales	Nitrosopumilaceae	Nitrosopumilus	69.14	0.0	1288408	1452
GCA_018303895.1	277	Nanobdellota	Nanobdellia	Pacearchaeales	GW2011-AR1	CABMGN01	70.97	1.65	792390	1067
GCA_008974855.1	277	Thermoproteota	Nitrososphaeria	Nitrososphaerales	Nitrosopumilaceae	CSP1-1	68.88	2.01	1071832	1431
GCA_038044225.1	278	Nanobdellota	Nanobdellia	Pacearchaeales	GW2011-AR1	SICU01	70.83	0.88	708684	1027
GCA_028343435.1	278	Thermoproteota	Nitrososphaeria	Nitrososphaerales	Nitrosopumilaceae	Nitrosopelagicus	66.29	0.22	848647	1038
GCA_003693875.1	279	Nanobdellota	Nanobdellia	Pacearchaeales	GW2011-AR1	JAGVXH01	69.98	0.24	515978	570
GCA_036013185.1	279	Thermoproteota	Nitrososphaeria	Nitrososphaerales	Nitrosopumilaceae	Nitrosopumilus	66.18	2.97	859210	1212
GCA_016181905.1	280	Nanobdellota	Nanobdellia	Pacearchaeales	GW2011-AR1	JACOYM01	69.96	0.33	768557	1033
GCA_028344575.1	280	Thermoproteota	Nitrososphaeria	Nitrososphaerales	Nitrosopumilaceae	Nitrosopelagicus	65.8	0.28	856542	1033
GCA_038044425.1	281	Nanobdellota	Nanobdellia	Pacearchaeales	GW2011-AR1	ASMP01	69.57	0.3	373492	528
GCA_028345095.1	281	Thermoproteota	Nitrososphaeria	Nitrososphaerales	Nitrosopumilaceae	Nitrosopelagicus	65.71	0.17	895247	1054
GCA_030639065.1	282	Nanobdellota	Nanobdellia	Pacearchaeales	GW2011-AR1	JAGVXH01	69.32	0.3	462726	587
GCA_018646225.1	282	Thermoproteota	Nitrososphaeria	Nitrososphaerales	Nitrosopumilaceae	Nitrosopelagicus	65.58	0.0	841700	1135
GCA_017609045.1	283	Nanobdellota	Nanobdellia	Pacearchaeales	GW2011-AR1	JAFCES01	69.2	0.17	422106	562
GCA_902608175.1	283	Thermoproteota	Nitrososphaeria	Nitrososphaerales	Nitrosopumilaceae	Nitrosopelagicus	65.19	0.14	795921	990
GCA_016234065.1	284	Nanobdellota	Nanobdellia	Pacearchaeales	GW2011-AR1	JAGVWT01	68.91	0.5	414960	573
GCA_028344155.1	284	Thermoproteota	Nitrososphaeria	Nitrososphaerales	Nitrosopumilaceae	Nitrosopelagicus	64.86	0.01	863450	1045
GCA_037134055.1	285	Nanobdellota	Nanobdellia	Pacearchaeales	GW2011-AR1	JBAXMY01	68.6	2.48	998394	1317
GCA_902566725.1	285	Thermoproteota	Nitrososphaeria	Nitrososphaerales	Nitrosopumilaceae	Nitrosopelagicus	64.13	0.08	792549	976
GCA_030640395.1	286	Nanobdellota	Nanobdellia	Pacearchaeales	GW2011-AR1	JAGLYK01	68.55	0.17	536269	727
GCA_002698885.1	286	Thermoproteota	Nitrososphaeria	Nitrososphaerales	Nitrosopumilaceae	Nitrosopelagicus	63.73	1.0	746133	910
GCA_038884935.1	287	Nanobdellota	Nanobdellia	Pacearchaeales	GW2011-AR1	JAWAAV01	67.64	0.17	579775	677
GCA_902514275.1	287	Thermoproteota	Nitrososphaeria	Nitrososphaerales	Nitrosopumilaceae	Nitrosopumilus	63.4	0.06	882880	1101
GCA_020724205.1	288	Nanobdellota	Nanobdellia	Pacearchaeales	GW2011-AR1	JACPLR01	67.52	1.58	724590	1083
GCA_022573065.1	288	Thermoproteota	Nitrososphaeria	Nitrososphaerales	Nitrosopumilaceae	CSP1-1	63.2	0.11	940307	1204
GCA_035290605.1	289	Nanobdellota	Nanobdellia	Pacearchaeales	GW2011-AR1	JACOYM01	66.27	1.92	712551	900
GCA_007280465.1	289	Thermoproteota	Nitrososphaeria	Nitrososphaerales	Nitrosopumilaceae	Nitrosotalea	63.18	0.05	916573	1159
GCA_014728565.1	290	Nanobdellota	Nanobdellia	Pacearchaeales	GW2011-AR1	WJLK01	65.69	1.18	1170070	1439
GCA_013390765.1	290	Thermoproteota	Nitrososphaeria	Nitrososphaerales	Nitrosopumilaceae	Nitrosopelagicus	63.05	1.18	884242	1124
GCA_017609915.1	291	Nanobdellota	Nanobdellia	Pacearchaeales	GW2011-AR1	JAFCDM01	64.65	0.36	521319	666
GCA_902606965.1	291	Thermoproteota	Nitrososphaeria	Nitrososphaerales	Nitrosopumilaceae	Nitrosopelagicus	62.72	0.0	732870	900
GCA_038895635.1	292	Nanobdellota	Nanobdellia	Pacearchaeales	GW2011-AR1	JAWAMY01	63.76	2.64	581920	682
GCA_018674605.1	292	Thermoproteota	Nitrososphaeria	Nitrososphaerales	Nitrosopumilaceae	Nitrosopumilus	62.06	0.07	792370	1112
GCA_018304205.1	293	Nanobdellota	Nanobdellia	Pacearchaeales	GW2011-AR1	JAGVWR01	63.45	0.27	677994	884
GCA_033720715.1	293	Thermoproteota	Nitrososphaeria	Nitrososphaerales	Nitrosopumilaceae	Nitrosomaritimum	62.04	0.23	1033332	1351
GCA_002687255.1	294	Nanobdellota	Nanobdellia	Pacearchaeales	GW2011-AR1	ARS50	62.95	0.63	789008	1052
GCA_041609855.1	294	Thermoproteota	Nitrososphaeria	Nitrososphaerales	Nitrosopumilaceae	Nitrosomaritimum	61.65	0.49	935354	1179
GCA_038043805.1	295	Nanobdellota	Nanobdellia	Pacearchaeales	GW2011-AR1	VGKP01	62.72	0.1	684767	847
GCA_021824845.1	295	Thermoproteota	Nitrososphaeria	Nitrososphaerales	Nitrosopumilaceae	Nitrosotenuis	61.28	0.0	966943	1294
GCA_003554465.1	296	Nanobdellota	Nanobdellia	Pacearchaeales	GW2011-AR1	PWGL01	62.07	0.59	860763	1016
GCA_009697485.1	296	Thermoproteota	Nitrososphaeria	Nitrososphaerales	Nitrosopumilaceae	Nitrosarchaeum	61.16	0.47	716049	947
GCA_016784085.1	297	Nanobdellota	Nanobdellia	Pacearchaeales	GW2011-AR1	BS150m-G67	61.58	0.64	421950	556
GCA_002781805.1	297	Thermoproteota	Nitrososphaeria	Nitrososphaerales	Nitrosopumilaceae	Nitrosarchaeum_A	60.98	0.0	1019752	1293
GCA_018221305.1	298	Nanobdellota	Nanobdellia	Pacearchaeales	GW2011-AR1	JAAOYK01	60.69	1.31	1258565	1449
GCA_035549435.1	298	Thermoproteota	Nitrososphaeria	Nitrososphaerales	Nitrosopumilaceae	Nitrosotalea	59.96	0.03	782983	893
GCA_905616385.1	299	Thermoproteota	Nitrososphaeria	Nitrososphaerales	Nitrosopumilaceae	Nitrosopumilus	59.75	0.16	751332	931
GCA_902552015.1	300	Thermoproteota	Nitrososphaeria	Nitrososphaerales	Nitrosopumilaceae	Nitrosopelagicus	58.92	0.22	839885	1047
GCA_938073915.1	301	Thermoproteota	Nitrososphaeria	Nitrososphaerales	Nitrosopumilaceae	Nitrosopumilus	58.79	0.15	751004	1019
GCA_028377625.1	302	Thermoproteota	Nitrososphaeria	Nitrososphaerales	Nitrosopumilaceae	Nitrosopumilus	58.63	0.03	733336	948
GCA_035288445.1	303	Thermoproteota	Nitrososphaeria	Nitrososphaerales	Nitrosopumilaceae	UBA8516	58.35	1.1	887379	1186
GCA_902578515.1	304	Thermoproteota	Nitrososphaeria	Nitrososphaerales	Nitrosopumilaceae	Nitrosopelagicus	57.87	0.26	690691	882
GCA_902511735.1	305	Thermoproteota	Nitrososphaeria	Nitrososphaerales	Nitrosopumilaceae	Nitrosopelagicus	57.39	0.33	757834	958
GCA_035559735.1	306	Thermoproteota	Nitrososphaeria	Nitrososphaerales	Nitrosopumilaceae	Nitrosotenuis	56.62	0.15	852754	983
GCA_028335865.1	307	Thermoproteota	Nitrososphaeria	Nitrososphaerales	Nitrosopumilaceae	Nitrosopumilus	56.11	0.0	726794	934
GCA_036481835.1	308	Thermoproteota	Nitrososphaeria	Nitrososphaerales	Nitrosopumilaceae	CSP1-1	54.68	0.15	699153	929
GCA_028448965.1	309	Thermoproteota	Nitrososphaeria	Nitrososphaerales	Nitrosopumilaceae	Nitrosopumilus	54.27	0.1	652961	818
GCA_023252235.1	310	Thermoproteota	Nitrososphaeria	Nitrososphaerales	Nitrosopumilaceae	Nitrosotalea	54.16	0.06	713357	843
GCA_905612275.1	311	Thermoproteota	Nitrososphaeria	Nitrososphaerales	Nitrosopumilaceae	Nitrosopumilus	53.95	0.03	733366	914
